image,cls_idx,robo_label,syllable,english,confidence,x_center,y_center,width,height
buh_a_t2_d13eed19_jpg.rf.WsvJPYnWDciAaKESNRbQ.jpg,6278,901,buh_a_t2,no translation yet,0.9510,0.4999,0.5003,0.9979,0.9992
buh_a_t4_8b4daeb6_jpg.rf.Y3A2Vor3ohrRVspY67zx.jpg,6280,903,buh_a_t4,no translation yet,0.9815,0.5002,0.5002,0.9981,0.9993
buh_ah_t3_6200db19_jpg.rf.OhWScpbk2u7oKgmJ5l07.jpg,6285,908,buh_ah_t3,no translation yet,0.9305,0.5045,0.4524,0.5940,0.3913
buh_ah_t4_4c34e556_jpg.rf.E3g21pNajt6EaLDFHo29.jpg,6286,909,buh_ah_t4,no translation yet,0.9784,0.5001,0.4997,0.9979,0.9990
buh_aw_t3_a69a0feb_jpg.rf.rHt8D0nKDP3YBtqnUU6W.jpg,6309,932,buh_aw_t3,no translation yet,0.8571,0.4995,0.4995,0.9976,0.9989
buh_aw_t6_383096f4_jpg.rf.r6KKtVfKhsmxtlQxRN4Q.jpg,6312,935,buh_aw_t6,no translation yet,0.9311,0.5001,0.5003,0.9981,0.9990
buh_aw_t6_a601265d_jpg.rf.s85ucaKJ4MgWPIzjlyIx.jpg,6312,935,buh_aw_t6,no translation yet,0.9342,0.5004,0.5003,0.9981,0.9993
buh_ay_t2_72c8006d_jpg.rf.oq8GmY8PeLJnEVBAiY4o.jpg,6302,925,buh_ay_t2,no translation yet,0.7813,0.5013,0.5866,0.4792,0.3364
buh_ay_t4_c566d529_jpg.rf.l5uBlFAronKt1Drka1NM.jpg,6304,927,buh_ay_t4,no translation yet,0.9869,0.5003,0.5000,0.9986,0.9994
buh_ay_t5_9d0f0833_jpg.rf.WgKLnfWKdTy38JFUjGx1.jpg,6305,928,buh_ay_t5,no translation yet,0.9840,0.5000,0.4991,0.9981,0.9976
buh_eh_t5_ba7c3771_jpg.rf.HCFag2htIAQuWuVfy6TF.jpg,6323,946,buh_eh_t5,no translation yet,0.9154,0.5002,0.4998,0.9981,0.9987
buh_eh_t6_878fdef7_jpg.rf.V1RH3WLw9NOYdrrgtTOg.jpg,6324,947,buh_eh_t6,no translation yet,0.8563,0.4994,0.4998,0.9979,0.9975
buh_er_t3_6d0dfa7c_jpg.rf.N1gViFlah3GqhMUZnCRV.jpg,6297,920,buh_er_t3,no translation yet,0.9659,0.5002,0.4999,0.9986,0.9990
buh_medgha_a_t3_a1d72098_jpg.rf.h9AU0mXQHRkEr9O1XlFV.jpg,6333,956,buh_u_t3,no translation yet,0.6508,0.5045,0.6122,0.5185,0.3877
buh_medgha_ah_t2_370a13ec_jpg.rf.Oxlfx8Cf76X0TO07FuOc.jpg,3953,6187,buh_medgha_ah_t2,no translation yet,0.9396,0.5000,0.5000,0.9984,1.0000
buh_medgha_ah_t2_a1fc35a0_jpg.rf.O3YTlaww9I0XqbeBEmXp.jpg,3953,6187,buh_medgha_ah_t2,no translation yet,0.7020,0.5014,0.5311,0.5541,0.5505
buh_medgha_aw_t4_361c0467_jpg.rf.fUjIyLmv0nYdvCpqUSZh.jpg,3979,6213,buh_medgha_aw_t4,no translation yet,0.4886,0.4985,0.5312,0.5788,0.5495
buh_medgha_aw_t6_74140540_jpg.rf.J2ksdyoOumchkFzFvUWD.jpg,3981,6215,buh_medgha_aw_t6,no translation yet,0.5123,0.4992,0.5313,0.5247,0.5499
buh_medgha_ay_t2_9172882e_jpg.rf.ac5Q35Z7vsRXdfMAwl4x.jpg,3971,6205,buh_medgha_ay_t2,no translation yet,0.9201,0.5003,0.4996,0.9981,0.9979
buh_medgha_ay_t4_06cbc156_jpg.rf.OzMZILAsORfDmbvjzio6.jpg,3973,6207,buh_medgha_ay_t4,no translation yet,0.9894,0.5002,0.4997,0.9989,0.9987
buh_medgha_ay_t5_4af2b704_jpg.rf.FASlWPR6kKc89EJp1T1H.jpg,3974,6208,buh_medgha_ay_t5,no translation yet,0.9251,0.5000,0.4999,0.9984,0.9993
buh_medgha_ay_t5_fd53a6f7_jpg.rf.0QBlWuQ37rRzJtSWsQl3.jpg,3974,6208,buh_medgha_ay_t5,no translation yet,0.9115,0.5003,0.4999,0.9990,0.9993
buh_medgha_ee_t1_4b66a736_jpg.rf.SZrfKk8q6Z83f8idWQmA.jpg,3958,6192,buh_medgha_ee_t1,no translation yet,0.6669,0.4986,0.5591,0.3734,0.4934
buh_medgha_eh_t2_6ec43765_jpg.rf.JVOEzUaqkONtltXDJtfI.jpg,3989,6223,buh_medgha_eh_t2,no translation yet,0.6700,0.5015,0.5451,0.4797,0.5218
buh_medgha_eh_t4_14956bd4_jpg.rf.lrro2DAAZiYpLD0y1qlH.jpg,3991,6225,buh_medgha_eh_t4,no translation yet,0.9598,0.5002,0.4994,0.9980,0.9977
buh_medgha_er_t1_566903ad_jpg.rf.Lt9sf83PoX9ZOpxFfSjG.jpg,3964,6198,buh_medgha_er_t1,no translation yet,0.9043,0.5005,0.4998,0.9981,0.9996
buh_medgha_er_t4_1e43743a_jpg.rf.lLAiXAfLfeI63j4EElXn.jpg,3967,6201,buh_medgha_er_t4,no translation yet,0.8034,0.4997,0.4998,0.9979,0.9986
buh_medgha_oh_t1_e788429b_jpg.rf.13K7dyexgkSvuZB2df30.jpg,3982,6216,buh_medgha_oh_t1,no translation yet,0.4454,0.4982,0.5313,0.3725,0.5494
buh_medgha_oh_t5_5f5277f5_jpg.rf.OpO7ptn7G2LpjfRlClyz.jpg,3986,6220,buh_medgha_oh_t5,no translation yet,0.9198,0.5001,0.4997,0.9985,0.9994
buh_medgha_oh_t5_8a5b9aae_jpg.rf.w2YPanABbsX4prKFQmaZ.jpg,3986,6220,buh_medgha_oh_t5,no translation yet,0.9192,0.5002,0.4997,0.9985,0.9984
buh_medgha_oo_t1_b2c544af_jpg.rf.V667qmFofXY2Pa7TzrWm.jpg,3994,6228,buh_medgha_oo_t1,no translation yet,0.9648,0.4998,0.5003,0.9978,0.9991
buh_medgha_oo_t2_259056d9_jpg.rf.UWYZSP3Qr96UzSkCJpCE.jpg,3995,6229,buh_medgha_oo_t2,no translation yet,0.8930,0.5000,0.4997,0.9982,0.9986
buh_medgha_oo_t2_90212603_jpg.rf.x6NrVH12YWuOPEkoyLlb.jpg,3995,6229,buh_medgha_oo_t2,no translation yet,0.8857,0.5001,0.4999,0.9980,0.9995
buh_medgha_oo_t3_19296282_jpg.rf.1YiyxNpXORigq8shX20e.jpg,3996,6230,buh_medgha_oo_t3,no translation yet,0.9610,0.5003,0.4998,0.9985,0.9984
buh_medgha_oo_t5_a6de3b66_jpg.rf.Xw4fAjoOELvOD7YAJyqQ.jpg,3998,6232,buh_medgha_oo_t5,no translation yet,0.7875,0.5004,0.4993,0.9980,0.9978
buh_medla_a_t1_b272ece6_jpg.rf.uKqZ5rpDVGUEhgrVeLzV.jpg,3766,6000,buh_medla_a_t1,no translation yet,0.9457,0.5002,0.4998,0.9984,0.9992
buh_medla_a_t4_98dde287_jpg.rf.V7SZPwE6JYjK42F53K0x.jpg,3769,6003,buh_medla_a_t4,no translation yet,0.8717,0.4998,0.5000,0.9976,0.9990
buh_medla_a_t5_72815e12_jpg.rf.Rlcr6uDU7L8d6M8SG8rl.jpg,3770,6004,buh_medla_a_t5,no translation yet,0.8069,0.5216,0.5342,0.5881,0.5580
buh_medla_a_t6_28cdaa99_jpg.rf.TpAZyyACXLOd8Y31Lkkb.jpg,3771,6005,buh_medla_a_t6,no translation yet,0.9849,0.5000,0.5002,0.9979,0.9994
buh_medla_ah_t2_a7853599_jpg.rf.czQEOW3E4ij0V1jMtVPt.jpg,3773,6007,buh_medla_ah_t2,no translation yet,0.8759,0.5002,0.4997,0.9987,0.9990
buh_medla_ah_t2_d00f973e_jpg.rf.EDpynShDW8EdtdMV38iB.jpg,3773,6007,buh_medla_ah_t2,no translation yet,0.8775,0.5002,0.5001,0.9987,0.9999
buh_medla_ah_t3_4b26620a_jpg.rf.ybzEuQfOqiSd4bttmi4T.jpg,3774,6008,buh_medla_ah_t3,no translation yet,0.9376,0.5001,0.5001,0.9980,0.9992
buh_medla_aw_t2_73348458_jpg.rf.4jySCdlg1Es9xRKdKIcS.jpg,3797,6031,buh_medla_aw_t2,no translation yet,0.9095,0.5001,0.4999,0.9985,0.9998
buh_medla_aw_t2_8d96289b_jpg.rf.ZdgQOtVOheaO2xw5Y3TU.jpg,3797,6031,buh_medla_aw_t2,no translation yet,0.9118,0.5000,0.4998,0.9984,0.9995
buh_medla_aw_t6_a33dccfb_jpg.rf.MBaQYAmBVX0CD64WMpHL.jpg,3801,6035,buh_medla_aw_t6,no translation yet,0.9084,0.4982,0.5347,0.5920,0.5568
buh_medla_aw_t6_b22a4219_jpg.rf.5yAYz9s3dXRAINzN4mUz.jpg,3801,6035,buh_medla_aw_t6,no translation yet,0.9837,0.5004,0.5001,0.9981,0.9991
buh_medla_ay_t2_f0e19397_jpg.rf.mMZnB8fKWGwmMQwWOM49.jpg,3791,6025,buh_medla_ay_t2,no translation yet,0.9216,0.5000,0.5002,0.9983,0.9989
buh_medla_ay_t5_d1590530_jpg.rf.EtVW9nzdyqHEthOB69Op.jpg,3794,6028,buh_medla_ay_t5,no translation yet,0.9738,0.5001,0.5002,0.9984,0.9989
buh_medla_ay_t6_3de68c5f_jpg.rf.eVpDAWong8CCWTtOECDO.jpg,3795,6029,buh_medla_ay_t6,no translation yet,0.9653,0.4999,0.4996,0.9982,0.9987
buh_medla_ee_t5_aed1af89_jpg.rf.ooUHfEarqtI9AN5iB0nY.jpg,3782,6016,buh_medla_ee_t5,no translation yet,0.9524,0.5001,0.4998,0.9988,0.9990
buh_medla_ee_t6_b8bffec6_jpg.rf.w837xGCoKVEFTf0pfkMF.jpg,3783,6017,buh_medla_ee_t6,no translation yet,0.9116,0.5000,0.4996,0.9987,0.9984
buh_medla_eh_t3_02fd5526_jpg.rf.L3JVdGBzhRX4loWNKTWP.jpg,3810,6044,buh_medla_eh_t3,no translation yet,0.9671,0.5001,0.4998,0.9982,0.9995
buh_medla_eh_t5_e3572b73_jpg.rf.e3V2iR9mrhGp4By5KDX7.jpg,3812,6046,buh_medla_eh_t5,no translation yet,0.9796,0.5001,0.4998,0.9988,0.9993
buh_medla_er_t1_53a0a648_jpg.rf.q240IIiP6foDho2klqco.jpg,3784,6018,buh_medla_er_t1,no translation yet,0.5479,0.4969,0.6152,0.5370,0.3949
buh_medla_er_t3_975538ac_jpg.rf.3rXxEqDqxJ3oiWrklvbn.jpg,3786,6020,buh_medla_er_t3,no translation yet,0.7752,0.4998,0.5001,0.9981,0.9993
buh_medla_er_t4_cc547123_jpg.rf.Jjbe1WTC8sPtLyVKJNHM.jpg,3787,6021,buh_medla_er_t4,no translation yet,0.9239,0.5000,0.4997,0.9980,0.9994
buh_medla_er_t6_02742c60_jpg.rf.9koC7Yvs9LR54NTv0N0I.jpg,3789,6023,buh_medla_er_t6,no translation yet,0.9408,0.4998,0.5002,0.9973,0.9993
buh_medla_oh_t3_0da6238c_jpg.rf.0z8MA13hQUeAHtLykAI8.jpg,3804,6038,buh_medla_oh_t3,no translation yet,0.9278,0.4996,0.4996,0.9981,0.9991
buh_medla_oh_t6_ee9a00b7_jpg.rf.JFfM92Dqtnd1VSGc6fgg.jpg,3807,6041,buh_medla_oh_t6,no translation yet,0.8931,0.5002,0.5002,0.9980,0.9980
buh_medla_oo_t1_68a38221_jpg.rf.2c77T5LhjQiyQ6IL3rAj.jpg,3814,6048,buh_medla_oo_t1,no translation yet,0.9763,0.5005,0.5003,0.9986,0.9994
buh_medla_oo_t3_b136feea_jpg.rf.LILzrVqs8fMtdQnVpPla.jpg,3816,6050,buh_medla_oo_t3,no translation yet,0.9288,0.5001,0.5001,0.9977,0.9994
buh_medla_oo_t5_48821e19_jpg.rf.O70rUDirgEi65gJJltKm.jpg,3818,6052,buh_medla_oo_t5,no translation yet,0.7453,0.4995,0.5005,0.9974,0.9990
buh_medla_oo_t6_382f2389_jpg.rf.sTYazP5Q5AQiJoK5EdPm.jpg,3819,6053,buh_medla_oo_t6,no translation yet,0.5139,0.4995,0.5001,0.9972,0.9996
buh_medla_oo_t6_b98c0c64_jpg.rf.oOtgf7zk8vRjg3nEfgj8.jpg,3819,6053,buh_medla_oo_t6,no translation yet,0.5610,0.4997,0.5001,0.9980,0.9990
buh_medla_u_t3_00fb5740_jpg.rf.7K0kIszZ0fpEvw9kgdLj.jpg,3822,6056,buh_medla_u_t3,no translation yet,0.9374,0.4999,0.5001,0.9979,0.9997
buh_medla_u_t3_3137abd5_jpg.rf.6r8OvViw16BQT0vDo8ix.jpg,3822,6056,buh_medla_u_t3,no translation yet,0.9522,0.5001,0.5003,0.9978,0.9992
buh_medla_u_t4_3aef7a23_jpg.rf.jT6pUBMYfQO5RctwYSBk.jpg,3823,6057,buh_medla_u_t4,no translation yet,0.8312,0.4999,0.4996,0.9982,0.9988
buh_medla_u_t5_d433c2d7_jpg.rf.MHdMKFc2zEJOAQ8SiOJ6.jpg,3824,6058,buh_medla_u_t5,no translation yet,0.9792,0.5001,0.5003,0.9984,0.9993
buh_medra_ah_t2_4d8b5325_jpg.rf.4tMZoWrNQe8fyD45yGkA.jpg,3833,6067,buh_medra_ah_t2,no translation yet,0.8622,0.5002,0.5000,0.9983,1.0000
buh_medra_ah_t3_e6182b04_jpg.rf.KkQCR9tTO5ZfgZXb6B56.jpg,3834,6068,buh_medra_ah_t3,no translation yet,0.8925,0.5002,0.5005,0.9979,0.9984
buh_medra_ah_t6_35228647_jpg.rf.3xbXpwmHkholRB8PmVnw.jpg,3837,6071,buh_medra_ah_t6,no translation yet,0.8088,0.5000,0.4998,0.9981,0.9995
buh_medra_aw_t3_b21ee87a_jpg.rf.s5fLxRQS50BO1L5Zuwc4.jpg,3858,6092,buh_medra_aw_t3,no translation yet,0.9735,0.5001,0.5001,0.9979,0.9995
buh_medra_aw_t6_e53b42b3_jpg.rf.0qa9kdDK1oBM8niQ4CZD.jpg,3861,6095,buh_medra_aw_t6,no translation yet,0.9692,0.5001,0.4999,0.9988,0.9993
buh_medra_ay_t5_c597c4af_jpg.rf.p20e4LTPA8IlBk6YQGM3.jpg,3854,6088,buh_medra_ay_t5,no translation yet,0.7155,0.5259,0.5212,0.5882,0.5697
buh_medra_ee_t4_94659470_jpg.rf.Pc37FQycL1LBRJcZEmmP.jpg,3841,6075,buh_medra_ee_t4,no translation yet,0.4786,0.5027,0.5215,0.6445,0.5691
buh_medra_eh_t3_8b1dc315_jpg.rf.sJhTZJ30BEjyjesGPDND.jpg,3870,6104,buh_medra_eh_t3,no translation yet,0.9508,0.5002,0.4999,0.9980,0.9993
buh_medra_eh_t3_cdbfe6a7_jpg.rf.MtTFUB3rJ8rFBztysqNh.jpg,3870,6104,buh_medra_eh_t3,no translation yet,0.9583,0.5003,0.4997,0.9977,0.9992
buh_medra_eh_t4_613515f8_jpg.rf.L2Wlm5VBaWURnobA1chK.jpg,3871,6105,buh_medra_eh_t4,no translation yet,0.9605,0.5002,0.4993,0.9985,0.9984
buh_medra_eh_t6_42c19e0e_jpg.rf.5kLHMltI7T48Ui8mgLVU.jpg,3873,6107,buh_medra_eh_t6,no translation yet,0.9766,0.4998,0.4996,0.9976,0.9989
buh_medra_oh_t1_8f69cb18_jpg.rf.uv0Ks7gQopWVJxoByV34.jpg,3862,6096,buh_medra_oh_t1,no translation yet,0.6173,0.5041,0.5221,0.4428,0.5701
buh_medra_oh_t2_e7687f9f_jpg.rf.LkKIq8Zxwo9zfujMc6Ua.jpg,3863,6097,buh_medra_oh_t2,no translation yet,0.9562,0.4998,0.4995,0.9977,0.9991
buh_medra_oh_t3_b64ae31e_jpg.rf.p3rlrSAX7sMnJyNDqhT3.jpg,3864,6098,buh_medra_oh_t3,no translation yet,0.9236,0.4997,0.4998,0.9977,0.9986
buh_medra_oo_t3_a44ab18c_jpg.rf.W8k0wfi6Nr08nOEA9o9o.jpg,3876,6110,buh_medra_oo_t3,no translation yet,0.9269,0.5002,0.4996,0.9986,0.9987
buh_medra_oo_t4_d12266bf_jpg.rf.yC4Ue9VMnnxF8WHiR3tP.jpg,3877,6111,buh_medra_oo_t4,no translation yet,0.8713,0.5003,0.4997,0.9993,0.9993
buh_medra_u_t1_2eee696a_jpg.rf.oacmt7GB8ivSRbZAjbrC.jpg,3880,6114,buh_medra_u_t1,no translation yet,0.9619,0.5003,0.5000,0.9984,0.9996
buh_medra_u_t1_f508c300_jpg.rf.CTfOBZCNM6tmmSiTB28d.jpg,3880,6114,buh_medra_u_t1,no translation yet,0.9565,0.5004,0.5001,0.9985,0.9995
buh_medra_u_t4_22548b92_jpg.rf.2uaCSlTl8rccaXnJOYWu.jpg,3883,6117,buh_medra_u_t4,no translation yet,0.8431,0.4988,0.4999,0.9976,0.9979
buh_medra_u_t6_0c322629_jpg.rf.4DAC2G9m9bOllPYYAnDz.jpg,3885,6119,buh_medra_u_t6,no translation yet,0.8361,0.5026,0.5218,0.6629,0.5694
buh_medwa_ah_t3_0386f5fa_jpg.rf.LjxqeyJfFXhrSVxtZfRA.jpg,3894,6128,buh_medwa_ah_t3,no translation yet,0.9411,0.5002,0.5002,0.9982,0.9996
buh_medwa_ah_t6_b5e5311c_jpg.rf.49zUp60pB9V6CmMDVlf9.jpg,3897,6131,buh_medwa_ah_t6,no translation yet,0.7255,0.5002,0.5001,0.9981,0.9985
buh_medwa_ah_t6_f65485a0_jpg.rf.N4F6ONEj7lwQ8ThRWuew.jpg,3897,6131,buh_medwa_ah_t6,no translation yet,0.7150,0.5000,0.5001,0.9982,0.9997
buh_medwa_aw_t1_14504a86_jpg.rf.kRaFPqSX70Fc58aVnms2.jpg,3916,6150,buh_medwa_aw_t1,no translation yet,0.9752,0.5001,0.4998,0.9981,0.9996
buh_medwa_ay_t1_79b1c97a_jpg.rf.FhHMLaGX8aVYhKLkFfUG.jpg,3910,6144,buh_medwa_ay_t1,no translation yet,0.9040,0.5386,0.6136,0.4535,0.3914
buh_medwa_ay_t2_8fae839c_jpg.rf.U3k15hx82b8VQ1TmIFbV.jpg,3911,6145,buh_medwa_ay_t2,no translation yet,0.9755,0.4998,0.5002,0.9975,0.9979
buh_medwa_ay_t2_d3d493dc_jpg.rf.0UtlmMBDQs6hOutROefN.jpg,3911,6145,buh_medwa_ay_t2,no translation yet,0.9754,0.4999,0.5002,0.9974,0.9993
buh_medwa_ay_t3_ecfa1b55_jpg.rf.2DEnH2WntRxHoecaEZya.jpg,3912,6146,buh_medwa_ay_t3,no translation yet,0.7729,0.5043,0.6135,0.5184,0.3914
buh_medwa_ay_t5_3111783d_jpg.rf.EAutiCXT0yL8AYk7UHFH.jpg,3914,6148,buh_medwa_ay_t5,no translation yet,0.9362,0.5002,0.4992,0.9983,0.9971
buh_medwa_ay_t6_6eae0854_jpg.rf.VDvlWZPQEXd3rhbLeu6U.jpg,3915,6149,buh_medwa_ay_t6,no translation yet,0.9547,0.5001,0.4998,0.9985,0.9990
buh_medwa_ee_t2_389450e2_jpg.rf.pv3Ueeuko20PIfJ07Zuy.jpg,3899,6133,buh_medwa_ee_t2,no translation yet,0.7718,0.5016,0.5611,0.4799,0.4964
buh_medwa_ee_t4_894836e5_jpg.rf.qogN9Bvrt7ifbVBRoc3n.jpg,3901,6135,buh_medwa_ee_t4,no translation yet,0.9700,0.4999,0.4993,0.9987,0.9976
buh_medwa_eh_t5_440d1cad_jpg.rf.4Lw8YNfdHgGfsUe2Fw98.jpg,3932,6166,buh_medwa_eh_t5,no translation yet,0.9335,0.5000,0.4993,0.9980,0.9986
buh_medwa_eh_t5_f81e9e24_jpg.rf.ZwqP8ODFlafmfCl1Yyju.jpg,3932,6166,buh_medwa_eh_t5,no translation yet,0.9333,0.4998,0.4992,0.9980,0.9978
buh_medwa_eh_t6_02dfa913_jpg.rf.YTBQ0Uwafymeb7c33FUv.jpg,3933,6167,buh_medwa_eh_t6,no translation yet,0.8404,0.4986,0.5324,0.5258,0.5525
buh_medwa_er_t4_910a3c7a_jpg.rf.EuXnrAPuqC2AAabvAu5C.jpg,3907,6141,buh_medwa_er_t4,no translation yet,0.9530,0.5000,0.4997,0.9981,0.9988
buh_medwa_er_t5_04f7640d_jpg.rf.BoUncdQPXXLAsQsUJIEZ.jpg,3908,6142,buh_medwa_er_t5,no translation yet,0.9319,0.4999,0.5003,0.9985,0.9991
buh_medwa_er_t5_c092e661_jpg.rf.n3Th4FVhSqwFXjPzC7n3.jpg,3908,6142,buh_medwa_er_t5,no translation yet,0.9291,0.5001,0.5001,0.9986,0.9990
buh_medwa_er_t6_31d592ec_jpg.rf.7rWFFxqvZ5W57Scm1dFC.jpg,3909,6143,buh_medwa_er_t6,no translation yet,0.8999,0.4996,0.5001,0.9979,0.9985
buh_medwa_oh_t4_96dfc724_jpg.rf.IDE0WTn6qkRKc4AWz85F.jpg,3925,6159,buh_medwa_oh_t4,no translation yet,0.7252,0.4981,0.5327,0.5797,0.5521
buh_medwa_oh_t5_d1e38c32_jpg.rf.WcNW4GaUezXLkrjdhZUP.jpg,3926,6160,buh_medwa_oh_t5,no translation yet,0.9414,0.5001,0.4995,0.9979,0.9984
buh_medwa_oh_t6_75d7e2d4_jpg.rf.DXl2cmdbS3cnobm0Vajz.jpg,3927,6161,buh_medwa_oh_t6,no translation yet,0.9904,0.5000,0.4996,0.9977,0.9988
buh_medwa_oo_t1_06ab9bb0_jpg.rf.B7HU6MOUdrIRprvhcKLh.jpg,3934,6168,buh_medwa_oo_t1,no translation yet,0.9758,0.5003,0.4999,0.9988,0.9988
buh_medwa_u_t2_321f5e66_jpg.rf.tpkyslVylq3vYYo2yWtN.jpg,3941,6175,buh_medwa_u_t2,no translation yet,0.9714,0.5003,0.4998,0.9980,0.9988
buh_medwa_u_t5_869cd054_jpg.rf.STQ7kw91X6X1hqzbUEvY.jpg,3944,6178,buh_medwa_u_t5,no translation yet,0.9775,0.4999,0.5000,0.9983,0.9984
buh_medwa_u_t6_892785b3_jpg.rf.o1viLocXCgbSTfBqKGF5.jpg,3945,6179,buh_medwa_u_t6,no translation yet,0.9555,0.5000,0.4996,0.9978,0.9990
buh_medya_a_t4_8b6685db_jpg.rf.ljUZ2RuHFqZHUomeep26.jpg,4009,6243,buh_medya_a_t4,no translation yet,0.8726,0.4987,0.5312,0.5785,0.5488
buh_medya_ah_t1_b106de76_jpg.rf.HJin5o9HPcgCZrnTPaqs.jpg,4012,6246,buh_medya_ah_t1,no translation yet,0.9768,0.5000,0.4997,0.9983,0.9993
buh_medya_ah_t3_373d3551_jpg.rf.SyILqIdOZySeEamhcMB6.jpg,4014,6248,buh_medya_ah_t3,no translation yet,0.6665,0.5041,0.5312,0.5953,0.5497
buh_medya_aw_t2_51769c61_jpg.rf.6BDbJP0ffkXR1VcqeOqN.jpg,4037,6271,buh_medya_aw_t2,no translation yet,0.9700,0.5001,0.4992,0.9982,0.9976
buh_medya_aw_t3_c57ddcb9_jpg.rf.UvwD91TtKOaGZWqAq9Fu.jpg,4038,6272,buh_medya_aw_t3,no translation yet,0.9824,0.5001,0.4997,0.9985,0.9993
buh_medya_aw_t4_1c2bfeb3_jpg.rf.BmLXnq0x9C6h1hWUoslb.jpg,4039,6273,buh_medya_aw_t4,no translation yet,0.9801,0.4999,0.5001,0.9983,0.9994
buh_medya_aw_t5_d8f4b8f7_jpg.rf.iTrL2nDYbIoeH5oJvwCo.jpg,4040,6274,buh_medya_aw_t5,no translation yet,0.9766,0.5001,0.4999,0.9981,0.9997
buh_medya_aw_t6_841b9197_jpg.rf.BY97WX5pAzwTSbABNiGH.jpg,4041,6275,buh_medya_aw_t6,no translation yet,0.9462,0.5003,0.5000,0.9985,0.9994
buh_medya_aw_t6_c9448d0e_jpg.rf.OfeMpMoVAKtWQTH1FGq8.jpg,4041,6275,buh_medya_aw_t6,no translation yet,0.9427,0.5002,0.5000,0.9986,0.9987
buh_medya_ay_t2_9ffdccf9_jpg.rf.dn6roH2c3CrEslYtoOCP.jpg,4031,6265,buh_medya_ay_t2,no translation yet,0.9706,0.5001,0.5000,0.9981,0.9988
buh_medya_ay_t5_4eecd6c1_jpg.rf.wdMD94qspBLs8VUoJEcY.jpg,4034,6268,buh_medya_ay_t5,no translation yet,0.9696,0.5002,0.5000,0.9978,0.9991
buh_medya_ay_t6_96104eee_jpg.rf.mFiGuOyUtRLxQ5sqQDuM.jpg,4035,6269,buh_medya_ay_t6,no translation yet,0.9187,0.4985,0.5314,0.5256,0.5491
buh_medya_ee_t2_f58d020b_jpg.rf.lR4W8JiJAE6l1DVLWg8w.jpg,4019,6253,buh_medya_ee_t2,no translation yet,0.9548,0.5001,0.5000,0.9985,1.0000
buh_medya_ee_t5_089431cf_jpg.rf.NejynLHqZOZ8Vanssyiy.jpg,4022,6256,buh_medya_ee_t5,no translation yet,0.9581,0.5001,0.4995,0.9984,0.9987
buh_medya_eh_t1_7c9e8181_jpg.rf.66vf8qBhNeSQOgHJoVxC.jpg,4048,6282,buh_medya_eh_t1,no translation yet,0.9309,0.5000,0.4999,0.9978,0.9999
buh_medya_eh_t1_cccf19d6_jpg.rf.HnPHSz8sMRB02mBzw3Zd.jpg,4048,6282,buh_medya_eh_t1,no translation yet,0.6431,0.4987,0.5455,0.3736,0.5216
buh_medya_eh_t2_376f006b_jpg.rf.Ro9ntfhRyYaG2wJhN0I8.jpg,4049,6283,buh_medya_eh_t2,no translation yet,0.9586,0.5000,0.4999,0.9978,0.9995
buh_medya_eh_t4_3f943931_jpg.rf.SHaTNQ58TRDCWw5EpRZB.jpg,4051,6285,buh_medya_eh_t4,no translation yet,0.8465,0.4981,0.5308,0.5796,0.5504
buh_medya_eh_t5_f84724d5_jpg.rf.OqIn8UZrTlX5XMnMfCJi.jpg,4052,6286,buh_medya_eh_t5,no translation yet,0.9229,0.5000,0.4994,0.9983,0.9981
buh_medya_er_t3_62f264df_jpg.rf.a66azabaJR1FtdmXk1Js.jpg,4026,6260,buh_medya_er_t3,no translation yet,0.5218,0.5049,0.6118,0.6217,0.3881
buh_medya_er_t4_06da31cb_jpg.rf.KuCGR2pNr5bcbaQTc5n3.jpg,4027,6261,buh_medya_er_t4,no translation yet,0.9622,0.4997,0.4999,0.9973,0.9994
buh_medya_oh_t3_bca02adb_jpg.rf.v5GZTrsIq3doAeONhAVE.jpg,4044,6278,buh_medya_oh_t3,no translation yet,0.5949,0.4996,0.5006,0.9984,0.9983
buh_medya_oh_t3_ed7b4b6c_jpg.rf.0U81SjwZLVhKxB0pfvYb.jpg,4044,6278,buh_medya_oh_t3,no translation yet,0.5971,0.4995,0.5004,0.9981,0.9981
buh_medya_oo_t6_22a26c68_jpg.rf.NeOky4fdtaLGEvYlkqJT.jpg,4059,6293,buh_medya_oo_t6,no translation yet,0.9586,0.4999,0.5001,0.9979,0.9990
buh_oh_t1_f775479d_jpg.rf.NgO763xjBzaNpaEJa2N2.jpg,6313,936,buh_oh_t1,no translation yet,0.9453,0.5004,0.4997,0.9973,0.9994
buh_oh_t4_fbf8f847_jpg.rf.TlIkStNsCL6i7z2S3q0E.jpg,6316,939,buh_oh_t4,no translation yet,0.9516,0.5003,0.4999,0.9988,0.9995
buh_oo_t3_bd189d41_jpg.rf.YXIS5GW5e8fMDB3YbDhM.jpg,6327,950,buh_oo_t3,no translation yet,0.8466,0.5001,0.4999,0.9979,0.9991
buh_oo_t4_1df27ac7_jpg.rf.KHRTYsPgplsvIFQvX3zB.jpg,6328,951,buh_oo_t4,no translation yet,0.8269,0.5002,0.4996,0.9984,0.9988
buh_oo_t6_ab654ca6_jpg.rf.bhGB4dMhUdSE0ls0CcB7.jpg,6330,953,buh_oo_t6,no translation yet,0.7924,0.5003,0.5002,0.9983,0.9991
buh_u_t2_ce171214_jpg.rf.mR5QOSPmqjB0scEHA84h.jpg,3947,6181,buh_medgha_a_t2,no translation yet,0.5953,0.4999,0.4999,0.9984,0.9994
duh_a_t5_7519178a_jpg.rf.yOEeAMWHsFG1WVL61Sen.jpg,4128,664,duh_a_t5,no translation yet,0.9395,0.5210,0.4524,0.3615,0.3915
duh_a_t6_6fd74167_jpg.rf.W9SHpoS4RxHZK24INfsM.jpg,4139,665,duh_a_t6,no translation yet,0.9781,0.4996,0.5000,0.9987,0.9999
duh_aw_t2_60b6a91a_jpg.rf.7gQMa1GfQe2XgVs1vrzw.jpg,4425,691,duh_aw_t2,no translation yet,0.9831,0.5001,0.4997,0.9976,0.9994
duh_aw_t2_6cc36c40_jpg.rf.PiUFJLaKgtRTcL0OnGSZ.jpg,4425,691,duh_aw_t2,no translation yet,0.9843,0.5003,0.5000,0.9978,1.0000
duh_aw_t5_de998d79_jpg.rf.RfpXbAJzPHVPn25z67LE.jpg,4436,694,duh_aw_t5,no translation yet,0.9690,0.5003,0.4996,0.9976,0.9992
duh_ee_t1_2ada94c1_jpg.rf.IRNqEN5J8yCU9dkc0avU.jpg,4216,672,duh_ee_t1,no translation yet,0.7206,0.5015,0.4803,0.2173,0.3356
duh_ee_t1_5afae53a_jpg.rf.1oVEMzMzXQcx9chEXLD9.jpg,4216,672,duh_ee_t1,no translation yet,0.9593,0.5002,0.4997,0.9984,0.9994
duh_eh_t2_552a369c_jpg.rf.uwWSwtIo9lRlpt1NwSdL.jpg,4446,703,duh_eh_t2,no translation yet,0.9490,0.5002,0.4999,0.9981,0.9998
duh_eh_t6_3a754d62_jpg.rf.jkrVqrgtcyD0qbRWxFLV.jpg,4450,707,duh_eh_t6,no translation yet,0.9061,0.5002,0.5000,0.9986,1.0000
duh_er_t2_a18c22a2_jpg.rf.pKSzhHIUfDkcBCfrvPpk.jpg,4293,679,duh_er_t2,no translation yet,0.9873,0.5002,0.4994,0.9990,0.9974
duh_er_t4_349bfbee_jpg.rf.VeZ0Df6bpSfLTp64IzdL.jpg,4315,681,duh_er_t4,no translation yet,0.9149,0.5000,0.5000,0.9985,0.9989
duh_er_t5_a4151a21_jpg.rf.ygL2OOyOvElqIZEhuf1o.jpg,4326,682,duh_er_t5,no translation yet,0.9901,0.5002,0.5001,0.9990,0.9996
duh_medgha_a_t1_417b1251_jpg.rf.cnY2CdxYQXk3gaXDzS7s.jpg,4517,714,duh_u_t1,no translation yet,0.5435,0.5014,0.6123,0.2172,0.3886
duh_medgha_a_t5_e35b2998_jpg.rf.PMxT4VkCpwvMLKSGcjbA.jpg,4521,718,duh_u_t5,no translation yet,0.4772,0.5001,0.5000,0.9986,0.9996
duh_medgha_ah_t3_9495ae69_jpg.rf.DbXSgJ4WbZRe3zPetbf5.jpg,2917,4988,duh_medgha_ah_t3,no translation yet,0.9554,0.5004,0.5000,0.9985,0.9993
duh_medgha_ah_t4_f9baa02a_jpg.rf.gR3KIarMlZ5GQCzLENPt.jpg,2918,4989,duh_medgha_ah_t4,no translation yet,0.9841,0.5003,0.5001,0.9985,0.9989
duh_medgha_aw_t2_676113ad_jpg.rf.qGJCTuTPq4kIrkNCBkLR.jpg,2945,5011,duh_medgha_aw_t2,no translation yet,0.9738,0.5002,0.4999,0.9981,0.9993
duh_medgha_aw_t2_f108a8ab_jpg.rf.u2pm3sfOc5cc6RhfcfCI.jpg,2945,5011,duh_medgha_aw_t2,no translation yet,0.7580,0.5006,0.5314,0.3218,0.5507
duh_medgha_ay_t4_6b2be2ce_jpg.rf.aoQBE8E0DoDX8i0qCWzv.jpg,2940,5007,duh_medgha_ay_t4,no translation yet,0.9127,0.5001,0.4993,0.9978,0.9978
duh_medgha_ee_t1_5ce854e2_jpg.rf.pCxYPxfaohF2H4I2wyOS.jpg,2922,4992,duh_medgha_ee_t1,no translation yet,0.9745,0.5005,0.5000,0.9982,0.9999
duh_medgha_ee_t6_1848a37e_jpg.rf.Sw8xZL4b269Q53Ba7QJU.jpg,2927,4997,duh_medgha_ee_t6,no translation yet,0.9670,0.5001,0.4998,0.9981,0.9996
duh_medgha_eh_t4_ceea4e7d_jpg.rf.hyy7bziqUEZrkF88rmu2.jpg,2960,5025,duh_medgha_eh_t4,no translation yet,0.9267,0.5004,0.4994,0.9978,0.9984
duh_medgha_er_t4_96f01457_jpg.rf.SeOwlhTB9PgHjbxvAtqs.jpg,2934,5001,duh_medgha_er_t4,no translation yet,0.5991,0.4975,0.5317,0.5225,0.5496
duh_medgha_oh_t1_e9db36a6_jpg.rf.YLkhHTXIuRmQCOTlNCHE.jpg,2950,5016,duh_medgha_oh_t1,no translation yet,0.9076,0.5003,0.4999,0.9987,0.9992
duh_medgha_oh_t6_7e4c54eb_jpg.rf.aTIlQaXLCt8UlSfZvycc.jpg,2956,5021,duh_medgha_oh_t6,no translation yet,0.9031,0.5004,0.4993,0.9979,0.9984
duh_medgha_oo_t2_d801d33a_jpg.rf.gfVsnKRoVvwpB0nD52ZK.jpg,2964,5029,duh_medgha_oo_t2,no translation yet,0.7075,0.4949,0.6129,0.3330,0.3882
duh_medgha_oo_t4_8f777a68_jpg.rf.vXpGb7oGFZg3tPGHtvtQ.jpg,2967,5031,duh_medgha_oo_t4,no translation yet,0.9797,0.4995,0.4997,0.9980,0.9989
duh_medla_a_t1_d14dc204_jpg.rf.tpa9kVNJfEhgusVFWD5W.jpg,2715,4800,duh_medla_a_t1,no translation yet,0.8914,0.5001,0.4996,0.9975,0.9992
duh_medla_ah_t6_ea90d5a4_jpg.rf.YXeWURsybQLAENb8T8Uh.jpg,2722,4811,duh_medla_ah_t6,no translation yet,0.9703,0.5003,0.5004,0.9980,0.9984
duh_medla_aw_t1_4fa9c17a_jpg.rf.KLjGFpEv5rjiRTJNnlOe.jpg,2743,4830,duh_medla_aw_t1,no translation yet,0.9864,0.5000,0.4996,0.9975,0.9991
duh_medla_aw_t3_68bcb0f8_jpg.rf.yv8IQCSo3q1W2D7nLkF6.jpg,2745,4832,duh_medla_aw_t3,no translation yet,0.9890,0.5000,0.5000,0.9986,0.9997
duh_medla_ay_t4_4e8cc29d_jpg.rf.iTZb6YkvY8wMKJzR2fkH.jpg,2739,4827,duh_medla_ay_t4,no translation yet,0.7466,0.5002,0.4998,0.9989,0.9996
duh_medla_ee_t1_a6642cf1_jpg.rf.KaWHUzsHTKlWNFvILY0K.jpg,2723,4812,duh_medla_ee_t1,no translation yet,0.9817,0.5002,0.5000,0.9982,0.9993
duh_medla_ee_t6_113ea5fb_jpg.rf.Ult3QTH3tYnEeAYArXg3.jpg,2728,4817,duh_medla_ee_t6,no translation yet,0.9418,0.5001,0.5000,0.9985,0.9996
duh_medla_ee_t6_7c95428f_jpg.rf.fWjkZV10Noy0x9mjFZgX.jpg,2728,4817,duh_medla_ee_t6,no translation yet,0.9454,0.5002,0.4999,0.9984,0.9997
duh_medla_eh_t1_8555775f_jpg.rf.vBR7TKkRIoki7j20t35o.jpg,2756,4842,duh_medla_eh_t1,no translation yet,0.9571,0.5001,0.5000,0.9976,0.9999
duh_medla_er_t4_ee3c37bc_jpg.rf.lWAO6pbqUKXCtLb8bklz.jpg,2733,4821,duh_medla_er_t4,no translation yet,0.9832,0.4998,0.4999,0.9978,0.9998
duh_medla_oh_t3_fed576d7_jpg.rf.hSW2vTyctDN9EEIqBvop.jpg,2751,4838,duh_medla_oh_t3,no translation yet,0.9817,0.5001,0.5001,0.9980,0.9998
duh_medla_oh_t6_08eb9340_jpg.rf.dfXoL7wB9ai8R7VBvBRl.jpg,2755,4841,duh_medla_oh_t6,no translation yet,0.9435,0.5005,0.5001,0.9983,0.9997
duh_medla_oo_t3_712b3ab9_jpg.rf.W8ye7jc9Bd5RgtrY3qKr.jpg,2765,4850,duh_medla_oo_t3,no translation yet,0.9755,0.5002,0.4999,0.9983,0.9993
duh_medla_oo_t6_aea36a92_jpg.rf.MMIuygi00Q0O5dfly0sL.jpg,2768,4853,duh_medla_oo_t6,no translation yet,0.7581,0.5000,0.4999,0.9979,0.9995
duh_medla_u_t1_bea7a00d_jpg.rf.tihgeNgmKRl4HfOhkaeT.jpg,2769,4854,duh_medla_u_t1,no translation yet,0.9873,0.5003,0.4996,0.9981,0.9985
duh_medra_a_t1_473e68ed_jpg.rf.2p3iADF6EiaaRhzROZDj.jpg,2776,4860,duh_medra_a_t1,no translation yet,0.8993,0.5001,0.4999,0.9977,0.9993
duh_medra_a_t3_81092376_jpg.rf.3dvhn0Y4hETobleCII84.jpg,2778,4862,duh_medra_a_t3,no translation yet,0.8173,0.5002,0.5001,0.9985,0.9998
duh_medra_ah_t3_a8473068_jpg.rf.y9jRCwzqw7a94Npiy6Hp.jpg,2784,4868,duh_medra_ah_t3,no translation yet,0.8521,0.5002,0.5004,0.9989,0.9983
duh_medra_ah_t4_b4e9276d_jpg.rf.ZSjBZEvMfpiisRlfpOwg.jpg,2785,4869,duh_medra_ah_t4,no translation yet,0.7758,0.5000,0.5001,0.9988,0.9987
duh_medra_ah_t6_5828117d_jpg.rf.o2HMXQOawBWjNyi3ca5R.jpg,2788,4871,duh_medra_ah_t6,no translation yet,0.8536,0.5001,0.5000,0.9996,0.9987
duh_medra_ah_t6_598163d1_jpg.rf.YEAW6jXptzQpUXNen8bg.jpg,2788,4871,duh_medra_ah_t6,no translation yet,0.4035,0.5024,0.5222,0.5068,0.5682
duh_medra_aw_t2_c8419b7a_jpg.rf.hja6UMT22wDFOocntPxJ.jpg,2810,4891,duh_medra_aw_t2,no translation yet,0.4972,0.5046,0.5214,0.3846,0.5706
duh_medra_aw_t3_116a2266_jpg.rf.WewM5tSWYSmfjQWY0H7U.jpg,2811,4892,duh_medra_aw_t3,no translation yet,0.9057,0.4997,0.5000,0.9982,1.0000
duh_medra_ay_t2_c164e48e_jpg.rf.vdDE6ZfEzcQPdmXwpBDg.jpg,2803,4885,duh_medra_ay_t2,no translation yet,0.6177,0.5043,0.5212,0.3846,0.5716
duh_medra_ay_t4_68bef146_jpg.rf.BWiR0D4ggX0nG5E43D6T.jpg,2805,4887,duh_medra_ay_t4,no translation yet,0.9729,0.5005,0.4999,0.9988,0.9988
duh_medra_ee_t3_5b6a8de6_jpg.rf.b6PkhoYSbNZvlG29JSQB.jpg,2791,4874,duh_medra_ee_t3,no translation yet,0.9876,0.5002,0.5000,0.9984,0.9999
duh_medra_ee_t4_05476404_jpg.rf.biuWD4qWtq2ANfPEeM3q.jpg,2792,4875,duh_medra_ee_t4,no translation yet,0.9215,0.5003,0.5003,0.9983,0.9993
duh_medra_ee_t6_12fcb6c4_jpg.rf.e2hxLingjSbBAlEsjKPP.jpg,2794,4877,duh_medra_ee_t6,no translation yet,0.5680,0.5022,0.5217,0.4313,0.5702
duh_medra_eh_t4_d7b63420_jpg.rf.6LfYbkxzc6dzOERHMtfM.jpg,2826,4905,duh_medra_eh_t4,no translation yet,0.6825,0.5018,0.5217,0.4842,0.5695
duh_medra_er_t4_a08b265b_jpg.rf.1yqC7Hld5vi0QHnmQTMi.jpg,2799,4881,duh_medra_er_t4,no translation yet,0.6120,0.5026,0.5221,0.5873,0.5706
duh_medra_er_t6_23d77713_jpg.rf.ckCJxVy0Oz8DUWooE0xN.jpg,2801,4883,duh_medra_er_t6,no translation yet,0.8136,0.5002,0.5006,0.9983,0.9984
duh_medra_er_t6_63013242_jpg.rf.tvJwGHW2XkGfkuNmjzGh.jpg,2801,4883,duh_medra_er_t6,no translation yet,0.7806,0.5004,0.4999,0.9984,0.9990
duh_medra_oh_t1_fa3435cf_jpg.rf.rvcTDsZUnmsXLOqDwpVJ.jpg,2815,4896,duh_medra_oh_t1,no translation yet,0.8848,0.5005,0.4995,0.9986,0.9987
duh_medra_oh_t6_b811c478_jpg.rf.jTRoLDzV3f9jYdWs7O7G.jpg,2822,4901,duh_medra_oh_t6,no translation yet,0.7803,0.4997,0.4996,0.9980,0.9993
duh_medra_oo_t1_6086a79f_jpg.rf.YoYAMYKXP9cnohm4mJQf.jpg,2829,4908,duh_medra_oo_t1,no translation yet,0.9671,0.5003,0.4999,0.9989,0.9999
duh_medwa_a_t2_c77d24a9_jpg.rf.H54smmZm8HkpxfTl0T1v.jpg,2844,4921,duh_medwa_a_t2,no translation yet,0.4073,0.5006,0.6141,0.3215,0.3905
duh_medwa_a_t3_6257e830_jpg.rf.a37Mm2M2aTUFLnOVMRB8.jpg,2845,4922,duh_medwa_a_t3,no translation yet,0.8249,0.5002,0.4999,0.9983,0.9993
duh_medwa_a_t6_be787730_jpg.rf.gxG3K2bhnymGh5scFTpH.jpg,2848,4925,duh_medwa_a_t6,no translation yet,0.9380,0.5000,0.4999,0.9977,0.9998
duh_medwa_ah_t1_1fca5a21_jpg.rf.CWQiqKqkBDmmW46GUM9D.jpg,2849,4926,duh_medwa_ah_t1,no translation yet,0.9563,0.5000,0.4998,0.9979,0.9990
duh_medwa_ah_t4_11634410_jpg.rf.TVqUQdvXc881h7AXNFh1.jpg,2852,4929,duh_medwa_ah_t4,no translation yet,0.8717,0.4983,0.5323,0.4937,0.5523
duh_medwa_aw_t1_d12745f9_jpg.rf.k7nSnSKOZ6dJWdX2PbKB.jpg,2876,4950,duh_medwa_aw_t1,no translation yet,0.8999,0.5002,0.4996,0.9984,0.9993
duh_medwa_aw_t1_d5059f2c_jpg.rf.mRyAYjGG49dWYvPDifkW.jpg,2876,4950,duh_medwa_aw_t1,no translation yet,0.8938,0.5003,0.4999,0.9978,0.9999
duh_medwa_aw_t2_305d9699_jpg.rf.Qr4jZ5t8wFCjU3KckVxs.jpg,2877,4951,duh_medwa_aw_t2,no translation yet,0.9810,0.5001,0.4997,0.9978,0.9995
duh_medwa_ay_t5_3e42f7c2_jpg.rf.3upFnGxhZdDmFK2JVIaI.jpg,2873,4948,duh_medwa_ay_t5,no translation yet,0.9401,0.4999,0.5000,0.9979,0.9998
duh_medwa_ay_t5_880c5b84_jpg.rf.ANi9oqqwTotkFMxd9oFF.jpg,2873,4948,duh_medwa_ay_t5,no translation yet,0.9426,0.5001,0.5002,0.9981,0.9992
duh_medwa_ay_t6_3d5cb3ef_jpg.rf.3qdfG0YOGeqOpRmWIqSn.jpg,2874,4949,duh_medwa_ay_t6,no translation yet,0.9767,0.5004,0.4997,0.9973,0.9988
duh_medwa_ee_t1_1b85e8bf_jpg.rf.aJZObqRrqoDtvfjKmUep.jpg,2856,4932,duh_medwa_ee_t1,no translation yet,0.9780,0.5000,0.4999,0.9981,0.9997
duh_medwa_eh_t3_84f06808_jpg.rf.rCbSgrWKAaqZpaDpPcFF.jpg,2891,4964,duh_medwa_eh_t3,no translation yet,0.9790,0.5002,0.5000,0.9978,1.0000
duh_medwa_eh_t4_5a1d408d_jpg.rf.b9Z0XGnKzRIYuewfmH8L.jpg,2892,4965,duh_medwa_eh_t4,no translation yet,0.9550,0.5003,0.4999,0.9984,0.9997
duh_medwa_eh_t5_2d321deb_jpg.rf.IlvQA3pKsss9xPrJLVjZ.jpg,2893,4966,duh_medwa_eh_t5,no translation yet,0.8398,0.5001,0.5000,0.9983,0.9999
duh_medwa_eh_t6_1bdd72be_jpg.rf.hHXISGHJrrnY6yYSpZWU.jpg,2894,4967,duh_medwa_eh_t6,no translation yet,0.8604,0.4996,0.4997,0.9975,0.9988
duh_medwa_er_t4_5834e3c4_jpg.rf.LVLanRJS4WmOLydM0MyC.jpg,2866,4941,duh_medwa_er_t4,no translation yet,0.8013,0.5000,0.4998,0.9976,0.9982
duh_medwa_er_t6_549737e6_jpg.rf.ZxIremA4BXZyfC0FLgwt.jpg,2868,4943,duh_medwa_er_t6,no translation yet,0.8456,0.5000,0.4999,0.9980,0.9996
duh_medwa_oh_t1_cc214d42_jpg.rf.qzQCKI1mTfTOwlj74llN.jpg,2882,4956,duh_medwa_oh_t1,no translation yet,0.9160,0.5003,0.4999,0.9977,0.9998
duh_medwa_oo_t1_806ee3e9_jpg.rf.odDnJZE6DprmQJzhT4Ud.jpg,2895,4968,duh_medwa_oo_t1,no translation yet,0.9781,0.5004,0.5000,0.9981,0.9994
duh_medwa_oo_t2_c52a333c_jpg.rf.RU0dLf5Af6akq3jiGpNO.jpg,2896,4969,duh_medwa_oo_t2,no translation yet,0.9510,0.5002,0.4997,0.9987,0.9994
duh_medya_a_t1_ef648a2a_jpg.rf.hx1OM7xEShTNK8ZChyO5.jpg,2977,5040,duh_medya_a_t1,no translation yet,0.9164,0.5002,0.4999,0.9989,0.9999
duh_medya_a_t2_c51ffdf1_jpg.rf.LRrV8qDh2ewhmugBsOAG.jpg,2978,5041,duh_medya_a_t2,no translation yet,0.8859,0.5003,0.5000,0.9975,1.0000
duh_medya_a_t5_1103f3c8_jpg.rf.nJ6NDvegKTKZq7n1LiCV.jpg,2981,5044,duh_medya_a_t5,no translation yet,0.8089,0.5001,0.5000,0.9983,0.9999
duh_medya_aw_t2_9392bff7_jpg.rf.5SOG44ol730Pm1qkBaYw.jpg,3011,5071,duh_medya_aw_t2,no translation yet,0.9937,0.5003,0.5000,0.9976,1.0000
duh_medya_aw_t5_176abbec_jpg.rf.bkGUS3F4trn5YXIR0clZ.jpg,3014,5074,duh_medya_aw_t5,no translation yet,0.6607,0.5208,0.5312,0.3611,0.5503
duh_medya_aw_t6_5d2dea27_jpg.rf.FX4GwplEV7nM33YqjyXk.jpg,3015,5075,duh_medya_aw_t6,no translation yet,0.9524,0.5003,0.4999,0.9985,0.9997
duh_medya_ay_t1_314c17f4_jpg.rf.ecqcfaq8jfprPMdyRD88.jpg,3003,5064,duh_medya_ay_t1,no translation yet,0.9545,0.5005,0.4998,0.9987,0.9996
duh_medya_ay_t5_f0141e27_jpg.rf.ynLqPW8VMcuk8UHzBbjE.jpg,3007,5068,duh_medya_ay_t5,no translation yet,0.8889,0.5207,0.5316,0.3615,0.5507
duh_medya_ay_t6_b5dbf749_jpg.rf.zf9P92wyPtNk1YaBUjyc.jpg,3008,5069,duh_medya_ay_t6,no translation yet,0.9502,0.5003,0.5000,0.9987,0.9997
duh_medya_ee_t3_532da22e_jpg.rf.64zVdGZDT2wEAzjBJ5v0.jpg,2992,5054,duh_medya_ee_t3,no translation yet,0.8048,0.5046,0.5591,0.3589,0.4928
duh_medya_ee_t4_234db6aa_jpg.rf.DgrCKuHpIRXsrR7MttZW.jpg,2993,5055,duh_medya_ee_t4,no translation yet,0.9066,0.4998,0.5000,0.9983,0.9999
duh_medya_eh_t1_b031b154_jpg.rf.VNxnNiVJpgbMcwCktsLB.jpg,3023,5082,duh_medya_eh_t1,no translation yet,0.9682,0.5004,0.5000,0.9989,1.0000
duh_medya_eh_t2_a9c8ee0c_jpg.rf.0cpoMQ8cpoqkNKWZkw5K.jpg,3024,5083,duh_medya_eh_t2,no translation yet,0.9929,0.5003,0.4999,0.9979,0.9999
duh_medya_eh_t6_082fc2e5_jpg.rf.yI1QLLbASEYMscgVxsU4.jpg,3028,5087,duh_medya_eh_t6,no translation yet,0.7584,0.5003,0.4993,0.9982,0.9986
duh_medya_er_t4_abc20749_jpg.rf.WNdqWulyo03YhM0nIYUM.jpg,3000,5061,duh_medya_er_t4,no translation yet,0.6718,0.5002,0.4995,0.9978,0.9980
duh_medya_oh_t2_154fc8a7_jpg.rf.EgmOpeJUsJbgXGQnNR7I.jpg,3017,5077,duh_medya_oh_t2,no translation yet,0.8616,0.5003,0.4999,0.9980,0.9998
duh_medya_oh_t3_44e20b74_jpg.rf.FHoSVWCqdhYOjbzcQ2rV.jpg,3018,5078,duh_medya_oh_t3,no translation yet,0.6368,0.5003,0.5000,0.9984,1.0000
duh_medya_oh_t4_573e20b7_jpg.rf.ER9vpA0meuiaeC4KrdKz.jpg,3019,5079,duh_medya_oh_t4,no translation yet,0.8348,0.4998,0.4999,0.9984,0.9997
duh_medya_oo_t1_395d04b9_jpg.rf.5yqmmFrH9mqBUVD1pK2u.jpg,3029,5088,duh_medya_oo_t1,no translation yet,0.7829,0.5005,0.5000,0.9985,0.9989
duh_medya_oo_t6_1d1e1768_jpg.rf.iyFNg98YErCGHeRB9DlE.jpg,3092,5393,nuh_medya_oo_t6,no translation yet,0.4347,0.4984,0.5319,0.4955,0.5516
duh_medya_u_t6_3dcc0eed_jpg.rf.CTLrWGoOpWzKioTjyq9Z.jpg,3041,5099,duh_medya_u_t6,no translation yet,0.4506,0.5004,0.4998,0.9985,0.9997
duh_medya_u_t6_463edaac_jpg.rf.lsnZa7zdYfiNV7HkGKGf.jpg,3098,5399,nuh_medya_u_t6,no translation yet,0.4939,0.5004,0.4996,0.9986,0.9992
duh_medya_u_t6_463edaac_jpg.rf.lsnZa7zdYfiNV7HkGKGf.jpg,3041,5099,duh_medya_u_t6,no translation yet,0.4617,0.4998,0.4999,0.9982,0.9999
duh_oh_t1_7e78d29a_jpg.rf.Ejqik3qiHwai6OvLicYa.jpg,4438,696,duh_oh_t1,no translation yet,0.6552,0.5016,0.4522,0.2166,0.3913
duh_oo_t2_48935b77_jpg.rf.VIULtap9qH8Y5IhSBRBn.jpg,4462,709,duh_oo_t2,no translation yet,0.6586,0.5003,0.5000,0.9983,1.0000
duh_u_t4_a562c69c_jpg.rf.8CKtSpcdWbxUgLfUL0br.jpg,4520,717,duh_u_t4,no translation yet,0.6010,0.4997,0.5000,0.9978,0.9999
duh_u_t6_b618a471_jpg.rf.5XUInARnTq6TAN1JUyiz.jpg,2914,4985,duh_medgha_a_t6,no translation yet,0.5708,0.5000,0.4997,0.9981,0.9985
ghuh_a_t6_b162d136_jpg.rf.RjaffLQb9nrERyEjPVEh.jpg,218,125,ghuh_a_t6,no translation yet,0.8555,0.4998,0.4998,0.9984,0.9996
ghuh_ah_t1_ea925034_jpg.rf.KZRmmZO4lRjVkIqMpgCY.jpg,229,126,ghuh_ah_t1,no translation yet,0.9361,0.4989,0.4527,0.3051,0.3918
ghuh_ah_t3_5faa9726_jpg.rf.lEjdIFi5xizVw944vuq7.jpg,251,128,ghuh_ah_t3,no translation yet,0.9411,0.5001,0.4995,0.9979,0.9982
ghuh_aw_t1_a894ab50_jpg.rf.lKPsU0g8zqcKIoBjzjvr.jpg,494,150,ghuh_aw_t1,no translation yet,0.9669,0.4998,0.4999,0.9973,0.9995
ghuh_aw_t3_dc7bc00b_jpg.rf.oI3i9KXEJs2wSucrjVqJ.jpg,516,152,ghuh_aw_t3,no translation yet,0.9845,0.5000,0.4992,0.9979,0.9968
ghuh_aw_t6_7304066c_jpg.rf.3PN4L7uVdFMK6IIVMLDR.jpg,549,155,ghuh_aw_t6,no translation yet,0.8955,0.4997,0.4997,0.9974,0.9995
ghuh_aw_t6_8f3bfce2_jpg.rf.Rilp670o1GcpKhDaXhxk.jpg,549,155,ghuh_aw_t6,no translation yet,0.6658,0.4997,0.4517,0.3827,0.3908
ghuh_ay_t2_9d497015_jpg.rf.t33uCyIBFRnFekEnBHn8.jpg,438,145,ghuh_ay_t2,no translation yet,0.9821,0.5005,0.4991,0.9975,0.9982
ghuh_ay_t4_4a4ad479_jpg.rf.8kDerZ4sL3hWXqhzkXkH.jpg,460,147,ghuh_ay_t4,no translation yet,0.9845,0.5002,0.4997,0.9983,0.9990
ghuh_ee_t3_f3f573bc_jpg.rf.3rFZTN4cU3TMYOMs9aRT.jpg,318,134,ghuh_ee_t3,no translation yet,0.9847,0.5004,0.4999,0.9978,0.9999
ghuh_ee_t5_e7efa0ce_jpg.rf.Fz9YUithkzLb4fQbPnbi.jpg,340,136,ghuh_ee_t5,no translation yet,0.9669,0.5002,0.5000,0.9981,1.0000
ghuh_eh_t4_49bbfae3_jpg.rf.qIzus2KklAjKLl8k74ZH.jpg,660,165,ghuh_eh_t4,no translation yet,0.4031,0.5008,0.5306,0.4397,0.5503
ghuh_eh_t4_b4f48f6c_jpg.rf.yFWoN3jb5Hid68XDshlz.jpg,660,165,ghuh_eh_t4,no translation yet,0.9071,0.5001,0.4993,0.9980,0.9983
ghuh_er_t1_7dbb7747_jpg.rf.zAHw731ecvmprMuNiRol.jpg,362,138,ghuh_er_t1,no translation yet,0.6718,0.4997,0.5333,0.3327,0.2317
ghuh_er_t4_de35206e_jpg.rf.kXyUAMAUNCMQkTidKipv.jpg,396,141,ghuh_er_t4,no translation yet,0.9601,0.5001,0.4999,0.9979,0.9989
ghuh_medgha_a_t3_0ffde02e_jpg.rf.sy8HNCC4yWRYosCud5sr.jpg,776,176,ghuh_u_t3,no translation yet,0.8267,0.5002,0.4996,0.9976,0.9988
ghuh_medgha_a_t3_f7ceecae_jpg.rf.x7SdPfeYz6Nz0l6dvzwC.jpg,776,176,ghuh_u_t3,no translation yet,0.8158,0.5004,0.4996,0.9975,0.9988
ghuh_medgha_ah_t1_a6e469f2_jpg.rf.3kxTEOua49vZqESzq6VX.jpg,1232,2286,ghuh_medgha_ah_t1,no translation yet,0.7883,0.4989,0.5311,0.3053,0.5504
ghuh_medgha_ah_t1_b9100bee_jpg.rf.3HhbiXQKdeTPXhqghThP.jpg,1232,2286,ghuh_medgha_ah_t1,no translation yet,0.9706,0.4999,0.5001,0.9985,0.9999
ghuh_medgha_ah_t2_ea31d04c_jpg.rf.Zrn2OJdknkjecod71I45.jpg,1233,2287,ghuh_medgha_ah_t2,no translation yet,0.9448,0.5000,0.5000,0.9976,0.9996
ghuh_medgha_ah_t4_8f1d86ea_jpg.rf.Uqe18IoZyCRI4t45eKw1.jpg,1235,2289,ghuh_medgha_ah_t4,no translation yet,0.9749,0.4999,0.4995,0.9990,0.9985
ghuh_medgha_ah_t5_26d35f21_jpg.rf.TIM4dqXWh39AZgL3pFCG.jpg,1236,2290,ghuh_medgha_ah_t5,no translation yet,0.8119,0.4999,0.5001,0.9988,0.9988
ghuh_medgha_aw_t4_89fe18d4_jpg.rf.pZzNSddSHcvK98zC21Xq.jpg,1260,2313,ghuh_medgha_aw_t4,no translation yet,0.9222,0.4997,0.5000,0.9984,1.0000
ghuh_medgha_aw_t4_b73546d5_jpg.rf.ueErac5afCr26AL0hqCF.jpg,1260,2313,ghuh_medgha_aw_t4,no translation yet,0.9227,0.4998,0.4999,0.9984,0.9998
ghuh_medgha_ay_t1_20eb883b_jpg.rf.zUlQqp8TDDHcQmko9Rzy.jpg,1251,2304,ghuh_medgha_ay_t1,no translation yet,0.9925,0.5000,0.4997,0.9983,0.9994
ghuh_medgha_ay_t3_b90008c1_jpg.rf.d8iZmd4oTuTXf00BUEL0.jpg,1253,2306,ghuh_medgha_ay_t3,no translation yet,0.9175,0.5003,0.5000,0.9982,0.9999
ghuh_medgha_ee_t6_ea08b444_jpg.rf.ScWfiWPUMEI2ODqx0QjS.jpg,1243,2297,ghuh_medgha_ee_t6,no translation yet,0.9774,0.4998,0.5000,0.9980,0.9997
ghuh_medgha_er_t6_4e2f2718_jpg.rf.13wxaw8X5IjfefxN3ugw.jpg,1250,2303,ghuh_medgha_er_t6,no translation yet,0.9290,0.4999,0.5002,0.9981,0.9994
ghuh_medgha_oh_t1_8d92e57d_jpg.rf.BHINT4HFGw4Xrltf9Ebj.jpg,1263,2316,ghuh_medgha_oh_t1,no translation yet,0.4280,0.5004,0.5313,0.2317,0.5519
ghuh_medgha_oh_t4_2d183bd0_jpg.rf.zuqB1UsXBCkeyNjxgPMD.jpg,1266,2319,ghuh_medgha_oh_t4,no translation yet,0.9188,0.4999,0.4999,0.9983,0.9997
ghuh_medgha_oh_t6_0d0dfe7b_jpg.rf.ylWbQ4hzTUl9LMfCajfn.jpg,1268,2321,ghuh_medgha_oh_t6,no translation yet,0.9140,0.4995,0.4995,0.9985,0.9977
ghuh_medgha_oh_t6_314a279a_jpg.rf.l2G1utGn6ZxdvqD38rPY.jpg,1268,2321,ghuh_medgha_oh_t6,no translation yet,0.5621,0.4996,0.5310,0.3840,0.5505
ghuh_medgha_oo_t3_7cfa2b35_jpg.rf.su7ZRvneHAt9uFVsTaHu.jpg,1277,2330,ghuh_medgha_oo_t3,no translation yet,0.4384,0.5018,0.6131,0.3860,0.3878
ghuh_medgha_oo_t4_482a3af7_jpg.rf.h8hauFTzyaNp1VZfsA9t.jpg,1278,2331,ghuh_medgha_oo_t4,no translation yet,0.9626,0.4994,0.5000,0.9969,0.9995
ghuh_medgha_oo_t5_187c3c4d_jpg.rf.AyY28aa2bSkJqQA8RHp2.jpg,1279,2332,ghuh_medgha_oo_t5,no translation yet,0.9450,0.5004,0.4996,0.9975,0.9991
ghuh_medgha_oo_t6_d1bba4c3_jpg.rf.2BhB1AV2igu7CotqELaM.jpg,1280,2333,ghuh_medgha_oo_t6,no translation yet,0.9455,0.4994,0.4999,0.9976,0.9997
ghuh_medgha_u_t4_d576d20f_jpg.rf.1xDnCQ72yckOkPDpOXVZ.jpg,1284,2337,ghuh_medgha_u_t4,no translation yet,0.8665,0.5004,0.5000,0.9978,1.0000
ghuh_medla_ah_t4_3986dcce_jpg.rf.uboAJJUVqibSd5FsC1Dq.jpg,1043,2109,ghuh_medla_ah_t4,no translation yet,0.9506,0.4999,0.4998,0.9983,0.9994
ghuh_medla_ah_t6_bef22949_jpg.rf.SzA0sIBePjNR8mgovhHx.jpg,1046,2111,ghuh_medla_ah_t6,no translation yet,0.4969,0.4997,0.5347,0.5242,0.5569
ghuh_medla_ay_t1_0470dfb3_jpg.rf.PdkXxnBqT4YnLEhjbUoa.jpg,1060,2124,ghuh_medla_ay_t1,no translation yet,0.9704,0.5004,0.4994,0.9976,0.9988
ghuh_medla_ay_t2_1f090463_jpg.rf.zCcvTYziSqBzCSQDrDQt.jpg,1061,2125,ghuh_medla_ay_t2,no translation yet,0.9537,0.5003,0.4991,0.9978,0.9978
ghuh_medla_ay_t3_e3125b40_jpg.rf.CCqAeouqcuQNuMbPVjtU.jpg,1062,2126,ghuh_medla_ay_t3,no translation yet,0.9417,0.5002,0.4998,0.9985,0.9982
ghuh_medla_ay_t6_e4206249_jpg.rf.1RH7HGtd09uamjZ0eW02.jpg,1065,2129,ghuh_medla_ay_t6,no translation yet,0.9492,0.5000,0.5000,0.9978,0.9994
ghuh_medla_ee_t1_c845c5e1_jpg.rf.LOZAmqZ4xEpPwkxXxT6G.jpg,1047,2112,ghuh_medla_ee_t1,no translation yet,0.9909,0.4999,0.4997,0.9981,0.9993
ghuh_medla_ee_t4_c85b2e2f_jpg.rf.kxLx4KskkNyuQczNV5bM.jpg,1050,2115,ghuh_medla_ee_t4,no translation yet,0.5987,0.4999,0.5338,0.5005,0.5556
ghuh_medla_eh_t2_4231245c_jpg.rf.ETvk8aUHbZOU2qYgDwXr.jpg,1081,2143,ghuh_medla_eh_t2,no translation yet,0.9230,0.5001,0.4998,0.9982,0.9988
ghuh_medla_eh_t5_02e6f68b_jpg.rf.7dzWVSmD3egUDjmw9H1N.jpg,1084,2146,ghuh_medla_eh_t5,no translation yet,0.5778,0.5234,0.5344,0.4434,0.5583
ghuh_medla_eh_t6_825cd698_jpg.rf.YxhWPVdHNeOc5Q1iZHZI.jpg,1085,2147,ghuh_medla_eh_t6,no translation yet,0.9528,0.4998,0.4998,0.9977,0.9997
ghuh_medla_er_t2_0a8cf202_jpg.rf.4P12pTFdtECZ2SR3FVYC.jpg,1054,2119,ghuh_medla_er_t2,no translation yet,0.5854,0.5026,0.6161,0.5040,0.3956
ghuh_medla_er_t6_19c92000_jpg.rf.BIVwTOx9z3Q6iUeBnGis.jpg,1059,2123,ghuh_medla_er_t6,no translation yet,0.7834,0.5000,0.5348,0.5527,0.5569
ghuh_medla_oh_t3_9819753f_jpg.rf.HowDPIBFrIIlb3B7KENa.jpg,1075,2138,ghuh_medla_oh_t3,no translation yet,0.9924,0.5002,0.4998,0.9977,0.9996
ghuh_medla_oo_t1_ea13bd0b_jpg.rf.XtEzBbTXNTExmfO3bD15.jpg,1086,2148,ghuh_medla_oo_t1,no translation yet,0.9828,0.5004,0.5000,0.9992,1.0000
ghuh_medla_oo_t2_f0aa1977_jpg.rf.e5yMZe1y3ro1qxsopofv.jpg,1087,2149,ghuh_medla_oo_t2,no translation yet,0.9617,0.5003,0.4999,0.9985,0.9987
ghuh_medla_oo_t5_80085237_jpg.rf.a28GeSIsl80rQczeEykP.jpg,1091,2152,ghuh_medla_oo_t5,no translation yet,0.8266,0.5229,0.5342,0.5742,0.5566
ghuh_medla_u_t1_f4bcd927_jpg.rf.sF2srdTfWvRRu9Hxl9nh.jpg,1093,2154,ghuh_medla_u_t1,no translation yet,0.8589,0.5001,0.4999,0.9987,0.9997
ghuh_medla_u_t2_4ed81608_jpg.rf.SSHzkqXuZpOlZv4j0gaT.jpg,1094,2155,ghuh_medla_u_t2,no translation yet,0.9396,0.4998,0.5000,0.9980,1.0000
ghuh_medra_ah_t1_85c62e3e_jpg.rf.fqjxBEsNc4qzT5rH90rl.jpg,1105,2166,ghuh_medra_ah_t1,no translation yet,0.9640,0.5003,0.4999,0.9992,0.9998
ghuh_medra_aw_t2_3b87d35d_jpg.rf.TH5s4j9sq3Waw2JoJYKd.jpg,1130,2191,ghuh_medra_aw_t2,no translation yet,0.9736,0.5002,0.5000,0.9984,1.0000
ghuh_medra_aw_t4_7ed75e19_jpg.rf.xGfOdhhfy65xAVhuKIoy.jpg,1132,2193,ghuh_medra_aw_t4,no translation yet,0.9631,0.4998,0.4993,0.9992,0.9987
ghuh_medra_ee_t2_5e1502ec_jpg.rf.LT8egmQYgKNSsX89ZnzQ.jpg,1112,2173,ghuh_medra_ee_t2,no translation yet,0.9768,0.5004,0.4999,0.9983,0.9985
ghuh_medra_ee_t4_8c2bdf49_jpg.rf.4lN1gF7q4pq32WBOZGm1.jpg,1114,2175,ghuh_medra_ee_t4,no translation yet,0.7484,0.5002,0.4999,0.9992,0.9996
ghuh_medra_ee_t4_f3f9d9b6_jpg.rf.4m6ei497nvkrhPZPJTNQ.jpg,1114,2175,ghuh_medra_ee_t4,no translation yet,0.7819,0.5001,0.4999,0.9991,0.9992
ghuh_medra_eh_t2_29fdfe6e_jpg.rf.rMvLSCjikoyIxZLnN1rm.jpg,1143,2203,ghuh_medra_eh_t2,no translation yet,0.5857,0.5002,0.4998,0.9979,0.9997
ghuh_medra_eh_t2_2b0e879e_jpg.rf.0qAGn39dK0P6HlpEoPWo.jpg,1143,2203,ghuh_medra_eh_t2,no translation yet,0.5577,0.5001,0.4998,0.9982,0.9995
ghuh_medra_eh_t3_8a1e4e2b_jpg.rf.Byuq9ydLvKxwIgEorE5M.jpg,1144,2204,ghuh_medra_eh_t3,no translation yet,0.4770,0.5079,0.5216,0.4461,0.5718
ghuh_medra_eh_t4_ae7cd8bc_jpg.rf.58FcWTrL7UjwcCXRmnNe.jpg,1145,2205,ghuh_medra_eh_t4,no translation yet,0.8141,0.5001,0.4995,0.9986,0.9987
ghuh_medra_er_t2_4db35d77_jpg.rf.BLiXf6CMnWRKohb7pLbg.jpg,1118,2179,ghuh_medra_er_t2,no translation yet,0.9904,0.5001,0.5001,0.9981,0.9991
ghuh_medra_er_t3_3e297adb_jpg.rf.Udbwq5OJxJ1BigYnNDQe.jpg,1119,2180,ghuh_medra_er_t3,no translation yet,0.5402,0.5080,0.5216,0.5515,0.5696
ghuh_medra_er_t3_f7bf7032_jpg.rf.BkWLf7IiFVCvvXMRGcUD.jpg,1119,2180,ghuh_medra_er_t3,no translation yet,0.9359,0.5000,0.5000,0.9988,0.9997
ghuh_medra_oh_t2_86d9588d_jpg.rf.PH4JPvPQ4etNGbxwQ4dt.jpg,1136,2197,ghuh_medra_oh_t2,no translation yet,0.9402,0.5003,0.4995,0.9980,0.9987
ghuh_medra_oh_t5_7d782ba7_jpg.rf.oYo25ZqOASJ6qYNx9CAF.jpg,1140,2200,ghuh_medra_oh_t5,no translation yet,0.5928,0.5252,0.5219,0.4500,0.5690
ghuh_medra_oo_t1_a0a80e64_jpg.rf.ecP1QsR4988tlyyb4vgQ.jpg,1148,2208,ghuh_medra_oo_t1,no translation yet,0.9958,0.5004,0.5000,0.9990,0.9999
ghuh_medra_oo_t3_0626b4d5_jpg.rf.XKaMUM2YwmJBxSixIqeR.jpg,1150,2210,ghuh_medra_oo_t3,no translation yet,0.8225,0.5000,0.5001,0.9986,0.9985
ghuh_medra_oo_t3_43156c11_jpg.rf.ZAUvpoz9OacDjTBu7DuC.jpg,1150,2210,ghuh_medra_oo_t3,no translation yet,0.8312,0.5000,0.4999,0.9984,0.9990
ghuh_medra_oo_t4_7b1f2197_jpg.rf.jLsHGCVJMrFB0SWarbDm.jpg,1151,2211,ghuh_medra_oo_t4,no translation yet,0.7835,0.4999,0.4999,0.9986,0.9998
ghuh_medra_u_t3_6b0f1272_jpg.rf.qB6qyPYLP15mAjerx7Jk.jpg,1156,2216,ghuh_medra_u_t3,no translation yet,0.9804,0.5001,0.4998,0.9986,0.9992
ghuh_medra_u_t4_844bc1ce_jpg.rf.vpzBqxyK9QigSIk1RHmY.jpg,1157,2217,ghuh_medra_u_t4,no translation yet,0.8798,0.4999,0.5000,0.9989,0.9988
ghuh_medra_u_t4_de9845f6_jpg.rf.iBc6NnxxnYzwwaUxLpIk.jpg,1157,2217,ghuh_medra_u_t4,no translation yet,0.8871,0.5000,0.5001,0.9990,0.9991
ghuh_medra_u_t5_a68a8150_jpg.rf.opHMZBWvW4Qwdy26psyw.jpg,1158,2218,ghuh_medra_u_t5,no translation yet,0.9787,0.5001,0.4999,0.9983,0.9993
ghuh_medwa_a_t1_b865d538_jpg.rf.fuwbz8s7s6o7gCU8LuHF.jpg,1161,2220,ghuh_medwa_a_t1,no translation yet,0.7879,0.4999,0.5000,0.9979,0.9999
ghuh_medwa_a_t2_bcfb4e57_jpg.rf.2c5vBvjeYdZLCE06rape.jpg,1162,2221,ghuh_medwa_a_t2,no translation yet,0.9187,0.5000,0.4997,0.9976,0.9994
ghuh_medwa_a_t3_cf8b1f35_jpg.rf.iPLHCVn6gEbTNhHhPvCv.jpg,1163,2222,ghuh_medwa_a_t3,no translation yet,0.8793,0.5001,0.4998,0.9972,0.9997
ghuh_medwa_a_t5_ccfe3fec_jpg.rf.uiEP1R92ePio9EA8d8RE.jpg,1165,2224,ghuh_medwa_a_t5,no translation yet,0.4264,0.5237,0.5327,0.3793,0.5539
ghuh_medwa_ah_t2_be3eeb0f_jpg.rf.SHIx1vtEJX0PqFyCcRyQ.jpg,1168,2227,ghuh_medwa_ah_t2,no translation yet,0.9263,0.5002,0.5002,0.9984,0.9989
ghuh_medwa_ah_t3_a62668a4_jpg.rf.hupN2j6loxzmc3d1hmLU.jpg,1169,2228,ghuh_medwa_ah_t3,no translation yet,0.8273,0.5002,0.4994,0.9980,0.9984
ghuh_medwa_ah_t5_f79a986d_jpg.rf.U4jHEPiB13yrCMxid51A.jpg,1172,2230,ghuh_medwa_ah_t5,no translation yet,0.9113,0.5001,0.4999,0.9984,0.9996
ghuh_medwa_ah_t6_83609d52_jpg.rf.CyOQRgRkZind0RN3nyyk.jpg,1173,2231,ghuh_medwa_ah_t6,no translation yet,0.8780,0.4999,0.5000,0.9983,0.9991
ghuh_medwa_ay_t3_154a7752_jpg.rf.4AQ38d6mrBsnuJ6IBs4s.jpg,1189,2246,ghuh_medwa_ay_t3,no translation yet,0.8958,0.5001,0.5002,0.9987,0.9990
ghuh_medwa_eh_t4_46bc5fa3_jpg.rf.RJAAlb79cfOCjZySSAGp.jpg,1210,2265,ghuh_medwa_eh_t4,no translation yet,0.9131,0.4994,0.4999,0.9972,0.9985
ghuh_medwa_er_t1_aec241e7_jpg.rf.CnWTF0kMesPpWdBDhwK9.jpg,1180,2238,ghuh_medwa_er_t1,no translation yet,0.9841,0.5003,0.4999,0.9985,0.9995
ghuh_medwa_er_t5_827f02b9_jpg.rf.JA06QTcwjCxbehTXU5iv.jpg,1185,2242,ghuh_medwa_er_t5,no translation yet,0.9444,0.4999,0.5000,0.9979,0.9990
ghuh_medwa_er_t6_87af8b6e_jpg.rf.ItTHz30spIAiqfQ4QDLI.jpg,1186,2243,ghuh_medwa_er_t6,no translation yet,0.9153,0.4999,0.5003,0.9980,0.9989
ghuh_medwa_oo_t2_1961a0c4_jpg.rf.bWMB53nj3VgRIIxJ6FE6.jpg,1214,2269,ghuh_medwa_oo_t2,no translation yet,0.9637,0.5001,0.5000,0.9983,0.9989
ghuh_medwa_oo_t5_ab6879fa_jpg.rf.Bbf41W4H80YITvK990ns.jpg,1218,2272,ghuh_medwa_oo_t5,no translation yet,0.6327,0.5234,0.5328,0.5088,0.5523
ghuh_medwa_oo_t6_9c54cc7e_jpg.rf.TaMxjEPsyhZ9QpnAp4Uu.jpg,1219,2273,ghuh_medwa_oo_t6,no translation yet,0.9235,0.5000,0.4998,0.9985,0.9988
ghuh_medwa_u_t2_39e1af4b_jpg.rf.zmsqwOnd50Df8PHJo6wj.jpg,1221,2275,ghuh_medwa_u_t2,no translation yet,0.9082,0.5025,0.6132,0.4103,0.3906
ghuh_medwa_u_t4_e8765c3e_jpg.rf.bhaG4OTZy1ZXG86KMF4R.jpg,1223,2277,ghuh_medwa_u_t4,no translation yet,0.4028,0.5001,0.5327,0.5114,0.5522
ghuh_medya_aw_t4_9a1083f8_jpg.rf.qZfWCk5JcknDlnnb9aSw.jpg,1320,2373,ghuh_medya_aw_t4,no translation yet,0.9157,0.4994,0.5001,0.9981,0.9998
ghuh_medya_aw_t6_6919f42a_jpg.rf.9Fy6sAv4UarWCfel8yhR.jpg,1322,2375,ghuh_medya_aw_t6,no translation yet,0.8746,0.4996,0.4999,0.9983,0.9999
ghuh_medya_ay_t4_64d797d1_jpg.rf.dtKIcAyMeZ1uWJBkuaHi.jpg,1314,2367,ghuh_medya_ay_t4,no translation yet,0.7132,0.5004,0.4997,0.9982,0.9991
ghuh_medya_eh_t3_4596650b_jpg.rf.lmPms7VvIOLv3iH8Evp4.jpg,1331,2384,ghuh_medya_eh_t3,no translation yet,0.9682,0.5003,0.5000,0.9984,1.0000
ghuh_medya_eh_t4_a30b4196_jpg.rf.JoqoUJjR09E8HLIXbJlk.jpg,1332,2385,ghuh_medya_eh_t4,no translation yet,0.8604,0.5000,0.4998,0.9982,0.9997
ghuh_medya_eh_t5_5d9d16d8_jpg.rf.QTGFUDEignxWPgwXkLzH.jpg,1333,2386,ghuh_medya_eh_t5,no translation yet,0.9256,0.5002,0.4999,0.9988,0.9999
ghuh_medya_eh_t5_820bc797_jpg.rf.sM0t5Xr8UBG2c2gY53DB.jpg,1333,2386,ghuh_medya_eh_t5,no translation yet,0.6279,0.5233,0.5309,0.3800,0.5512
ghuh_medya_er_t2_8d810cee_jpg.rf.j1lqZHriRJH51ID35lpd.jpg,1306,2359,ghuh_medya_er_t2,no translation yet,0.4421,0.5025,0.6128,0.4397,0.3879
ghuh_medya_er_t6_899a7f32_jpg.rf.QSLqkTo9NMZZTQhCvch3.jpg,1310,2363,ghuh_medya_er_t6,no translation yet,0.9498,0.4999,0.5001,0.9986,0.9992
ghuh_medya_oh_t1_525e8949_jpg.rf.KKZgdt1F4nBkoc7cfhcG.jpg,1323,2376,ghuh_medya_oh_t1,no translation yet,0.7344,0.5001,0.5000,0.9981,1.0000
ghuh_medya_oh_t1_e2d14d0c_jpg.rf.zZoDNtHvEyZM4tTmsfFz.jpg,1323,2376,ghuh_medya_oh_t1,no translation yet,0.6961,0.5000,0.5000,0.9983,1.0000
ghuh_medya_oh_t3_780262dc_jpg.rf.ZPAfjHTC4MPXcO1Y8C3b.jpg,1325,2378,ghuh_medya_oh_t3,no translation yet,0.8557,0.5001,0.5000,0.9981,0.9984
ghuh_medya_oo_t1_9ad8b046_jpg.rf.UVQAXKjZCjaZg2sGFjZN.jpg,1335,2388,ghuh_medya_oo_t1,no translation yet,0.6834,0.5159,0.6126,0.3923,0.3904
ghuh_medya_oo_t6_eec3d0a9_jpg.rf.O5nJctC1c5ppMhBdNGWI.jpg,1340,2393,ghuh_medya_oo_t6,no translation yet,0.9589,0.5000,0.4999,0.9986,0.9998
ghuh_medya_u_t5_18139833_jpg.rf.3VedRMfbhz1yQ4SJjxVf.jpg,1345,2398,ghuh_medya_u_t5,no translation yet,0.9727,0.5002,0.4998,0.9986,0.9994
ghuh_oh_t6_97c42bea_jpg.rf.g36a175tUuTjhDboNV4n.jpg,616,161,ghuh_oh_t6,no translation yet,0.8617,0.4995,0.5000,0.9989,0.9978
ghuh_oo_t4_bcc97816_jpg.rf.J4wDEsIHSBmwxwjQyP3d.jpg,727,171,ghuh_oo_t4,no translation yet,0.7071,0.4997,0.5000,0.9970,0.9998
ghuh_oo_t6_a3caba63_jpg.rf.fdT2OrlJHT6fXWZ5Ok0D.jpg,749,173,ghuh_oo_t6,no translation yet,0.5364,0.4997,0.5000,0.9980,0.9994
guh_a_t4_1c99b089_jpg.rf.7xtyhBfwnaANEduiovCT.jpg,1609,3,guh_a_t4,no translation yet,0.9498,0.4999,0.4999,0.9983,0.9981
guh_a_t6_3484ed6f_jpg.rf.TQeTEyxQ7Hl3IVPEmlZV.jpg,2930,5,guh_a_t6,no translation yet,0.9654,0.5001,0.5005,0.9983,0.9986
guh_ah_t5_a2f2f90a_jpg.rf.2COjjbUhZGvvPO0mfna1.jpg,2,10,guh_ah_t5,no translation yet,0.8444,0.5242,0.4521,0.6050,0.3902
guh_ay_t1_2af52286_jpg.rf.L3tXh6ZP7rYorgH6GuCJ.jpg,1347,24,guh_ay_t1,no translation yet,0.7544,0.5001,0.5861,0.3807,0.3352
guh_ay_t2_33af4301_jpg.rf.lR5ArFXCJxkyghLU0Jis.jpg,1448,25,guh_ay_t2,no translation yet,0.9891,0.4999,0.5001,0.9976,0.9997
guh_ay_t3_86089ac1_jpg.rf.R7hWcVFWUiQDoSX5msSD.jpg,1549,26,guh_ay_t3,no translation yet,0.9683,0.4999,0.5000,0.9986,0.9999
guh_ay_t4_aaa95e68_jpg.rf.oyI4Pua570kSUoBLqAFQ.jpg,1606,27,guh_ay_t4,no translation yet,0.8883,0.5009,0.5301,0.5884,0.5467
guh_ay_t5_239c248b_jpg.rf.f7CHmJR6nupQCRbfDA1o.jpg,1607,28,guh_ay_t5,no translation yet,0.9789,0.5002,0.4996,0.9980,0.9979
guh_ay_t5_81a95520_jpg.rf.bqXumWRx8qV5YaamqXRn.jpg,1607,28,guh_ay_t5,no translation yet,0.9761,0.5002,0.4997,0.9979,0.9980
guh_ay_t6_3f90c463_jpg.rf.JsR8E0fWAHugFiNngx5c.jpg,1608,29,guh_ay_t6,no translation yet,0.9327,0.5000,0.5000,0.9981,0.9996
guh_ee_t1_38269b21_jpg.rf.1NnJhU3ePgux7nTuKiku.jpg,162,12,guh_ee_t1,no translation yet,0.9742,0.5001,0.4999,0.9979,0.9983
guh_ee_t3_c9a08adf_jpg.rf.IAmhzgrgmfR6oq79Z538.jpg,384,14,guh_ee_t3,no translation yet,0.9057,0.5002,0.4992,0.9987,0.9980
guh_ee_t4_7faf0d31_jpg.rf.GTgwjVZytzHCaAKPxr6B.jpg,493,15,guh_ee_t4,no translation yet,0.9023,0.4997,0.4999,0.9981,0.9990
guh_er_t5_1b06804e_jpg.rf.CHt116qZJ0X50kv9BrZG.jpg,1139,22,guh_er_t5,no translation yet,0.8986,0.5231,0.4519,0.6324,0.3918
guh_medgha_ah_t4_3da47faf_jpg.rf.pmCHZIslc93BZPDZDbBw.jpg,703,1689,guh_medgha_ah_t4,no translation yet,0.8407,0.5002,0.5311,0.6635,0.5496
guh_medgha_ah_t5_984d1c1c_jpg.rf.qDXPV5AF5TylqhkbMOUn.jpg,705,1690,guh_medgha_ah_t5,no translation yet,0.8323,0.5002,0.4999,0.9988,0.9993
guh_medgha_ah_t5_e4b4296a_jpg.rf.IOY0kYVtl9vpMgtLhVTx.jpg,705,1690,guh_medgha_ah_t5,no translation yet,0.4016,0.5241,0.5312,0.6058,0.5500
guh_medgha_ah_t6_a01df5ad_jpg.rf.VChFD04UrgPSIlaSdNzH.jpg,706,1691,guh_medgha_ah_t6,no translation yet,0.6750,0.5002,0.5311,0.6099,0.5495
guh_medgha_aw_t1_7cf01650_jpg.rf.IOijBULhAlsoixHS6UYA.jpg,728,1710,guh_medgha_aw_t1,no translation yet,0.9177,0.4998,0.4994,0.9983,0.9977
guh_medgha_aw_t2_0c2d53d0_jpg.rf.Utn5j8MHwhBpGtUu5uAz.jpg,729,1711,guh_medgha_aw_t2,no translation yet,0.9309,0.4997,0.5000,0.9983,0.9992
guh_medgha_aw_t2_b092fd26_jpg.rf.lEaUaB30tElNYSyeb6Rw.jpg,729,1711,guh_medgha_aw_t2,no translation yet,0.9118,0.5000,0.5001,0.9987,0.9995
guh_medgha_aw_t6_b223ab23_jpg.rf.dSdQLWMtzMLhH6F3Vzd7.jpg,733,1715,guh_medgha_aw_t6,no translation yet,0.8530,0.4997,0.4998,0.9979,0.9978
guh_medgha_ay_t1_9d95703d_jpg.rf.UrEWRpfpVRDev1AjKPHB.jpg,721,1704,guh_medgha_ay_t1,no translation yet,0.9517,0.5003,0.5002,0.9983,0.9995
guh_medgha_ay_t2_fede4a12_jpg.rf.EWSH6dFTpdQfXVj4rxNl.jpg,722,1705,guh_medgha_ay_t2,no translation yet,0.9798,0.5000,0.4994,0.9980,0.9981
guh_medgha_ay_t3_7c25a7d9_jpg.rf.NvwDNyEHDe4vxNfwrLBK.jpg,723,1706,guh_medgha_ay_t3,no translation yet,0.9677,0.5002,0.4998,0.9987,0.9989
guh_medgha_ay_t4_c9b1598a_jpg.rf.FI5Ian0xFJukB8wK6Rur.jpg,724,1707,guh_medgha_ay_t4,no translation yet,0.5293,0.5002,0.5311,0.5891,0.5487
guh_medgha_ee_t2_090f2648_jpg.rf.OWEuXZ9CUY04qe1CztHc.jpg,708,1693,guh_medgha_ee_t2,no translation yet,0.9230,0.4999,0.5000,0.9990,1.0000
guh_medgha_ee_t2_f73f9aba_jpg.rf.GBiENUtOIvjr43x3b8jl.jpg,708,1693,guh_medgha_ee_t2,no translation yet,0.9402,0.5001,0.5001,0.9985,0.9996
guh_medgha_ee_t4_46ea3f99_jpg.rf.O4ydyLt1ZhepRcYbeUav.jpg,710,1695,guh_medgha_ee_t4,no translation yet,0.9232,0.4999,0.4998,0.9985,0.9995
guh_medgha_ee_t6_016fbc19_jpg.rf.pY3teh03H54R8yTG1sxj.jpg,712,1697,guh_medgha_ee_t6,no translation yet,0.9122,0.4998,0.4998,0.9983,0.9990
guh_medgha_eh_t1_888ba2b4_jpg.rf.BhXTWjkBcH6Zb6wxLFkT.jpg,741,1722,guh_medgha_eh_t1,no translation yet,0.9257,0.5001,0.4999,0.9981,0.9998
guh_medgha_eh_t1_976975b6_jpg.rf.MuK6AzDeaYQcUQK2t3vT.jpg,741,1722,guh_medgha_eh_t1,no translation yet,0.9288,0.5001,0.5000,0.9981,1.0000
guh_medgha_eh_t2_7112fef7_jpg.rf.MX0jlEThVBt78EzVy6am.jpg,742,1723,guh_medgha_eh_t2,no translation yet,0.9219,0.5001,0.5004,0.9983,0.9991
guh_medgha_eh_t2_d0b4b815_jpg.rf.jdQtslbPl2OqlACgd2hu.jpg,742,1723,guh_medgha_eh_t2,no translation yet,0.9170,0.5000,0.5001,0.9984,0.9996
guh_medgha_er_t4_e3ee4287_jpg.rf.Tjfwopo4dVLGQbBeuxad.jpg,718,1701,guh_medgha_er_t4,no translation yet,0.9074,0.5003,0.4997,0.9976,0.9985
guh_medgha_er_t5_112ab25e_jpg.rf.JZ2DEpYmXxa6kNPAwiGR.jpg,719,1702,guh_medgha_er_t5,no translation yet,0.9800,0.4999,0.4999,0.9983,0.9991
guh_medgha_oh_t3_fc7072ee_jpg.rf.j5ZPDIu1xGiclTGdho1a.jpg,736,1718,guh_medgha_oh_t3,no translation yet,0.8971,0.5001,0.5004,0.9984,0.9982
guh_medgha_oo_t1_7bb90bea_jpg.rf.orgrAI3hYPLWD1bB7Go1.jpg,747,1728,guh_medgha_oo_t1,no translation yet,0.9639,0.5000,0.4995,0.9983,0.9973
guh_medgha_oo_t2_ec24d89f_jpg.rf.b6uIzD91lkff4tl8S351.jpg,748,1729,guh_medgha_oo_t2,no translation yet,0.9220,0.5002,0.5000,0.9985,0.9989
guh_medgha_oo_t4_1cf18afc_jpg.rf.PzqufpVmeCnVLUiOd1Oa.jpg,751,1731,guh_medgha_oo_t4,no translation yet,0.8846,0.5000,0.4995,0.9986,0.9991
guh_medgha_oo_t4_a02ac00b_jpg.rf.4mQYxm8omHl9AvNJnXaG.jpg,751,1731,guh_medgha_oo_t4,no translation yet,0.8938,0.4999,0.4997,0.9986,0.9993
guh_medgha_oo_t5_9700c06d_jpg.rf.LNERGXgFKgT5MqIDFYd1.jpg,752,1732,guh_medgha_oo_t5,no translation yet,0.6301,0.5239,0.5314,0.5301,0.5510
guh_medgha_u_t1_19f9fc3d_jpg.rf.ijU7z3ufD6qOI7fMfAnR.jpg,754,1734,guh_medgha_u_t1,no translation yet,0.8332,0.5002,0.4994,0.9980,0.9979
guh_medgha_u_t2_25cc2809_jpg.rf.Q0wi4yCgCNsQeze9eML7.jpg,755,1735,guh_medgha_u_t2,no translation yet,0.8672,0.5003,0.5000,0.9985,0.9994
guh_medgha_u_t5_ddcb6c7a_jpg.rf.bi6P7NTeQHygXn1gDh3i.jpg,758,1738,guh_medgha_u_t5,no translation yet,0.7376,0.5000,0.4997,0.9986,0.9986
guh_medla_a_t2_d4221ece_jpg.rf.XnUE2p2NzohUeooxxSar.jpg,496,1501,guh_medla_a_t2,no translation yet,0.9542,0.5002,0.5001,0.9982,0.9989
guh_medla_a_t3_4baa9ebd_jpg.rf.ucxhG3lG6WaDyGNkWMzc.jpg,497,1502,guh_medla_a_t3,no translation yet,0.8415,0.5001,0.4998,0.9986,0.9987
guh_medla_a_t3_4bf36a05_jpg.rf.yqMu3BjGXLd4z1vGFEmZ.jpg,497,1502,guh_medla_a_t3,no translation yet,0.8418,0.5002,0.4999,0.9993,0.9988
guh_medla_a_t4_a05bdb32_jpg.rf.QYxWkvRHJSbR2SpNKeLu.jpg,498,1503,guh_medla_a_t4,no translation yet,0.9228,0.5000,0.5000,0.9978,0.9982
guh_medla_a_t6_cfaab42f_jpg.rf.PwOkgN0K9ikqzqHsAiFl.jpg,500,1505,guh_medla_a_t6,no translation yet,0.9602,0.5000,0.5002,0.9979,0.9983
guh_medla_ah_t2_8b24825c_jpg.rf.OLQotF65gtvhb6MlFOpk.jpg,502,1507,guh_medla_ah_t2,no translation yet,0.6527,0.5030,0.5346,0.6295,0.5580
guh_medla_ah_t3_f0944077_jpg.rf.ViaRyNUrNT8aILVw2kZQ.jpg,503,1508,guh_medla_ah_t3,no translation yet,0.9886,0.5002,0.5001,0.9984,0.9996
guh_medla_ah_t5_aa7c4050_jpg.rf.zq40B8u9EaUr71PEYkJO.jpg,506,1510,guh_medla_ah_t5,no translation yet,0.9260,0.4999,0.4998,0.9984,0.9993
guh_medla_ay_t4_5b9a7b36_jpg.rf.50qANm9eJkXBwpTKyuHq.jpg,524,1527,guh_medla_ay_t4,no translation yet,0.9828,0.4998,0.4998,0.9977,0.9996
guh_medla_ee_t2_3cd9c4da_jpg.rf.CJWG37nW395HkRTQOjSd.jpg,509,1513,guh_medla_ee_t2,no translation yet,0.9216,0.5030,0.5634,0.5521,0.5011
guh_medla_ee_t4_fa30818e_jpg.rf.ZdogXcSdsBhRb5JBlaba.jpg,511,1515,guh_medla_ee_t4,no translation yet,0.9842,0.4998,0.5000,0.9981,1.0000
guh_medla_ee_t5_07a7766d_jpg.rf.dZvmQm7QeSZcS41b1kJP.jpg,512,1516,guh_medla_ee_t5,no translation yet,0.9677,0.5001,0.4997,0.9986,0.9991
guh_medla_eh_t1_fe75f159_jpg.rf.BtwbpkvGHCtgp5z3l31U.jpg,541,1542,guh_medla_eh_t1,no translation yet,0.9662,0.5000,0.4996,0.9978,0.9978
guh_medla_eh_t6_437b1a1b_jpg.rf.XyeXiUlmgFicxoDeoSuf.jpg,546,1547,guh_medla_eh_t6,no translation yet,0.9088,0.4998,0.4996,0.9977,0.9977
guh_medla_er_t1_760481b2_jpg.rf.Whfk3iJZz1ETi0oGNtGe.jpg,514,1518,guh_medla_er_t1,no translation yet,0.9363,0.5003,0.5001,0.9985,0.9989
guh_medla_er_t3_99168ee7_jpg.rf.NpmEfvfG9hFBbl31wSmz.jpg,517,1520,guh_medla_er_t3,no translation yet,0.9546,0.4999,0.5000,0.9982,0.9990
guh_medla_er_t6_750d8f9b_jpg.rf.eVXcm9wN5V5Fn1u88tQw.jpg,520,1523,guh_medla_er_t6,no translation yet,0.9623,0.4997,0.5002,0.9972,0.9997
guh_medla_u_t4_8f3edf42_jpg.rf.wC8SWmNJsbOOR4nyrRBM.jpg,557,1557,guh_medla_u_t4,no translation yet,0.9565,0.5000,0.4997,0.9980,0.9992
guh_medla_u_t6_250a690b_jpg.rf.FwGlQZchLhikWMS6zm4N.jpg,559,1559,guh_medla_u_t6,no translation yet,0.9657,0.4998,0.4998,0.9977,0.9985
guh_medla_u_t6_a5870c13_jpg.rf.vplPdhebmX8G5bh7lKhj.jpg,559,1559,guh_medla_u_t6,no translation yet,0.7520,0.5004,0.5350,0.6710,0.5563
guh_medra_a_t2_503306d8_jpg.rf.ctF9KxDIWVyYbboG8XcP.jpg,562,1561,guh_medra_a_t2,no translation yet,0.9802,0.4999,0.5003,0.9980,0.9989
guh_medra_a_t4_6eb5067e_jpg.rf.mbidyj5kNJJoFXvHVYqI.jpg,564,1563,guh_medra_a_t4,no translation yet,0.9259,0.4999,0.5001,0.9979,0.9986
guh_medra_a_t5_c8564dc0_jpg.rf.GOg5lsRgAXNc73VMw5aV.jpg,565,1564,guh_medra_a_t5,no translation yet,0.5110,0.5261,0.5218,0.6013,0.5695
guh_medra_ah_t3_bc220a75_jpg.rf.6JUEvboU6H6FCkPMnVxv.jpg,569,1568,guh_medra_ah_t3,no translation yet,0.9880,0.5001,0.4998,0.9982,0.9984
guh_medra_ah_t4_cb79fcca_jpg.rf.ENJ6BnRjrslyt1xilepD.jpg,570,1569,guh_medra_ah_t4,no translation yet,0.7236,0.5032,0.5217,0.7322,0.5693
guh_medra_ah_t4_f49cf4d8_jpg.rf.VJtIB4OKBefpXQL0bnWx.jpg,570,1569,guh_medra_ah_t4,no translation yet,0.9709,0.4998,0.4999,0.9985,0.9991
guh_medra_ah_t5_656878c2_jpg.rf.HkFzc5SysZrVeQItb0pG.jpg,572,1570,guh_medra_ah_t5,no translation yet,0.6134,0.5250,0.5216,0.6736,0.5697
guh_medra_ah_t5_d866b50a_jpg.rf.OB4JIz1Qzkkmr2U2V2f5.jpg,572,1570,guh_medra_ah_t5,no translation yet,0.9532,0.4997,0.5000,0.9982,0.9986
guh_medra_aw_t2_3fce6288_jpg.rf.2kE3l6Q6tlW398QfOltd.jpg,595,1591,guh_medra_aw_t2,no translation yet,0.4103,0.5052,0.5218,0.5595,0.5689
guh_medra_aw_t5_a950cd83_jpg.rf.tqIgHYowt732SdYKNq52.jpg,598,1594,guh_medra_aw_t5,no translation yet,0.9472,0.5002,0.4999,0.9983,0.9993
guh_medra_ay_t2_d1c3b8a2_jpg.rf.PplcuxgSHs8OzpCuN5zU.jpg,588,1585,guh_medra_ay_t2,no translation yet,0.9859,0.4997,0.5001,0.9980,0.9995
guh_medra_ee_t1_251c0152_jpg.rf.ffdhqLRD6DcZlxTIJwVX.jpg,574,1572,guh_medra_ee_t1,no translation yet,0.9774,0.4999,0.5001,0.9975,0.9993
guh_medra_ee_t3_3d76c40c_jpg.rf.sZvAKUvKcBPiZt2M6dBv.jpg,576,1574,guh_medra_ee_t3,no translation yet,0.9114,0.5002,0.5000,0.9982,0.9994
guh_medra_ee_t3_b15be2da_jpg.rf.8JxjAg87HTWgHSgxx1D7.jpg,576,1574,guh_medra_ee_t3,no translation yet,0.4296,0.5084,0.5217,0.5971,0.5695
guh_medra_ee_t5_874fd857_jpg.rf.fBuLS6UIl9NOc7HpSh5L.jpg,578,1576,guh_medra_ee_t5,no translation yet,0.9864,0.5001,0.5004,0.9975,0.9988
guh_medra_eh_t1_7c25c36b_jpg.rf.E1ABG2CP7Bk1OTp2AGYR.jpg,608,1602,guh_medra_eh_t1,no translation yet,0.9374,0.4998,0.5000,0.9966,0.9999
guh_medra_eh_t4_09369d2b_jpg.rf.4Uu3IxdCefTByRkaZUMd.jpg,611,1605,guh_medra_eh_t4,no translation yet,0.9198,0.4997,0.4991,0.9977,0.9982
guh_medra_eh_t6_13f07f3f_jpg.rf.K1RZ5pTznif1ZK5n9NMV.jpg,613,1607,guh_medra_eh_t6,no translation yet,0.9434,0.4999,0.4995,0.9974,0.9990
guh_medra_oh_t3_ec391e3c_jpg.rf.99ssK8er3e9FWyPPAXMj.jpg,602,1598,guh_medra_oh_t3,no translation yet,0.9744,0.5001,0.4997,0.9981,0.9989
guh_medra_oo_t1_66100a67_jpg.rf.KYpXDBfNkDzcjjeUgQ3n.jpg,614,1608,guh_medra_oo_t1,no translation yet,0.9409,0.5002,0.5001,0.9989,0.9991
guh_medra_oo_t5_0dea9f9b_jpg.rf.MOwJvHsDFP5jBCJM9kBr.jpg,619,1612,guh_medra_oo_t5,no translation yet,0.7876,0.5249,0.5217,0.7287,0.5700
guh_medra_u_t3_c471529f_jpg.rf.hLV5F0QNhPOaSudahbAL.jpg,623,1616,guh_medra_u_t3,no translation yet,0.9592,0.5001,0.4998,0.9982,0.9993
guh_medra_u_t4_5ef30220_jpg.rf.Zfvg8UgZWL7xZ94xKCqE.jpg,624,1617,guh_medra_u_t4,no translation yet,0.8406,0.5001,0.4996,0.9988,0.9992
guh_medwa_a_t4_65b95f25_jpg.rf.gTRCen9qZRR1jJDtYG2g.jpg,631,1623,guh_medwa_a_t4,no translation yet,0.9348,0.5001,0.5001,0.9979,0.9983
guh_medwa_a_t6_7b3b0ed8_jpg.rf.ZzRjwqnWOQE74dhPn5U4.jpg,633,1625,guh_medwa_a_t6,no translation yet,0.5990,0.4999,0.5328,0.5351,0.5529
guh_medwa_ah_t2_71cefb2c_jpg.rf.CZAclZHkNn7CEahafLHi.jpg,635,1627,guh_medwa_ah_t2,no translation yet,0.8660,0.5001,0.4998,0.9986,0.9988
guh_medwa_aw_t2_f4312edb_jpg.rf.aicvW9oY27EeSLFpKRO1.jpg,662,1651,guh_medwa_aw_t2,no translation yet,0.7962,0.5002,0.5000,0.9987,0.9975
guh_medwa_aw_t3_33473c88_jpg.rf.8WbBRsZT6MTC7z6HFKq2.jpg,663,1652,guh_medwa_aw_t3,no translation yet,0.9407,0.5002,0.5012,0.9991,0.9972
guh_medwa_ay_t2_620d21d4_jpg.rf.26sgYqxhrhncaSF98kp4.jpg,655,1645,guh_medwa_ay_t2,no translation yet,0.9787,0.5002,0.5002,0.9982,0.9995
guh_medwa_ay_t3_4bc77e33_jpg.rf.FhjOwXHL48KihTFXBrBt.jpg,656,1646,guh_medwa_ay_t3,no translation yet,0.9312,0.5001,0.4999,0.9988,0.9988
guh_medwa_ee_t2_b2677043_jpg.rf.WwgYx5s4L3LD5RduMJAE.jpg,642,1633,guh_medwa_ee_t2,no translation yet,0.9205,0.5002,0.4999,0.9984,0.9994
guh_medwa_ee_t4_4b646d96_jpg.rf.AsjxFN3UpnEmoyXHsQ1e.jpg,644,1635,guh_medwa_ee_t4,no translation yet,0.9081,0.5001,0.4997,0.9988,0.9986
guh_medwa_ee_t5_69ec0fb6_jpg.rf.YTgsO8JtWn9TXCi4Wxxl.jpg,645,1636,guh_medwa_ee_t5,no translation yet,0.9558,0.5003,0.5000,0.9985,0.9989
guh_medwa_ee_t6_411e8889_jpg.rf.BZEVUlTpppgkFbPZatFk.jpg,646,1637,guh_medwa_ee_t6,no translation yet,0.8657,0.5004,0.5000,0.9979,0.9997
guh_medwa_eh_t3_a534691b_jpg.rf.eWA7OspPV31mNZJher8B.jpg,676,1664,guh_medwa_eh_t3,no translation yet,0.8886,0.5002,0.4995,0.9983,0.9971
guh_medwa_eh_t5_93844b96_jpg.rf.h6jCOfmicPWQH6pvxaFR.jpg,678,1666,guh_medwa_eh_t5,no translation yet,0.9545,0.4999,0.4997,0.9981,0.9990
guh_medwa_eh_t6_f7faf64b_jpg.rf.Xljrn6WtsRZEWFCo1Z97.jpg,679,1667,guh_medwa_eh_t6,no translation yet,0.8918,0.5002,0.4999,0.9973,0.9986
guh_medwa_er_t1_03112d43_jpg.rf.m72159dfJN1rgLzlV7Bz.jpg,647,1638,guh_medwa_er_t1,no translation yet,0.7555,0.4991,0.6136,0.4810,0.3911
guh_medwa_er_t5_06807580_jpg.rf.YqublLqwe7OH0eskDnX2.jpg,652,1642,guh_medwa_er_t5,no translation yet,0.9084,0.5001,0.5000,0.9982,0.9977
guh_medwa_oh_t5_17182498_jpg.rf.0kGc8MDkPRNkFxQwwUMn.jpg,672,1660,guh_medwa_oh_t5,no translation yet,0.9629,0.5002,0.4994,0.9981,0.9975
guh_medya_ah_t2_3ccdbb0c_jpg.rf.tK9Q3u1UBpyJP5bfYO5z.jpg,768,1747,guh_medya_ah_t2,no translation yet,0.9300,0.4999,0.5001,0.9979,0.9997
guh_medya_ah_t3_61262106_jpg.rf.nnebrvLypkRVZb7HzJhF.jpg,769,1748,guh_medya_ah_t3,no translation yet,0.8336,0.5002,0.4999,0.9986,0.9995
guh_medya_ah_t6_20b4f17f_jpg.rf.WbUl9X9RdtAlNbZEQZzd.jpg,773,1751,guh_medya_ah_t6,no translation yet,0.9353,0.5000,0.5000,0.9981,0.9990
guh_medya_er_t3_1fb4c589_jpg.rf.LKzK7sps8i1XeQoWvGK5.jpg,777,1760,guh_medya_er_t3,no translation yet,0.8802,0.4996,0.5002,0.9980,0.9995
guh_medya_oh_t1_84fc2fad_jpg.rf.LBsTjcgqaSj6wX8RgvPN.jpg,784,1776,guh_medya_oh_t1,no translation yet,0.8883,0.5002,0.4998,0.9976,0.9996
guh_medya_oh_t2_81022b2a_jpg.rf.xpCCITzDN02POtt8zJUg.jpg,785,1777,guh_medya_oh_t2,no translation yet,0.6995,0.5025,0.5315,0.4887,0.5500
guh_medya_oh_t5_093041d5_jpg.rf.N557coYxyo709vLUPZvb.jpg,789,1780,guh_medya_oh_t5,no translation yet,0.9296,0.5001,0.4999,0.9983,0.9991
guh_medya_oh_t6_fbd0a67e_jpg.rf.23FzSSN0NSo5hmhporsg.jpg,790,1781,guh_medya_oh_t6,no translation yet,0.8605,0.5000,0.4998,0.9986,0.9990
guh_medya_oo_t3_2deed296_jpg.rf.2BA9FNpy60EBbiVsyGi3.jpg,797,1790,guh_medya_oo_t3,no translation yet,0.7488,0.5002,0.5002,0.9986,0.9997
guh_medya_oo_t3_499fb6b3_jpg.rf.0ZfRHU3o7d3WaTfoRXbS.jpg,797,1790,guh_medya_oo_t3,no translation yet,0.7147,0.5001,0.4999,0.9982,0.9997
guh_medya_oo_t5_4b135a0b_jpg.rf.fP7Y0lrTj2H9u1Uqvhj0.jpg,799,1792,guh_medya_oo_t5,no translation yet,0.8976,0.4999,0.4998,0.9978,0.9993
guh_medya_u_t4_90842cb6_jpg.rf.k9Tj0cXlxcw6BE5Uf2KB.jpg,804,1797,guh_medya_u_t4,no translation yet,0.9677,0.5001,0.4997,0.9986,0.9992
guh_oh_t1_2e861a5d_jpg.rf.4IRJUxEgZALXQKowbOo6.jpg,2071,36,guh_oh_t1,no translation yet,0.7235,0.5000,0.4516,0.3811,0.3916
guh_oh_t4_05063a2b_jpg.rf.XwS0YpIVI6K95CEQ11Tt.jpg,2104,39,guh_oh_t4,no translation yet,0.9185,0.4998,0.4999,0.9973,0.9971
guh_oh_t5_6ec191f2_jpg.rf.DOVTKIYATUNbleSYaGqp.jpg,2198,40,guh_oh_t5,no translation yet,0.9798,0.5001,0.5001,0.9984,0.9992
hcah_a_t1_6cb56302_jpg.rf.ZFYdKvnBHBkvPgSUCT0B.jpg,808,180,hcah_a_t1,no translation yet,0.9670,0.4997,0.4998,0.9986,0.9995
hcah_a_t5_cdbe1349_jpg.rf.H16Vb3nFcCEc71RndrPi.jpg,812,184,hcah_a_t5,no translation yet,0.9570,0.5001,0.5000,0.9989,0.9999
hcah_aw_t5_48ebc1b9_jpg.rf.pvoXX9IQfpfBc0PG4BWK.jpg,1077,214,hcah_aw_t5,no translation yet,0.9335,0.4998,0.5000,0.9986,0.9996
hcah_ay_t1_4c5a8729_jpg.rf.CV7GIpS4NcLYJL6z6M2E.jpg,966,204,hcah_ay_t1,no translation yet,0.9722,0.5002,0.5001,0.9978,0.9994
hcah_ay_t4_10786547_jpg.rf.a3uosfr4Y7uqoM7daeq2.jpg,999,207,hcah_ay_t4,no translation yet,0.8278,0.5005,0.4994,0.9991,0.9973
hcah_ay_t6_413dbb5a_jpg.rf.iZNemcGzJTt3Lef2T1lt.jpg,1021,209,hcah_ay_t6,no translation yet,0.8103,0.4999,0.4992,0.9984,0.9969
hcah_ee_t4_6e341c42_jpg.rf.9evb8XCFxK06Mg9CdZiA.jpg,925,195,hcah_ee_t4,no translation yet,0.9070,0.5001,0.4993,0.9988,0.9979
hcah_ee_t5_2f9d8eb7_jpg.rf.yRlptaQQgYjyPGyWoLEx.jpg,936,196,hcah_ee_t5,no translation yet,0.5523,0.5220,0.4519,0.5288,0.3908
hcah_ee_t6_6208c609_jpg.rf.jYAfNykoAK13j5zDTqUx.jpg,947,197,hcah_ee_t6,no translation yet,0.7621,0.4983,0.4522,0.5335,0.3895
hcah_eh_t3_39585515_jpg.rf.PtnNOdJDIsamEUoYCbWl.jpg,1182,224,hcah_eh_t3,no translation yet,0.9399,0.4999,0.4996,0.9975,0.9979
hcah_er_t2_b6297c6c_jpg.rf.R4m4OOl9XqNrtXeZH268.jpg,959,199,hcah_er_t2,no translation yet,0.9404,0.5011,0.5327,0.5898,0.2306
hcah_medgha_a_t6_226e11b1_jpg.rf.VDm49yX60Vb0MH6aJbQP.jpg,1534,2585,hcah_medgha_a_t6,no translation yet,0.5965,0.5000,0.4995,0.9982,0.9985
hcah_medgha_ah_t3_4bcb6d2e_jpg.rf.baocjCcpQc88DABPf37e.jpg,1537,2588,hcah_medgha_ah_t3,no translation yet,0.8394,0.5042,0.5309,0.6018,0.5502
hcah_medgha_aw_t3_ae3b5711_jpg.rf.UpQMz3TBVgkbFyFTo89a.jpg,1562,2612,hcah_medgha_aw_t3,no translation yet,0.5249,0.5038,0.5310,0.5260,0.5499
hcah_medgha_ay_t1_c71385fb_jpg.rf.VniD83rYQZZdbCmyThau.jpg,1554,2604,hcah_medgha_ay_t1,no translation yet,0.9638,0.5002,0.4996,0.9983,0.9992
hcah_medgha_ay_t2_a4f08831_jpg.rf.lxW7cA0AV2abyAqxJHSz.jpg,1555,2605,hcah_medgha_ay_t2,no translation yet,0.6440,0.4999,0.4997,0.9986,0.9982
hcah_medgha_ee_t3_25192b98_jpg.rf.scBkeCUK9KkXZAZDdAhV.jpg,1543,2594,hcah_medgha_ee_t3,no translation yet,0.5324,0.5037,0.5598,0.5259,0.4928
hcah_medgha_ee_t3_3a023ff0_jpg.rf.ye40Vq6JlIo2rCGntFck.jpg,1543,2594,hcah_medgha_ee_t3,no translation yet,0.8866,0.5001,0.4999,0.9987,0.9991
hcah_medgha_eh_t1_43ec91ea_jpg.rf.RWsXnCrJQeN9lPrCths8.jpg,1572,2622,hcah_medgha_eh_t1,no translation yet,0.9359,0.5001,0.4999,0.9985,0.9996
hcah_medgha_eh_t5_2d0b8f11_jpg.rf.zf2jN9B1mh16MpJWeOBL.jpg,1576,2626,hcah_medgha_eh_t5,no translation yet,0.5243,0.5221,0.5311,0.5283,0.5513
hcah_medgha_er_t4_2fcfc81e_jpg.rf.lYeXUjEmvXU1I6bFUA2C.jpg,1551,2601,hcah_medgha_er_t4,no translation yet,0.9389,0.5003,0.5001,0.9983,0.9991
hcah_medgha_oo_t1_5511aa73_jpg.rf.Tvg9Bw783asUerEgl6tS.jpg,1578,2628,hcah_medgha_oo_t1,no translation yet,0.8000,0.5005,0.4995,0.9980,0.9979
hcah_medgha_u_t3_64fd0ff9_jpg.rf.5NbkX4Z1upFi1kK0DeIx.jpg,1586,2636,hcah_medgha_u_t3,no translation yet,0.7351,0.5005,0.5000,0.9980,0.9983
hcah_medgha_u_t5_5b0cd487_jpg.rf.CIPAghtjGJycLGzioSCd.jpg,1588,2638,hcah_medgha_u_t5,no translation yet,0.4740,0.5218,0.5314,0.5293,0.5507
hcah_medgha_u_t6_ea490fa3_jpg.rf.PnWWOoboDQuEXJsqi9uQ.jpg,1589,2639,hcah_medgha_u_t6,no translation yet,0.8180,0.5002,0.4998,0.9987,0.9983
hcah_medla_a_t1_19f764dd_jpg.rf.fHalDDQ29jGklQgUZ5c8.jpg,1348,2400,hcah_medla_a_t1,no translation yet,0.7204,0.5002,0.4999,0.9987,0.9996
hcah_medla_a_t3_f9b1ee4c_jpg.rf.1HangGBZTvoa1MDFgPMA.jpg,1350,2402,hcah_medla_a_t3,no translation yet,0.8437,0.4999,0.5000,0.9987,0.9991
hcah_medla_aw_t1_1f7d545a_jpg.rf.fmL2GCJtjdjcH0INnAmX.jpg,1378,2430,hcah_medla_aw_t1,no translation yet,0.6765,0.4971,0.5351,0.4411,0.5591
hcah_medla_aw_t3_02305a5c_jpg.rf.pViGuRydCxBo68sjhlJw.jpg,1380,2432,hcah_medla_aw_t3,no translation yet,0.9607,0.5000,0.5002,0.9985,0.9988
hcah_medla_aw_t6_8ef840e1_jpg.rf.qMKJ8CLYOnxGlIZjApdZ.jpg,1383,2435,hcah_medla_aw_t6,no translation yet,0.9195,0.5000,0.5004,0.9986,0.9979
hcah_medla_ay_t4_615327bb_jpg.rf.uT3oUk7xErBytOdhLiRJ.jpg,1375,2427,hcah_medla_ay_t4,no translation yet,0.8013,0.4999,0.5002,0.9979,0.9978
hcah_medla_ay_t4_a38e4a7a_jpg.rf.gjF7CeEEN5c5ukh1uQC3.jpg,1375,2427,hcah_medla_ay_t4,no translation yet,0.7641,0.4998,0.5000,0.9979,0.9992
hcah_medla_ee_t2_b74b63d6_jpg.rf.ssp6AOSOz3dqIOAjVYo3.jpg,1361,2413,hcah_medla_ee_t2,no translation yet,0.8938,0.5003,0.4998,0.9983,0.9993
hcah_medla_ee_t2_ced10e87_jpg.rf.qY54BemnQJJepKt60HRd.jpg,1361,2413,hcah_medla_ee_t2,no translation yet,0.8865,0.5002,0.4997,0.9989,0.9993
hcah_medla_ee_t6_f4041b35_jpg.rf.kGWjsFdLxWlcMEXgUleC.jpg,1365,2417,hcah_medla_ee_t6,no translation yet,0.5598,0.4987,0.5346,0.5971,0.5568
hcah_medla_eh_t1_c3eab847_jpg.rf.vzE6dM5VBnnkp3KG4PWg.jpg,1390,2442,hcah_medla_eh_t1,no translation yet,0.9732,0.4999,0.4997,0.9977,0.9991
hcah_medla_eh_t4_a098fd3b_jpg.rf.hIzvKfY0zhAWJbnI9yiy.jpg,1393,2445,hcah_medla_eh_t4,no translation yet,0.8065,0.4996,0.5001,0.9984,0.9990
hcah_medla_er_t2_db7e99d5_jpg.rf.xfdcGvJQoOIH9gQqtmAF.jpg,1367,2419,hcah_medla_er_t2,no translation yet,0.9348,0.5002,0.5003,0.9982,0.9994
hcah_medla_oh_t1_cf497c10_jpg.rf.7UqPlLvUdwEJ4jy2VKvV.jpg,1384,2436,hcah_medla_oh_t1,no translation yet,0.9380,0.5004,0.4995,0.9984,0.9989
hcah_medla_oh_t3_eaa981ae_jpg.rf.JQzcQ6qHxnNcOIEkEP7l.jpg,1386,2438,hcah_medla_oh_t3,no translation yet,0.4255,0.5046,0.5350,0.5906,0.5575
hcah_medla_oh_t5_86b16b97_jpg.rf.8nFrxvMpGdlDyPmQLs7m.jpg,1388,2440,hcah_medla_oh_t5,no translation yet,0.9673,0.4999,0.4995,0.9987,0.9986
hcah_medla_oo_t1_3d56a899_jpg.rf.fIsHfaa1iUJ7uwUVkhwa.jpg,1396,2448,hcah_medla_oo_t1,no translation yet,0.9556,0.5004,0.5000,0.9989,0.9993
hcah_medla_oo_t3_1b7d9b63_jpg.rf.E9N5TmiB0P7aG1b1tUqR.jpg,1398,2450,hcah_medla_oo_t3,no translation yet,0.9303,0.5004,0.5004,0.9979,0.9991
hcah_medla_u_t1_40d4aab6_jpg.rf.5JhaevnF7lcAucmrpNSL.jpg,1402,2454,hcah_medla_u_t1,no translation yet,0.9942,0.5005,0.4992,0.9989,0.9980
hcah_medla_u_t3_4e2b9c03_jpg.rf.iBbNRHkcWSsvmugd35wz.jpg,1404,2456,hcah_medla_u_t3,no translation yet,0.8253,0.5002,0.4998,0.9985,0.9996
hcah_medra_a_t2_4436d9df_jpg.rf.6YNS7312KNZo07baWmrM.jpg,1409,2461,hcah_medra_a_t2,no translation yet,0.9713,0.4999,0.4998,0.9986,0.9993
hcah_medra_a_t6_c696bc0b_jpg.rf.b8c3SsCF814j6cm1C04c.jpg,1413,2465,hcah_medra_a_t6,no translation yet,0.6891,0.4999,0.4998,0.9984,0.9989
hcah_medra_ah_t3_c5072584_jpg.rf.zhj8zd49Us6AkRdM6tpj.jpg,1416,2468,hcah_medra_ah_t3,no translation yet,0.8822,0.5001,0.5001,0.9978,0.9970
hcah_medra_aw_t4_2430953a_jpg.rf.Z6T0jgiZrfLvavfKdlNs.jpg,1441,2493,hcah_medra_aw_t4,no translation yet,0.8917,0.4998,0.4993,0.9983,0.9980
hcah_medra_aw_t5_73efb20e_jpg.rf.aNB5tDMAT3bWIkkdUWuJ.jpg,1442,2494,hcah_medra_aw_t5,no translation yet,0.9160,0.5001,0.4993,0.9983,0.9975
hcah_medra_aw_t6_39f0526d_jpg.rf.RVzjq1W94cMaux5RPngr.jpg,1443,2495,hcah_medra_aw_t6,no translation yet,0.9274,0.5002,0.5001,0.9989,0.9987
hcah_medra_ee_t5_3023180d_jpg.rf.flLLghVG7uPX4TOmq7XT.jpg,1424,2476,hcah_medra_ee_t5,no translation yet,0.9173,0.4995,0.4997,0.9976,0.9988
hcah_medra_eh_t1_6bda85ab_jpg.rf.1VsVjYu4Qm3Icv737t3q.jpg,1451,2502,hcah_medra_eh_t1,no translation yet,0.8717,0.5002,0.4998,0.9977,0.9989
hcah_medra_er_t5_269e5f3c_jpg.rf.maxqhQIGoosIibpnjATg.jpg,1430,2482,hcah_medra_er_t5,no translation yet,0.9715,0.5001,0.4996,0.9987,0.9988
hcah_medra_oo_t3_9e878732_jpg.rf.3JNhpqULaZNwafl2GqIm.jpg,1459,2510,hcah_medra_oo_t3,no translation yet,0.9624,0.5000,0.5001,0.9992,0.9993
hcah_medra_u_t5_929bf028_jpg.rf.RRwAacDtNcdboAORS0Tb.jpg,1467,2518,hcah_medra_u_t5,no translation yet,0.7482,0.5240,0.5218,0.6662,0.5700
hcah_medwa_a_t2_003bb7a4_jpg.rf.NVD0L8m086qRP3xNED0c.jpg,1470,2521,hcah_medwa_a_t2,no translation yet,0.8788,0.4998,0.4998,0.9979,0.9988
hcah_medwa_a_t3_ee8efed9_jpg.rf.V9XFEPBoqIhtODBYYd9l.jpg,1471,2522,hcah_medwa_a_t3,no translation yet,0.9248,0.5001,0.5000,0.9983,0.9984
hcah_medwa_ay_t4_531912ab_jpg.rf.6rP1V9x764vlLkMBkZlJ.jpg,1496,2547,hcah_medwa_ay_t4,no translation yet,0.8797,0.5000,0.5003,0.9991,0.9992
hcah_medwa_ay_t4_b032f107_jpg.rf.kJAbrbGujqDcVFIR3EGQ.jpg,1496,2547,hcah_medwa_ay_t4,no translation yet,0.8912,0.5001,0.4995,0.9984,0.9983
hcah_medwa_ee_t1_7302b0e3_jpg.rf.4Hn6HlRMN8Zm1tP39O7h.jpg,1481,2532,hcah_medwa_ee_t1,no translation yet,0.6246,0.4984,0.5615,0.3811,0.4965
hcah_medwa_eh_t3_217612f8_jpg.rf.DaDaNS4lIpkHNz7zwItr.jpg,1513,2564,hcah_medwa_eh_t3,no translation yet,0.7978,0.5038,0.5467,0.5268,0.5252
hcah_medwa_eh_t5_290933de_jpg.rf.5tF3IGevUMLDhTrKse6U.jpg,1515,2566,hcah_medwa_eh_t5,no translation yet,0.8824,0.5000,0.4999,0.9982,0.9983
hcah_medwa_er_t2_0cb61d54_jpg.rf.bI9RoHLoV6YTpAj4pnmW.jpg,1488,2539,hcah_medwa_er_t2,no translation yet,0.7082,0.5009,0.6139,0.5891,0.3924
hcah_medwa_er_t4_32117ae5_jpg.rf.NToH8F4guDKdLRt1kNGu.jpg,1490,2541,hcah_medwa_er_t4,no translation yet,0.8779,0.4994,0.4997,0.9972,0.9975
hcah_medwa_oh_t4_71337b98_jpg.rf.r14LKjux0o9XhYdAu8hg.jpg,1508,2559,hcah_medwa_oh_t4,no translation yet,0.8156,0.5000,0.5002,0.9993,0.9988
hcah_medwa_oo_t2_f19fb9b1_jpg.rf.HceVlwu3ZSmMzYnRub5V.jpg,1518,2569,hcah_medwa_oo_t2,no translation yet,0.8228,0.5002,0.4999,0.9985,0.9993
hcah_medwa_u_t1_5ee4c178_jpg.rf.OOg23ZxZjgNgeTAEID7n.jpg,1523,2574,hcah_medwa_u_t1,no translation yet,0.9839,0.5003,0.4996,0.9992,0.9986
hcah_medwa_u_t2_f910f0cc_jpg.rf.xbJq1qy4rATvfVInPusc.jpg,1524,2575,hcah_medwa_u_t2,no translation yet,0.9151,0.5004,0.4998,0.9982,0.9986
hcah_medwa_u_t3_dffb95d1_jpg.rf.6WWNRnq6FNO3yXjWl9f7.jpg,1525,2576,hcah_medwa_u_t3,no translation yet,0.8701,0.5003,0.5000,0.9984,0.9983
hcah_medwa_u_t4_8128a7d4_jpg.rf.A2XNVHQJylHvXJpEr6cA.jpg,1526,2577,hcah_medwa_u_t4,no translation yet,0.8830,0.5002,0.4998,0.9983,0.9988
hcah_medya_a_t3_ae28566f_jpg.rf.bfoEwqRzTDoHRRAlART9.jpg,1592,2642,hcah_medya_a_t3,no translation yet,0.6556,0.5000,0.5002,0.9992,0.9991
hcah_medya_a_t4_9e9a9703_jpg.rf.Nk53UnzKcebeeu1xnpNC.jpg,1593,2643,hcah_medya_a_t4,no translation yet,0.8924,0.5000,0.5000,0.9984,0.9991
hcah_medya_ah_t1_b83c3a8a_jpg.rf.9ZcZxYDolnXrE9OjORRA.jpg,1596,2646,hcah_medya_ah_t1,no translation yet,0.9897,0.5003,0.4995,0.9993,0.9991
hcah_medya_ah_t2_6c3ca0ad_jpg.rf.UwU70BpMRlo0O6DUGzfP.jpg,1597,2647,hcah_medya_ah_t2,no translation yet,0.9860,0.5004,0.5002,0.9986,0.9985
hcah_medya_aw_t4_40eca895_jpg.rf.lxfmIdbNiVajEaH9OSw9.jpg,1605,2673,hcah_medya_aw_t4,no translation yet,0.8904,0.5001,0.5003,0.9995,0.9992
hkuh_medla_oo_t3_5d0a3a64_jpg.rf.Z2u25Qhtj81m57Hkvouu.jpg,815,1850,hkuh_medla_oo_t3,no translation yet,0.8954,0.5001,0.4998,0.9986,0.9993
hkuh_medla_oo_t4_325613f3_jpg.rf.hP9DsF1mmpgUdeTN5V7J.jpg,816,1851,hkuh_medla_oo_t4,no translation yet,0.7163,0.4999,0.4998,0.9991,0.9994
hkuh_medla_u_t2_a492ba06_jpg.rf.I6v5bCdRkP6xW1uJ6EcB.jpg,820,1855,hkuh_medla_u_t2,no translation yet,0.6084,0.4996,0.6154,0.4701,0.3958
hkuh_medla_u_t6_a8f57648_jpg.rf.HAJ7YLz2cIZo1CUD113B.jpg,824,1859,hkuh_medla_u_t6,no translation yet,0.8651,0.5000,0.5000,0.9987,0.9990
hkuh_medra_a_t1_1dcb9884_jpg.rf.MQZg07un8tpk6DamN1hS.jpg,826,1860,hkuh_medra_a_t1,no translation yet,0.9634,0.5001,0.5000,0.9989,1.0000
hkuh_medra_ah_t5_780400c5_jpg.rf.DaIU1pS7Y7zE9rkGneSU.jpg,837,1870,hkuh_medra_ah_t5,no translation yet,0.9137,0.5000,0.5001,0.9992,0.9992
hkuh_medra_aw_t1_37b97efc_jpg.rf.6IclB6OwmBquAM3qCxnX.jpg,859,1890,hkuh_medra_aw_t1,no translation yet,0.8163,0.5004,0.5000,0.9987,1.0000
hkuh_medra_aw_t6_71cca81b_jpg.rf.SkSPgq5vst7XKRdS35R5.jpg,864,1895,hkuh_medra_aw_t6,no translation yet,0.9531,0.5001,0.5002,0.9987,0.9993
hkuh_medra_ay_t1_ac1e0d93_jpg.rf.h3JSdFLbfQcAcZUhYEzJ.jpg,852,1884,hkuh_medra_ay_t1,no translation yet,0.9293,0.5002,0.4996,0.9982,0.9992
hkuh_medra_ay_t1_be78d84f_jpg.rf.3FSv62AxBoT0fqf4u8RV.jpg,852,1884,hkuh_medra_ay_t1,no translation yet,0.9244,0.5003,0.4998,0.9984,0.9996
hkuh_medra_ay_t4_8bcca406_jpg.rf.zeQAeM9rJvAToE7aEVGo.jpg,855,1887,hkuh_medra_ay_t4,no translation yet,0.5691,0.5019,0.5215,0.4964,0.5698
hkuh_medra_ay_t5_4bbacb6d_jpg.rf.VHDWZAkgxdpPmWUjPmig.jpg,856,1888,hkuh_medra_ay_t5,no translation yet,0.9131,0.5001,0.4997,0.9985,0.9981
hkuh_medra_ee_t6_0f321f14_jpg.rf.WqCzuLIDFGzraLPLLXby.jpg,844,1877,hkuh_medra_ee_t6,no translation yet,0.4038,0.5023,0.5216,0.4429,0.5697
hkuh_medra_eh_t1_4b84d9d1_jpg.rf.CyD3Z0Ps0xn6dijyTES5.jpg,873,1902,hkuh_medra_eh_t1,no translation yet,0.5302,0.5042,0.5215,0.2950,0.5699
hkuh_medra_eh_t5_3e394438_jpg.rf.zGtv4QpIFSeK8ngQ4xSI.jpg,877,1906,hkuh_medra_eh_t5,no translation yet,0.8812,0.5001,0.5000,0.9988,0.9999
hkuh_medra_eh_t5_cc5cebe6_jpg.rf.sevKe14nPc5Jf8eZxzQj.jpg,877,1906,hkuh_medra_eh_t5,no translation yet,0.8844,0.5003,0.5000,0.9986,0.9998
hkuh_medra_eh_t6_e2650826_jpg.rf.UmyOBNRz5ziKzPfmfwHw.jpg,878,1907,hkuh_medra_eh_t6,no translation yet,0.9661,0.5002,0.5005,0.9983,0.9990
hkuh_medra_er_t6_e1f296f9_jpg.rf.nt9hyYPAMl8lSdRzmvjK.jpg,851,1883,hkuh_medra_er_t6,no translation yet,0.7132,0.4998,0.5002,0.9990,0.9989
hkuh_medra_oh_t4_43f95c60_jpg.rf.Og1GWy5UCB0pe47iusAV.jpg,868,1899,hkuh_medra_oh_t4,no translation yet,0.5851,0.5002,0.4996,0.9989,0.9989
hkuh_medra_oh_t5_29a089fe_jpg.rf.pD39UAyjXqclB2gSIgrp.jpg,871,1900,hkuh_medra_oh_t5,no translation yet,0.9611,0.5002,0.4998,0.9986,0.9991
hkuh_medra_oh_t6_c8c7be5f_jpg.rf.55Ew42D5ZjOdeg2lI4aL.jpg,872,1901,hkuh_medra_oh_t6,no translation yet,0.9346,0.5001,0.4998,0.9986,0.9991
hkuh_medra_oo_t2_f6a3206c_jpg.rf.qoHmkzV9SmtYth3omYDX.jpg,880,1909,hkuh_medra_oo_t2,no translation yet,0.8110,0.5005,0.4997,0.9983,0.9988
hkuh_medra_oo_t3_d8979e8e_jpg.rf.zboJuNCRmzUIwA9uDDnO.jpg,882,1910,hkuh_medra_oo_t3,no translation yet,0.8616,0.5000,0.5001,0.9984,0.9990
hkuh_medra_u_t2_74e14271_jpg.rf.AIEAPw7w5f9eioWKS16s.jpg,887,1915,hkuh_medra_u_t2,no translation yet,0.9774,0.5001,0.4995,0.9984,0.9991
hkuh_medwa_a_t4_c6e46428_jpg.rf.RLzpSVkyiEhY46FSpNw7.jpg,896,1923,hkuh_medwa_a_t4,no translation yet,0.9478,0.5003,0.4993,0.9980,0.9980
hkuh_medwa_ah_t3_14734b1d_jpg.rf.nK9CUtoQ8lZyjTn1Td2j.jpg,901,1928,hkuh_medwa_ah_t3,no translation yet,0.9160,0.4999,0.4996,0.9986,0.9982
hkuh_medwa_ah_t4_c14dcd7e_jpg.rf.sc8YIpeCoalnWZwXZKZP.jpg,902,1929,hkuh_medwa_ah_t4,no translation yet,0.9589,0.4997,0.4999,0.9983,0.9991
hkuh_medwa_ah_t5_05865aa2_jpg.rf.JosHxeQCFIZ6RsdGlNpV.jpg,904,1930,hkuh_medwa_ah_t5,no translation yet,0.8759,0.5001,0.4991,0.9985,0.9980
hkuh_medwa_aw_t1_7831ca19_jpg.rf.ELKB2Ga4QclcfrkkkNPn.jpg,926,1950,hkuh_medwa_aw_t1,no translation yet,0.8230,0.4998,0.4999,0.9976,0.9996
hkuh_medwa_aw_t3_21fffcc1_jpg.rf.PkgctDlGa8wQ5fJqWQ7V.jpg,928,1952,hkuh_medwa_aw_t3,no translation yet,0.9402,0.4999,0.4999,0.9974,0.9994
hkuh_medwa_aw_t6_76a9024c_jpg.rf.J4SaMkzSW4qThgJfs2a2.jpg,931,1955,hkuh_medwa_aw_t6,no translation yet,0.9802,0.4995,0.4998,0.9978,0.9993
hkuh_medwa_ay_t2_583e4fc7_jpg.rf.ymb8xR3XuYbwfc6vlVXw.jpg,920,1945,hkuh_medwa_ay_t2,no translation yet,0.9670,0.5003,0.5000,0.9969,0.9994
hkuh_medwa_ay_t4_f7f06e54_jpg.rf.6Q1QSv8qQpTyl1o3neRI.jpg,922,1947,hkuh_medwa_ay_t4,no translation yet,0.7480,0.5002,0.4996,0.9990,0.9983
hkuh_medwa_ay_t5_711972f1_jpg.rf.rR1MnSrxmx2khrACYw4S.jpg,923,1948,hkuh_medwa_ay_t5,no translation yet,0.9585,0.5000,0.4999,0.9983,0.9995
hkuh_medwa_ay_t6_23df0221_jpg.rf.sixrqQCgRaNh6hkY9ZMh.jpg,924,1949,hkuh_medwa_ay_t6,no translation yet,0.9770,0.5002,0.4995,0.9978,0.9990
hkuh_medwa_eh_t3_4ef07831_jpg.rf.GSOuktfVll20nUgvGaxR.jpg,941,1964,hkuh_medwa_eh_t3,no translation yet,0.8827,0.5006,0.4999,0.9981,0.9998
hkuh_medwa_eh_t5_0a77f8e1_jpg.rf.OFXlEg2J6N0fQOR2NckW.jpg,943,1966,hkuh_medwa_eh_t5,no translation yet,0.7705,0.5001,0.4996,0.9976,0.9992
hkuh_medwa_eh_t5_f2e8c99c_jpg.rf.24dJIHBMLcH4gS9FI77n.jpg,943,1966,hkuh_medwa_eh_t5,no translation yet,0.8044,0.5002,0.4999,0.9973,0.9996
hkuh_medwa_er_t3_e12b1143_jpg.rf.biLv0h23H6v0zSLuD5G7.jpg,915,1940,hkuh_medwa_er_t3,no translation yet,0.9485,0.5001,0.4997,0.9987,0.9981
hkuh_medwa_oh_t3_5874d5c3_jpg.rf.bNIIiE9KIbYBLlaqhgIR.jpg,934,1958,hkuh_medwa_oh_t3,no translation yet,0.7203,0.5001,0.4997,0.9975,0.9985
hkuh_medwa_oh_t5_5439a252_jpg.rf.iyemKLOXAUaFBS7pDIXT.jpg,937,1960,hkuh_medwa_oh_t5,no translation yet,0.8373,0.4997,0.4998,0.9982,0.9989
hkuh_medwa_oo_t2_630cfb33_jpg.rf.sZWr4ttYA6DsZJcHAejR.jpg,946,1969,hkuh_medwa_oo_t2,no translation yet,0.9456,0.4998,0.4997,0.9982,0.9982
hkuh_medwa_u_t1_415ed479_jpg.rf.XY8WUKnofDLsIEP003VW.jpg,952,1974,hkuh_medwa_u_t1,no translation yet,0.8930,0.4997,0.4997,0.9977,0.9993
hkuh_medwa_u_t3_4e210e43_jpg.rf.DfzHXKAaB2vxS0jPFVSS.jpg,954,1976,hkuh_medwa_u_t3,no translation yet,0.9224,0.5002,0.5001,0.9985,0.9991
hkuh_medwa_u_t4_86d589d6_jpg.rf.6zxWB3plPMEKARD4Gt2j.jpg,955,1977,hkuh_medwa_u_t4,no translation yet,0.9357,0.5002,0.4996,0.9983,0.9989
hkuh_medwa_u_t5_1633aa77_jpg.rf.8D1tVWQEXbkcdE8pAYY0.jpg,956,1978,hkuh_medwa_u_t5,no translation yet,0.8967,0.5001,0.4993,0.9986,0.9982
hkuh_medya_a_t6_c724c7c1_jpg.rf.6GOqmDRvHVVA5XOkdWxg.jpg,972,2045,hkuh_medya_a_t6,no translation yet,0.8519,0.4997,0.4998,0.9986,0.9996
hkuh_medya_ah_t2_e0b24f36_jpg.rf.OVafEUms8aqzv9TSlrzf.jpg,974,2047,hkuh_medya_ah_t2,no translation yet,0.9001,0.5003,0.4998,0.9990,0.9997
hkuh_medya_ah_t3_be9d8cb6_jpg.rf.JMiI5lNUdGZAQa2Ohl0T.jpg,975,2048,hkuh_medya_ah_t3,no translation yet,0.9834,0.5000,0.4999,0.9984,0.9996
hkuh_medya_aw_t1_eac2c283_jpg.rf.ZRpVOstvRBpi0CipmH1B.jpg,1000,2070,hkuh_medya_aw_t1,no translation yet,0.9659,0.5001,0.5000,0.9977,1.0000
hkuh_medya_aw_t2_b96a3598_jpg.rf.k8rzKygvKpkgls5fkfgC.jpg,1001,2071,hkuh_medya_aw_t2,no translation yet,0.9792,0.5005,0.4998,0.9975,0.9997
hkuh_medya_aw_t5_d1acf44c_jpg.rf.WtNdfUB8khJH2YLnJViq.jpg,1004,2074,hkuh_medya_aw_t5,no translation yet,0.9507,0.5000,0.5000,0.9975,0.9997
hkuh_medya_ay_t3_1a16c871_jpg.rf.xuWTvVixxs0iAHmCh3bw.jpg,995,2066,hkuh_medya_ay_t3,no translation yet,0.9681,0.5003,0.4997,0.9982,0.9995
hkuh_medya_ay_t6_dd2fc26b_jpg.rf.vWhVcNnlOkR4I43VWkrr.jpg,998,2069,hkuh_medya_ay_t6,no translation yet,0.5293,0.4973,0.5317,0.3801,0.5499
hkuh_medya_ee_t1_5d6f520d_jpg.rf.WL1IBy6j6VSkIRkvKrdk.jpg,980,2052,hkuh_medya_ee_t1,no translation yet,0.9862,0.5001,0.5000,0.9984,1.0000
hkuh_medya_eh_t3_8d24c3d6_jpg.rf.ltUBmmyv3xmEwpKdqSQQ.jpg,1015,2084,hkuh_medya_eh_t3,no translation yet,0.9199,0.5000,0.4997,0.9980,0.9991
hkuh_medya_er_t3_850c48cb_jpg.rf.VuCs0nb7BJmtqTdDwMeT.jpg,989,2060,hkuh_medya_er_t3,no translation yet,0.9656,0.5004,0.5000,0.9987,0.9995
hkuh_medya_er_t3_b94679f4_jpg.rf.6mWGOAXj0grV4AhmJCrU.jpg,989,2060,hkuh_medya_er_t3,no translation yet,0.6581,0.5048,0.6120,0.4748,0.3891
hkuh_medya_oh_t5_a2713bb2_jpg.rf.BL7LnJzQUDc6JXgI1W2o.jpg,1011,2080,hkuh_medya_oh_t5,no translation yet,0.9335,0.5002,0.4996,0.9975,0.9986
hkuh_medya_oh_t6_629cb95f_jpg.rf.R7J7tCwkjd2tRhjHJbdH.jpg,1012,2081,hkuh_medya_oh_t6,no translation yet,0.8002,0.5000,0.4995,0.9985,0.9988
hkuh_medya_oh_t6_ede22bf2_jpg.rf.0Y8Ui8EbK0ONkgnxShXM.jpg,1012,2081,hkuh_medya_oh_t6,no translation yet,0.7995,0.4999,0.4998,0.9988,0.9995
hkuh_medya_u_t4_e7ce4149_jpg.rf.P2GuNWDLkKKvbviI1hLD.jpg,1029,2097,hkuh_medya_u_t4,no translation yet,0.9096,0.5002,0.4998,0.9985,0.9992
hkuh_oh_t2_3b9d769d_jpg.rf.0pNAD5Ysx84wFRZgij4X.jpg,6338,97,hkuh_oh_t2,no translation yet,0.8011,0.5004,0.4516,0.3340,0.3920
hkuh_oh_t5_115cadf3_jpg.rf.V0IGaQysq994yFdF0W8D.jpg,3,100,hkuh_oh_t5,no translation yet,0.9187,0.5002,0.4994,0.9973,0.9980
hkuh_oh_t5_51b00a48_jpg.rf.C87jTF71sfWt08G9iK4G.jpg,3,100,hkuh_oh_t5,no translation yet,0.4719,0.5210,0.4513,0.3749,0.3910
hkuh_oo_t2_8c879fea_jpg.rf.OplauOXTyqSI4JfgZHCj.jpg,76,109,hkuh_oo_t2,no translation yet,0.9401,0.5002,0.4994,0.9972,0.9984
hkuh_oo_t6_3823bc97_jpg.rf.cukLqrSbpWeuGV9ddQrg.jpg,113,113,hkuh_oo_t6,no translation yet,0.4223,0.4975,0.5311,0.3793,0.5492
hkuh_u_t1_8fe8caa5_jpg.rf.ZGaqy9YqvJZWgq34SjYr.jpg,114,114,hkuh_u_t1,no translation yet,0.6787,0.4976,0.6123,0.2278,0.3883
hkuh_u_t2_93aa73ed_jpg.rf.36mZYuIQafX4TpGflydf.jpg,125,115,hkuh_u_t2,no translation yet,0.9683,0.5002,0.4997,0.9978,0.9993
hkuh_u_t3_dba1930a_jpg.rf.uT0gJ2GcS4mqODezAoQS.jpg,136,116,hkuh_u_t3,no translation yet,0.9161,0.5001,0.5000,0.9979,0.9994
hkuh_u_t4_825f8aa5_jpg.rf.5VlDIeKYYrKUrcjMTuUS.jpg,147,117,hkuh_u_t4,no translation yet,0.9568,0.5004,0.4998,0.9984,0.9995
hpuh_a_t2_deeda456_jpg.rf.FOAEuHw3KdpEfQ3ADNNT.jpg,5626,841,hpuh_a_t2,no translation yet,0.9655,0.5020,0.5323,0.3418,0.2330
hpuh_a_t3_01879a52_jpg.rf.MFl9vfzxcV6V59dKjGuI.jpg,5637,842,hpuh_a_t3,no translation yet,0.9872,0.4999,0.5001,0.9987,0.9997
hpuh_a_t5_c78e8889_jpg.rf.Uzfq2OealQyzZpomBfX2.jpg,5659,844,hpuh_a_t5,no translation yet,0.9884,0.5003,0.5000,0.9981,1.0000
hpuh_ah_t3_1495ec05_jpg.rf.xOHbw9xV2wtxy1jnmWgn.jpg,5703,848,hpuh_ah_t3,no translation yet,0.9878,0.4999,0.4994,0.9982,0.9974
hpuh_aw_t2_e50bc740_jpg.rf.5AxQfc3oFqg8CIHue7NX.jpg,5956,871,hpuh_aw_t2,no translation yet,0.9935,0.5003,0.5000,0.9981,1.0000
hpuh_ay_t3_6ea16ef6_jpg.rf.fdHhExIEWqWlyAiPvdh0.jpg,5901,866,hpuh_ay_t3,no translation yet,0.9872,0.5000,0.4996,0.9986,0.9981
hpuh_ay_t4_4154be05_jpg.rf.KqCJBiLVJWzdbGL2Napm.jpg,5912,867,hpuh_ay_t4,no translation yet,0.8674,0.5002,0.5318,0.4405,0.5510
hpuh_ee_t4_9ea73231_jpg.rf.SVOVowK0UCKoDkyRuTnp.jpg,5780,855,hpuh_ee_t4,no translation yet,0.9903,0.5003,0.4992,0.9981,0.9976
hpuh_ee_t6_ded94f06_jpg.rf.bcFiI0RyUZG0cuaTVSZV.jpg,5802,857,hpuh_ee_t6,no translation yet,0.9787,0.4997,0.4997,0.9993,0.9985
hpuh_eh_t1_addd1b7c_jpg.rf.7rdUuOOtu4o8Cy0GYi7q.jpg,6077,882,hpuh_eh_t1,no translation yet,0.9777,0.5002,0.4998,0.9984,0.9995
hpuh_eh_t1_dc622f8b_jpg.rf.2Knm5PP19OOFBRo3gbJF.jpg,6077,882,hpuh_eh_t1,no translation yet,0.8909,0.5000,0.4660,0.2341,0.3634
hpuh_eh_t4_46b34392_jpg.rf.LmzjTSTy3dDVxffygI5v.jpg,6110,885,hpuh_eh_t4,no translation yet,0.9675,0.5002,0.4997,0.9981,0.9985
hpuh_er_t1_df29eaae_jpg.rf.fDB8xeJF85Tmh2s9wklf.jpg,5813,858,hpuh_er_t1,no translation yet,0.9901,0.5002,0.4999,0.9987,0.9979
hpuh_er_t2_f7dd0b67_jpg.rf.8d79LmUa8M8Fecx7eXJ9.jpg,5824,859,hpuh_er_t2,no translation yet,0.9951,0.5001,0.5001,0.9987,0.9991
hpuh_er_t5_178b2d98_jpg.rf.2f3CooxuBlowT8Isq02j.jpg,5857,862,hpuh_er_t5,no translation yet,0.9797,0.5000,0.4996,0.9984,0.9977
hpuh_medgha_a_t3_6ce62d26_jpg.rf.EY7rySRhu4G9AOceEXfq.jpg,6231,896,hpuh_u_t3,no translation yet,0.5323,0.4999,0.4993,0.9983,0.9985
hpuh_medgha_a_t3_6ce62d26_jpg.rf.EY7rySRhu4G9AOceEXfq.jpg,3635,5882,hpuh_medgha_a_t3,no translation yet,0.4755,0.4997,0.4998,0.9982,0.9995
hpuh_medgha_a_t4_1b853c73_jpg.rf.hMBW7loF2M0tsUrc0p9t.jpg,6242,897,hpuh_u_t4,no translation yet,0.4389,0.4999,0.4995,0.9985,0.9974
hpuh_medgha_a_t4_dfe7533b_jpg.rf.5xqmyoHUOllcecTkn4bN.jpg,6242,897,hpuh_u_t4,no translation yet,0.6282,0.4999,0.5311,0.4401,0.5496
hpuh_medgha_a_t6_2adcc946_jpg.rf.vVl4HZiujx0tVZc2Oum1.jpg,6264,899,hpuh_u_t6,no translation yet,0.7867,0.4996,0.5001,0.9988,0.9994
hpuh_medgha_a_t6_70f6a5dc_jpg.rf.dnzcJCpChXCmBshnZVEp.jpg,6264,899,hpuh_u_t6,no translation yet,0.7656,0.4997,0.5002,0.9989,0.9994
hpuh_medgha_ah_t1_28b84024_jpg.rf.KPs2Z8H7OPqA5HeGSDCD.jpg,3639,5886,hpuh_medgha_ah_t1,no translation yet,0.9900,0.5004,0.5002,0.9988,0.9996
hpuh_medgha_ah_t2_a17a0ec8_jpg.rf.hOe2G7BuRcxFEcZCY54F.jpg,3640,5887,hpuh_medgha_ah_t2,no translation yet,0.9885,0.5001,0.5002,0.9985,0.9994
hpuh_medgha_ah_t4_462ea3f0_jpg.rf.eyeh9wotL7DnpO09g8Lv.jpg,3642,5889,hpuh_medgha_ah_t4,no translation yet,0.9825,0.4997,0.4999,0.9980,0.9987
hpuh_medgha_aw_t1_835cd1bf_jpg.rf.fR1zukKwoNhj9KSjMN2u.jpg,3667,5910,hpuh_medgha_aw_t1,no translation yet,0.9507,0.5001,0.5001,0.9974,0.9999
hpuh_medgha_aw_t3_9dbf957f_jpg.rf.rJMbHkO4XzLDgpr5wjSZ.jpg,3669,5912,hpuh_medgha_aw_t3,no translation yet,0.9595,0.5001,0.5000,0.9986,1.0000
hpuh_medgha_aw_t3_a76bc858_jpg.rf.Qnyv5kLS6Csi7pNIKbAS.jpg,3669,5912,hpuh_medgha_aw_t3,no translation yet,0.6313,0.5054,0.5310,0.3798,0.5511
hpuh_medgha_aw_t4_08b53b19_jpg.rf.6kJhPVDIJDpcRUn1gZNR.jpg,3670,5913,hpuh_medgha_aw_t4,no translation yet,0.6305,0.5001,0.5310,0.4397,0.5504
hpuh_medgha_aw_t4_8052c46d_jpg.rf.r2k48iPT7gzlywBYfq7z.jpg,3670,5913,hpuh_medgha_aw_t4,no translation yet,0.9169,0.4999,0.4998,0.9984,0.9997
hpuh_medgha_aw_t4_b3c53791_jpg.rf.OxSh9FngUk2N4U9HrjBY.jpg,3670,5913,hpuh_medgha_aw_t4,no translation yet,0.9094,0.5000,0.4999,0.9985,0.9997
hpuh_medgha_ay_t2_3a81858f_jpg.rf.5x1wFGXErQn8l7CJSsAZ.jpg,3661,5905,hpuh_medgha_ay_t2,no translation yet,0.9270,0.5020,0.6116,0.3420,0.3908
hpuh_medgha_ay_t2_761e4498_jpg.rf.PLlRf42RDeEZNHnF8m4I.jpg,3661,5905,hpuh_medgha_ay_t2,no translation yet,0.9853,0.5003,0.4995,0.9979,0.9989
hpuh_medgha_ay_t3_3f1f2fc7_jpg.rf.joSv4WmghAJBX5kzkuI2.jpg,3662,5906,hpuh_medgha_ay_t3,no translation yet,0.9737,0.5001,0.4999,0.9985,0.9998
hpuh_medgha_er_t6_a09ab2c5_jpg.rf.0o7tQyYZn2xrYgLOzZbH.jpg,3659,5903,hpuh_medgha_er_t6,no translation yet,0.9566,0.4999,0.4997,0.9981,0.9992
hpuh_medgha_oh_t2_c3e3ba8d_jpg.rf.YnuEmOUXkTSRBdJdmGg9.jpg,3674,5917,hpuh_medgha_oh_t2,no translation yet,0.9815,0.5001,0.5000,0.9984,0.9999
hpuh_medgha_oh_t3_f6910ebc_jpg.rf.ttXWnnolfmkwZZdPeWBv.jpg,3675,5918,hpuh_medgha_oh_t3,no translation yet,0.9702,0.5003,0.4999,0.9984,0.9987
hpuh_medgha_oh_t5_2e4b675a_jpg.rf.2hKs3OmE4vp0WhJSuT9c.jpg,3678,5920,hpuh_medgha_oh_t5,no translation yet,0.9691,0.5002,0.4999,0.9986,0.9997
hpuh_medgha_oo_t1_b68080ac_jpg.rf.hX2MiYxJUD78s2P2kkjD.jpg,3686,5928,hpuh_medgha_oo_t1,no translation yet,0.9624,0.4999,0.4996,0.9981,0.9988
hpuh_medgha_oo_t4_405e5967_jpg.rf.JudHSK4aUzeymKSeVszn.jpg,3690,5931,hpuh_medgha_oo_t4,no translation yet,0.8901,0.4993,0.4994,0.9974,0.9985
hpuh_medgha_oo_t6_bed783a7_jpg.rf.WCkzKvePyiBvkZ8B0rSO.jpg,3692,5933,hpuh_medgha_oo_t6,no translation yet,0.9721,0.4995,0.4995,0.9985,0.9981
hpuh_medgha_u_t2_14fabfb2_jpg.rf.jnLCuHBVeW0TPIgG39VF.jpg,3694,5935,hpuh_medgha_u_t2,no translation yet,0.6081,0.5018,0.6115,0.3426,0.3896
hpuh_medgha_u_t3_761057c5_jpg.rf.yq6QGv4CSYiGDZVwd0fm.jpg,3695,5936,hpuh_medgha_u_t3,no translation yet,0.4098,0.5055,0.6124,0.3785,0.3894
hpuh_medgha_u_t6_6804b4cb_jpg.rf.DYp9gjdGbgcjpyToNjiO.jpg,3698,5939,hpuh_medgha_u_t6,no translation yet,0.7166,0.4995,0.5000,0.9983,0.9980
hpuh_medla_a_t2_205c6dd6_jpg.rf.ASmTbkDaLfTSqrDjbiiP.jpg,3435,5701,hpuh_medla_a_t2,no translation yet,0.9700,0.5000,0.5000,0.9979,1.0000
hpuh_medla_a_t5_248d9f83_jpg.rf.8IpW4fKnC3zndvsN82hu.jpg,3438,5704,hpuh_medla_a_t5,no translation yet,0.8786,0.5232,0.5347,0.4455,0.5578
hpuh_medla_ah_t1_f8ba72f3_jpg.rf.Nr86CGRXsKXHnXpw3Wiw.jpg,3440,5706,hpuh_medla_ah_t1,no translation yet,0.9895,0.5001,0.5000,0.9986,1.0000
hpuh_medla_ah_t3_915eed6b_jpg.rf.jCU09ZD82I4sCiCeqJvM.jpg,3442,5708,hpuh_medla_ah_t3,no translation yet,0.9712,0.4995,0.5001,0.9986,0.9984
hpuh_medla_ah_t4_c6ad1f7d_jpg.rf.t0Pnj1QB0Lhun8w8Ni1W.jpg,3443,5709,hpuh_medla_ah_t4,no translation yet,0.9831,0.4999,0.5000,0.9982,0.9988
hpuh_medla_aw_t1_e842a92d_jpg.rf.YMAFXQdoVHM0NcORYQW3.jpg,3467,5730,hpuh_medla_aw_t1,no translation yet,0.9858,0.5000,0.5000,0.9981,0.9998
hpuh_medla_aw_t5_7a2a1a2a_jpg.rf.BYc0aIMMPDJIv8C1ZM9w.jpg,3471,5734,hpuh_medla_aw_t5,no translation yet,0.9692,0.4998,0.4999,0.9985,0.9998
hpuh_medla_aw_t6_57e73aa6_jpg.rf.FrKTTdN2MS6F9FCrFsWh.jpg,3472,5735,hpuh_medla_aw_t6,no translation yet,0.9837,0.5000,0.4999,0.9981,0.9996
hpuh_medla_ay_t3_f50f75a3_jpg.rf.PW0apVD7bJVJHaiYu8qO.jpg,3462,5726,hpuh_medla_ay_t3,no translation yet,0.9036,0.5058,0.6147,0.4546,0.3976
hpuh_medla_ay_t5_e8feae61_jpg.rf.C70VcbUPK3SNQNd49gPC.jpg,3464,5728,hpuh_medla_ay_t5,no translation yet,0.9610,0.5001,0.5001,0.9982,0.9995
hpuh_medla_ay_t6_3190c0ba_jpg.rf.Qx62RiuPc4NACGnAI3GC.jpg,3465,5729,hpuh_medla_ay_t6,no translation yet,0.9462,0.5000,0.4995,0.9983,0.9980
hpuh_medla_ee_t1_37208f0a_jpg.rf.aM789BqPYACcpi1BdO37.jpg,3447,5712,hpuh_medla_ee_t1,no translation yet,0.9750,0.5000,0.5000,0.9984,0.9999
hpuh_medla_ee_t3_9ab9d48b_jpg.rf.TJPtlI6qz5ktMaBQTNqm.jpg,3449,5714,hpuh_medla_ee_t3,no translation yet,0.9740,0.5001,0.4996,0.9982,0.9985
hpuh_medla_ee_t4_cce08894_jpg.rf.a3qmzknzOZ1LVsQnyav8.jpg,3450,5715,hpuh_medla_ee_t4,no translation yet,0.9359,0.5002,0.4999,0.9976,0.9994
hpuh_medla_ee_t5_e56dc1b7_jpg.rf.KOgzbUc1wcBIGmp6QjdF.jpg,3451,5716,hpuh_medla_ee_t5,no translation yet,0.9630,0.4997,0.4999,0.9989,0.9989
hpuh_medla_eh_t1_2398bd40_jpg.rf.kbDv7huLvQeRgYOMcigE.jpg,3480,5742,hpuh_medla_eh_t1,no translation yet,0.9942,0.5001,0.4995,0.9983,0.9987
hpuh_medla_eh_t2_22a38f10_jpg.rf.2fiTLbx25Ii5Qy7O9USd.jpg,3481,5743,hpuh_medla_eh_t2,no translation yet,0.8929,0.5025,0.5489,0.4045,0.5298
hpuh_medla_eh_t2_f1aa0891_jpg.rf.OcYTkkNjoU2bYok52Gv9.jpg,3481,5743,hpuh_medla_eh_t2,no translation yet,0.9746,0.5002,0.4995,0.9983,0.9983
hpuh_medla_eh_t3_8b95757b_jpg.rf.WrzeAWieOtZgv6k4XPkz.jpg,3482,5744,hpuh_medla_eh_t3,no translation yet,0.9900,0.5001,0.5001,0.9983,0.9985
hpuh_medla_eh_t4_11596202_jpg.rf.zjYfXnVXMcfUW27OUEay.jpg,3483,5745,hpuh_medla_eh_t4,no translation yet,0.9745,0.5002,0.5002,0.9980,0.9989
hpuh_medla_eh_t5_28d04984_jpg.rf.VMqgcx0R9DQxgxtj0ifz.jpg,3484,5746,hpuh_medla_eh_t5,no translation yet,0.9373,0.4998,0.5000,0.9985,0.9999
hpuh_medla_oo_t3_6ce52ad7_jpg.rf.JyJgRBkg8bmp6fjA5HNA.jpg,3489,5750,hpuh_medla_oo_t3,no translation yet,0.9788,0.5001,0.5000,0.9985,0.9990
hpuh_medla_oo_t3_bf26b6e6_jpg.rf.3WaHxpdw2hITzowr8OgH.jpg,3489,5750,hpuh_medla_oo_t3,no translation yet,0.9782,0.4998,0.5000,0.9988,0.9993
hpuh_medla_u_t4_1ece6354_jpg.rf.Kwaurz0BuVVf6G2qBvrV.jpg,3496,5757,hpuh_medla_u_t4,no translation yet,0.9689,0.4999,0.5000,0.9990,1.0000
hpuh_medra_a_t2_222eb039_jpg.rf.t3tcvfT5yHdEEF6XUEvU.jpg,3501,5761,hpuh_medra_a_t2,no translation yet,0.9054,0.5001,0.5001,0.9982,0.9998
hpuh_medra_a_t2_8a575d9b_jpg.rf.slzUQlQqUtjAviEogVce.jpg,3501,5761,hpuh_medra_a_t2,no translation yet,0.9034,0.5002,0.5000,0.9981,0.9999
hpuh_medra_a_t3_0fd74524_jpg.rf.GxExxnLsfsoFKyjqWjhD.jpg,3502,5762,hpuh_medra_a_t3,no translation yet,0.9164,0.5003,0.4998,0.9986,0.9989
hpuh_medra_a_t4_5b2c37a2_jpg.rf.SMPTFRiVZkOWXmD89YkE.jpg,3503,5763,hpuh_medra_a_t4,no translation yet,0.8885,0.4998,0.5006,0.9976,0.9988
hpuh_medra_aw_t2_e4fcc124_jpg.rf.IThMZegENCA4XZssxFpi.jpg,3534,5791,hpuh_medra_aw_t2,no translation yet,0.7841,0.5054,0.5217,0.4090,0.5709
hpuh_medra_aw_t3_47137e24_jpg.rf.f2Xil39wW23PJ4kpr2RJ.jpg,3535,5792,hpuh_medra_aw_t3,no translation yet,0.8931,0.5003,0.4995,0.9983,0.9981
hpuh_medra_aw_t3_5376425e_jpg.rf.F6wQjyrU0Ku8amtvUiAA.jpg,3535,5792,hpuh_medra_aw_t3,no translation yet,0.8917,0.5003,0.4997,0.9983,0.9977
hpuh_medra_aw_t6_a8c86a75_jpg.rf.c0P9zGdIHQfwrU2dyoc3.jpg,3538,5795,hpuh_medra_aw_t6,no translation yet,0.9662,0.5000,0.4998,0.9988,0.9991
hpuh_medra_ee_t1_364336b2_jpg.rf.TxZMCKIGr93rmBXhvSeh.jpg,3513,5772,hpuh_medra_ee_t1,no translation yet,0.9488,0.5004,0.5001,0.9984,0.9999
hpuh_medra_ee_t4_7fbc4f96_jpg.rf.gYY1IvbjOYgj3dshdqak.jpg,3516,5775,hpuh_medra_ee_t4,no translation yet,0.7437,0.5000,0.5001,0.9983,0.9994
hpuh_medra_ee_t4_f57e2e5c_jpg.rf.AKedY81nLo5sSnb2IQQA.jpg,3516,5775,hpuh_medra_ee_t4,no translation yet,0.7532,0.5002,0.4999,0.9986,0.9980
hpuh_medra_ee_t5_b29c075e_jpg.rf.6wPxDWw5soJGH25cQ3Ea.jpg,3517,5776,hpuh_medra_ee_t5,no translation yet,0.9549,0.5004,0.4998,0.9985,0.9985
hpuh_medra_eh_t4_ef379752_jpg.rf.J1EPDrQxRfgJpWTxjo8K.jpg,3550,5805,hpuh_medra_eh_t4,no translation yet,0.5633,0.5027,0.5221,0.5086,0.5683
hpuh_medra_er_t1_7a7bf1ce_jpg.rf.wN808nk0UcRjnILRGoRW.jpg,3519,5778,hpuh_medra_er_t1,no translation yet,0.9569,0.5005,0.4999,0.9984,0.9985
hpuh_medra_oh_t1_3798849f_jpg.rf.i1X2300kJSlYuTx793LZ.jpg,3539,5796,hpuh_medra_oh_t1,no translation yet,0.8405,0.5023,0.5222,0.3035,0.5707
hpuh_medra_oh_t1_636ecb1b_jpg.rf.BdhKXn3q8zUrjbgovYfB.jpg,3539,5796,hpuh_medra_oh_t1,no translation yet,0.9651,0.5001,0.4993,0.9984,0.9982
hpuh_medra_oh_t6_3d9e93e6_jpg.rf.C4gsBIqOmRjk67S2wKKz.jpg,3546,5801,hpuh_medra_oh_t6,no translation yet,0.9559,0.4998,0.4999,0.9988,0.9986
hpuh_medra_oo_t1_214fc9ee_jpg.rf.f2h3Di6x9FLOPVh2qmqn.jpg,3553,5808,hpuh_medra_oo_t1,no translation yet,0.8719,0.5178,0.5216,0.4647,0.5704
hpuh_medwa_a_t3_2ff5e5cd_jpg.rf.W8Ipy1m4fmVHEe2lRoip.jpg,3569,5822,hpuh_medwa_a_t3,no translation yet,0.9173,0.4998,0.5000,0.9984,0.9999
hpuh_medwa_a_t6_7c76e84e_jpg.rf.WilyRX8FTDSrNlTqnTCq.jpg,3572,5825,hpuh_medwa_a_t6,no translation yet,0.9563,0.4996,0.5002,0.9992,0.9995
hpuh_medwa_ah_t2_32b2c0f8_jpg.rf.5D2zUwPVZvZM6v3wGbuw.jpg,3574,5827,hpuh_medwa_ah_t2,no translation yet,0.9662,0.5001,0.4997,0.9987,0.9980
hpuh_medwa_ah_t2_9871cf8f_jpg.rf.z5ZXxpDKpajCazn6d4an.jpg,3574,5827,hpuh_medwa_ah_t2,no translation yet,0.9663,0.5002,0.4995,0.9980,0.9975
hpuh_medwa_ah_t6_03cdf794_jpg.rf.5GAvbSf2lxhdxXjrzlDR.jpg,3579,5831,hpuh_medwa_ah_t6,no translation yet,0.8166,0.5000,0.5000,0.9979,0.9997
hpuh_medwa_ah_t6_c64abc29_jpg.rf.QGsSf2UMC6VQ29HJ3sKL.jpg,3579,5831,hpuh_medwa_ah_t6,no translation yet,0.8172,0.4999,0.4997,0.9978,0.9993
hpuh_medwa_aw_t1_3bb1c5b7_jpg.rf.Auk9X2qo0J1HB7azLXdb.jpg,3600,5850,hpuh_medwa_aw_t1,no translation yet,0.9436,0.5001,0.4997,0.9978,0.9985
hpuh_medwa_aw_t3_bb06b728_jpg.rf.3Y2nrVdJUszDTiLk9g1Q.jpg,3602,5852,hpuh_medwa_aw_t3,no translation yet,0.9488,0.4997,0.5000,0.9979,0.9999
hpuh_medwa_aw_t4_22e8115f_jpg.rf.JUVB8JTjyjV5eOktmOUw.jpg,3603,5853,hpuh_medwa_aw_t4,no translation yet,0.9786,0.5000,0.4998,0.9981,0.9983
hpuh_medwa_aw_t6_70d0701b_jpg.rf.BIi0aVNgQbsoa6mdwo0F.jpg,3605,5855,hpuh_medwa_aw_t6,no translation yet,0.9498,0.5001,0.4996,0.9996,0.9974
hpuh_medwa_aw_t6_fd4ad605_jpg.rf.OwlI8ho3dW26728b9hMY.jpg,3605,5855,hpuh_medwa_aw_t6,no translation yet,0.9562,0.5000,0.4999,0.9994,0.9999
hpuh_medwa_ay_t4_4f4c8f75_jpg.rf.cmfzV6RB8DN2WbeaBZNj.jpg,3596,5847,hpuh_medwa_ay_t4,no translation yet,0.9489,0.5001,0.5000,0.9990,0.9992
hpuh_medwa_ay_t5_b57d56d6_jpg.rf.aRTF7zf56drUEcPbNZ5F.jpg,3597,5848,hpuh_medwa_ay_t5,no translation yet,0.9665,0.4999,0.4996,0.9984,0.9984
hpuh_medwa_ee_t6_a0c3fdb7_jpg.rf.jimhSlWm2oBQfrXyofgW.jpg,3585,5837,hpuh_medwa_ee_t6,no translation yet,0.9555,0.4998,0.5000,0.9979,1.0000
hpuh_medwa_eh_t4_d164c38f_jpg.rf.YrbEOOUU4vaRmk5mK34i.jpg,3616,5865,hpuh_medwa_eh_t4,no translation yet,0.9498,0.5002,0.4998,0.9980,0.9997
hpuh_medwa_eh_t6_44984a66_jpg.rf.PRnrHlFS7ybLWbCOQCFS.jpg,3618,5867,hpuh_medwa_eh_t6,no translation yet,0.9386,0.4995,0.4997,0.9985,0.9995
hpuh_medwa_er_t1_0ca83e13_jpg.rf.fJqy0FkNAieiqcV2DxDE.jpg,3586,5838,hpuh_medwa_er_t1,no translation yet,0.9059,0.5005,0.5000,0.9983,0.9995
hpuh_medwa_er_t2_8df6c93c_jpg.rf.0MtOLciGSr5WFECv9Wtf.jpg,3587,5839,hpuh_medwa_er_t2,no translation yet,0.9675,0.5000,0.5000,0.9983,0.9966
hpuh_medwa_er_t4_82484e83_jpg.rf.4SKkS8SCTikUaix8UQs3.jpg,3590,5841,hpuh_medwa_er_t4,no translation yet,0.8172,0.4994,0.5324,0.5438,0.5523
hpuh_medwa_oh_t1_a6ee430b_jpg.rf.jPKR2y0nsXb1lSlibOBY.jpg,3606,5856,hpuh_medwa_oh_t1,no translation yet,0.8587,0.5003,0.4997,0.9976,0.9986
hpuh_medwa_oh_t3_9eb753af_jpg.rf.rxwEjYFmYtf2oS2UpteR.jpg,3608,5858,hpuh_medwa_oh_t3,no translation yet,0.9674,0.5001,0.4994,0.9981,0.9984
hpuh_medwa_oo_t4_07a14935_jpg.rf.FdeVLldTxjAVn7OcVElT.jpg,3623,5871,hpuh_medwa_oo_t4,no translation yet,0.8911,0.4999,0.4999,0.9984,0.9998
hpuh_medwa_u_t2_5c5fc9c4_jpg.rf.MKEpXUkGxJYiCm2L8CQD.jpg,3627,5875,hpuh_medwa_u_t2,no translation yet,0.9478,0.5003,0.4991,0.9983,0.9969
hpuh_medwa_u_t6_f8b7a7b9_jpg.rf.d2Q5u5q6YROExLL12IM9.jpg,3631,5879,hpuh_medwa_u_t6,no translation yet,0.9581,0.4999,0.5001,0.9982,0.9980
hpuh_medya_a_t1_5b2a7fb5_jpg.rf.Fhdgo3v2acR0n4Qi0NYo.jpg,3700,5940,hpuh_medya_a_t1,no translation yet,0.8697,0.4997,0.5000,0.9980,1.0000
hpuh_medya_ah_t1_096f2f32_jpg.rf.YtlUP7gVgUPvrwKsZ1Eq.jpg,3706,5946,hpuh_medya_ah_t1,no translation yet,0.8436,0.4983,0.5309,0.3065,0.5509
hpuh_medya_ah_t3_c6347acf_jpg.rf.P2AQJ57B0WKLFbs8lLBO.jpg,3708,5948,hpuh_medya_ah_t3,no translation yet,0.9173,0.4997,0.5000,0.9980,1.0000
hpuh_medya_aw_t5_68881788_jpg.rf.dD0xvBEvDaIcatpboIbE.jpg,3737,5974,hpuh_medya_aw_t5,no translation yet,0.9346,0.4997,0.4999,0.9983,0.9981
hpuh_medya_ay_t4_234f8d51_jpg.rf.a7q5pLZzrmW6Rekk6B6f.jpg,3729,5967,hpuh_medya_ay_t4,no translation yet,0.9349,0.5002,0.4997,0.9986,0.9990
hpuh_medya_ay_t4_5eb65899_jpg.rf.YyxpOVLTLqHmbAZmINMu.jpg,3729,5967,hpuh_medya_ay_t4,no translation yet,0.6435,0.5000,0.5311,0.4403,0.5495
hpuh_medya_ay_t5_50b1b61a_jpg.rf.3GPzPT0qMBLpGXw3xmHN.jpg,3730,5968,hpuh_medya_ay_t5,no translation yet,0.9276,0.5002,0.4994,0.9988,0.9986
hpuh_medya_ay_t5_a3ae364a_jpg.rf.CSz79UB3qDxHb4Zv0DdQ.jpg,3730,5968,hpuh_medya_ay_t5,no translation yet,0.8102,0.5237,0.5313,0.3831,0.5511
hpuh_medya_ee_t6_7f496cc0_jpg.rf.sOwURk5MZ3N3jzenQlhr.jpg,3718,5957,hpuh_medya_ee_t6,no translation yet,0.9642,0.4998,0.4998,0.9989,0.9987
hpuh_medya_eh_t2_9b8eb4f5_jpg.rf.9UiWnJYbo7B5JgQBI4Yx.jpg,3747,5983,hpuh_medya_eh_t2,no translation yet,0.9726,0.5005,0.4997,0.9986,0.9985
hpuh_medya_eh_t3_38afd4af_jpg.rf.MioRkvRRLPKR4EmcwReX.jpg,3748,5984,hpuh_medya_eh_t3,no translation yet,0.8864,0.4997,0.5001,0.9982,0.9999
hpuh_medya_eh_t3_5f174f29_jpg.rf.ZfbiypFA4JhlK3yUjlSP.jpg,3748,5984,hpuh_medya_eh_t3,no translation yet,0.8777,0.4998,0.4999,0.9982,0.9999
hpuh_medya_eh_t6_0f5dd4d3_jpg.rf.13EvcHtkDTyj0u1vHH4Q.jpg,3751,5987,hpuh_medya_eh_t6,no translation yet,0.9617,0.4999,0.4999,0.9989,0.9995
hpuh_medya_eh_t6_cc3ccc94_jpg.rf.CCOFb5tEx5w63fXtDbNr.jpg,3751,5987,hpuh_medya_eh_t6,no translation yet,0.9539,0.4998,0.5000,0.9987,0.9997
hpuh_medya_er_t3_782300b2_jpg.rf.3YyI8ORin6bvc8KScLz0.jpg,3722,5960,hpuh_medya_er_t3,no translation yet,0.8978,0.5000,0.5002,0.9987,0.9993
hpuh_medya_oh_t3_9ea3a044_jpg.rf.ZEMXVmziYPu04kf1LGah.jpg,3741,5978,hpuh_medya_oh_t3,no translation yet,0.9684,0.5003,0.4999,0.9980,0.9999
hpuh_medya_oh_t4_8c508be8_jpg.rf.ttNbPXy8h64UGck4wvjc.jpg,3742,5979,hpuh_medya_oh_t4,no translation yet,0.8897,0.4996,0.4998,0.9982,0.9996
hpuh_medya_oh_t4_c561c7dd_jpg.rf.rD8kbPFMyv3e3k2XAwWy.jpg,3742,5979,hpuh_medya_oh_t4,no translation yet,0.8626,0.5005,0.5003,0.9978,0.9977
hpuh_medya_oh_t5_a3caec30_jpg.rf.VxuqSGZMvLMY49oPxCnv.jpg,3744,5980,hpuh_medya_oh_t5,no translation yet,0.8784,0.5000,0.5001,0.9980,0.9998
hpuh_medya_oh_t5_eb64110d_jpg.rf.OuwPwFTYuTh0lvtIpgVF.jpg,3744,5980,hpuh_medya_oh_t5,no translation yet,0.8561,0.5002,0.5000,0.9984,1.0000
hpuh_medya_oh_t6_4e39569d_jpg.rf.E4Qpwu8S2Dk2qMclOY5U.jpg,3745,5981,hpuh_medya_oh_t6,no translation yet,0.6813,0.4999,0.5000,0.9982,1.0000
hpuh_medya_oh_t6_6f714c57_jpg.rf.WaS5g8dhzYqgpOmr0U0i.jpg,3745,5981,hpuh_medya_oh_t6,no translation yet,0.6788,0.5000,0.4999,0.9982,0.9999
hpuh_medya_oo_t1_b4792c16_jpg.rf.lnjEexA06yaZk6d1NzT4.jpg,3752,5988,hpuh_medya_oo_t1,no translation yet,0.9053,0.5001,0.5000,0.9992,1.0000
hpuh_medya_oo_t2_11c398f0_jpg.rf.7XzqVJtPRm1EA20HEPCZ.jpg,3753,5989,hpuh_medya_oo_t2,no translation yet,0.9556,0.4999,0.4998,0.9985,0.9995
hpuh_medya_oo_t6_f3f442bd_jpg.rf.VVJlKU00qSW4wrtObBmh.jpg,3758,5993,hpuh_medya_oo_t6,no translation yet,0.9085,0.4997,0.5000,0.9986,0.9988
hpuh_medya_u_t2_e084c08d_jpg.rf.zfnBhNMQMbZAYDR3DwoA.jpg,3760,5995,hpuh_medya_u_t2,no translation yet,0.9614,0.5002,0.5000,0.9988,1.0000
hpuh_medya_u_t4_142f09c0_jpg.rf.iDWIzMV1ki42MjGMLfxl.jpg,3762,5997,hpuh_medya_u_t4,no translation yet,0.9255,0.4996,0.4999,0.9983,0.9997
hpuh_oh_t3_15961d6e_jpg.rf.txXbNBDWdJyRK20vsMak.jpg,6033,878,hpuh_oh_t3,no translation yet,0.8745,0.5055,0.4514,0.3794,0.3932
hpuh_oo_t1_0cf98c7d_jpg.rf.Hjdt4SfWTOLwEmmzrvl0.jpg,6143,888,hpuh_oo_t1,no translation yet,0.8567,0.5000,0.4994,0.9981,0.9985
hpuh_oo_t3_24bbfa44_jpg.rf.1Q7VnXcYoj68YgjfiuUM.jpg,6165,890,hpuh_oo_t3,no translation yet,0.7552,0.4997,0.4998,0.9980,0.9994
hpuh_oo_t5_1acc24a9_jpg.rf.0lWOVgP4qNu1PoINbfYZ.jpg,6187,892,hpuh_oo_t5,no translation yet,0.6784,0.5000,0.4998,0.9981,0.9995
hpuh_oo_t6_ba9064ea_jpg.rf.eFGko3JNDPDrMLuyohdw.jpg,6198,893,hpuh_oo_t6,no translation yet,0.8643,0.4997,0.4998,0.9978,0.9983
hsuhshuh_a_t1_289bc44e_jpg.rf.aq5hpQRwLB8LcdMCToXd.jpg,2072,360,hsuhshuh_a_t1_289bc44e_jpg.rf.aq5hpQRwLB8LcdMCToXd,no translation yet,0.9521,0.4998,0.4989,0.9987,0.9978
hsuhshuh_a_t6_a3807fbe_jpg.rf.lWb5rNuzGw3wb17qFGff.jpg,2077,365,hsuhshuh_a_t6_a3807fbe_jpg.rf.lWb5rNuzGw3wb17qFGff,no translation yet,0.9824,0.5002,0.4999,0.9980,0.9975
hsuhshuh_ah_t2_6db25a1e_jpg.rf.KSyHLc6e6e6JLBUPY2Vc.jpg,2079,367,hsuhshuh_ah_t2_6db25a1e_jpg.rf.KSyHLc6e6e6JLBUPY2Vc,no translation yet,0.9686,0.5005,0.4521,0.5573,0.3910
hsuhshuh_ah_t3_2e9b478a_jpg.rf.pDsOyxtkoAaxeGSqH6y6.jpg,2080,368,hsuhshuh_ah_t3_2e9b478a_jpg.rf.pDsOyxtkoAaxeGSqH6y6,no translation yet,0.9439,0.5000,0.5000,0.9988,0.9980
hsuhshuh_ah_t3_5fc6d863_jpg.rf.QGaUspj56YfmwmTTyGCm.jpg,2080,368,hsuhshuh_ah_t3_2e9b478a_jpg.rf.pDsOyxtkoAaxeGSqH6y6,no translation yet,0.9415,0.5001,0.4998,0.9987,0.9979
hsuhshuh_ah_t6_a0a3d361_jpg.rf.7Nzm4gSx1QexYWXhGT2j.jpg,2084,371,hsuhshuh_ah_t6_a0a3d361_jpg.rf.7Nzm4gSx1QexYWXhGT2j,no translation yet,0.9776,0.5000,0.5002,0.9991,0.9983
hsuhshuh_aw_t1_77d358fb_jpg.rf.0gDDBZ5HYfW7JYvh0F5q.jpg,2105,390,hsuhshuh_aw_t1_77d358fb_jpg.rf.0gDDBZ5HYfW7JYvh0F5q,no translation yet,0.9939,0.5000,0.4999,0.9982,0.9999
hsuhshuh_aw_t2_3ba17d3d_jpg.rf.CtLYTjJvjfTVj2t3daLM.jpg,2106,391,hsuhshuh_aw_t2_3ba17d3d_jpg.rf.CtLYTjJvjfTVj2t3daLM,no translation yet,0.9877,0.5001,0.5001,0.9981,0.9994
hsuhshuh_aw_t5_38bb825a_jpg.rf.22Z7ONU2TmvFJdQmxdB7.jpg,2135,394,hsuhshuh_aw_t5_39bc23c5_jpg.rf.Z9CyvNiomNS3WirecKSk,no translation yet,0.9801,0.5000,0.5001,0.9986,0.9997
hsuhshuh_aw_t5_39bc23c5_jpg.rf.Z9CyvNiomNS3WirecKSk.jpg,2135,394,hsuhshuh_aw_t5_39bc23c5_jpg.rf.Z9CyvNiomNS3WirecKSk,no translation yet,0.9809,0.5000,0.5002,0.9983,0.9997
hsuhshuh_ay_t2_27a8027b_jpg.rf.N6FeZZ01k2H0xZh4OkPE.jpg,2099,385,hsuhshuh_ay_t2_27a8027b_jpg.rf.N6FeZZ01k2H0xZh4OkPE,no translation yet,0.9738,0.5001,0.5856,0.4829,0.3372
hsuhshuh_ay_t4_150dafb9_jpg.rf.RSgRYnP9J75PtuUpBO0A.jpg,2101,387,hsuhshuh_ay_t4_150dafb9_jpg.rf.RSgRYnP9J75PtuUpBO0A,no translation yet,0.8606,0.4979,0.5307,0.5811,0.5475
hsuhshuh_ay_t5_0e782898_jpg.rf.LnUMEWqDkFQM6CaS1fYm.jpg,2102,388,hsuhshuh_ay_t5_0e782898_jpg.rf.LnUMEWqDkFQM6CaS1fYm,no translation yet,0.6532,0.5216,0.5052,0.5245,0.4979
hsuhshuh_ee_t2_2557f3ff_jpg.rf.zTn5vQv6P6FtaxGKEyMr.jpg,2086,373,hsuhshuh_ee_t2_2557f3ff_jpg.rf.zTn5vQv6P6FtaxGKEyMr,no translation yet,0.9832,0.5001,0.5000,0.9980,0.9998
hsuhshuh_ee_t2_53a9a26a_jpg.rf.nJWLGASmm8n4Sk1xH0VM.jpg,2086,373,hsuhshuh_ee_t2_2557f3ff_jpg.rf.zTn5vQv6P6FtaxGKEyMr,no translation yet,0.9834,0.5001,0.5000,0.9983,1.0000
hsuhshuh_ee_t6_a56e3d71_jpg.rf.hXwxYz7tJRtrinkNKWVS.jpg,2090,377,hsuhshuh_ee_t6_a56e3d71_jpg.rf.hXwxYz7tJRtrinkNKWVS,no translation yet,0.9224,0.4998,0.5001,0.9979,0.9998
hsuhshuh_eh_t1_27085d7b_jpg.rf.sBZZ3pVzc7RzI56usOCU.jpg,2219,402,hsuhshuh_eh_t1_27085d7b_jpg.rf.sBZZ3pVzc7RzI56usOCU,no translation yet,0.9754,0.5001,0.4995,0.9983,0.9983
hsuhshuh_eh_t3_80ec6fba_jpg.rf.x4wjPKB8EJiOPMbk0cHV.jpg,2241,404,hsuhshuh_eh_t3_80ec6fba_jpg.rf.x4wjPKB8EJiOPMbk0cHV,no translation yet,0.9742,0.5002,0.5000,0.9983,0.9988
hsuhshuh_eh_t4_8d2b15b2_jpg.rf.aH4LnnaU5k2PJTTMhPS2.jpg,2252,405,hsuhshuh_eh_t4_8d2b15b2_jpg.rf.aH4LnnaU5k2PJTTMhPS2,no translation yet,0.9467,0.4998,0.4992,0.9976,0.9977
hsuhshuh_er_t2_b09f3220_jpg.rf.g1Etqtb2wYvDpcUYSsMF.jpg,2092,379,hsuhshuh_er_t2_b09f3220_jpg.rf.g1Etqtb2wYvDpcUYSsMF,no translation yet,0.9772,0.5002,0.4998,0.9990,0.9989
hsuhshuh_medgha_a_t4_5fe30042_jpg.rf.egfDFPY8RgGmNU08ZKjm.jpg,1970,3483,hsuhshuh_medgha_a_t4_5fe30042_jpg.rf.egfDFPY8RgGmNU08ZKjm,no translation yet,0.5854,0.4977,0.5312,0.5812,0.5486
hsuhshuh_medgha_aw_t3_fce3576e_jpg.rf.xZHWBo8ERTdiXu0kGVEB.jpg,2003,3512,hsuhshuh_medgha_aw_t3_fce3576e_jpg.rf.xZHWBo8ERTdiXu0kGVEB,no translation yet,0.9450,0.5003,0.5000,0.9980,0.9990
hsuhshuh_medgha_aw_t4_173d6b71_jpg.rf.u319FolP3tJKxnpknKtI.jpg,2004,3513,hsuhshuh_medgha_aw_t4_173d6b71_jpg.rf.u319FolP3tJKxnpknKtI,no translation yet,0.7369,0.4973,0.5313,0.5812,0.5505
hsuhshuh_medgha_aw_t5_b215f83d_jpg.rf.Hi33fF8F05APAzoz2azX.jpg,2005,3514,hsuhshuh_medgha_aw_t5_b215f83d_jpg.rf.Hi33fF8F05APAzoz2azX,no translation yet,0.9598,0.5002,0.4995,0.9987,0.9981
hsuhshuh_medgha_ay_t2_3d9a5f24_jpg.rf.lys3GWT9lyhxsUGinTnd.jpg,1995,3505,hsuhshuh_medgha_ay_t2_3d9a5f24_jpg.rf.lys3GWT9lyhxsUGinTnd,no translation yet,0.9918,0.5003,0.4999,0.9985,0.9997
hsuhshuh_medgha_ay_t3_f09a4e49_jpg.rf.LHje8uSVWVVFh2PgJw9m.jpg,1996,3506,hsuhshuh_medgha_ay_t3_f09a4e49_jpg.rf.LHje8uSVWVVFh2PgJw9m,no translation yet,0.9791,0.5001,0.5003,0.9983,0.9994
hsuhshuh_medgha_ay_t4_82c89b1b_jpg.rf.QvAkf1LXENdVjI18csB6.jpg,1997,3507,hsuhshuh_medgha_ay_t4_82c89b1b_jpg.rf.QvAkf1LXENdVjI18csB6,no translation yet,0.9736,0.4998,0.5003,0.9986,0.9986
hsuhshuh_medgha_ay_t5_26b23ab4_jpg.rf.9JEmDkEincUGQN20fNay.jpg,1998,3508,hsuhshuh_medgha_ay_t5_40b48feb_jpg.rf.25tWwNruAz37WEuAxQnn,no translation yet,0.7904,0.5210,0.5318,0.5255,0.5517
hsuhshuh_medgha_ay_t5_40b48feb_jpg.rf.25tWwNruAz37WEuAxQnn.jpg,1998,3508,hsuhshuh_medgha_ay_t5_40b48feb_jpg.rf.25tWwNruAz37WEuAxQnn,no translation yet,0.9604,0.5002,0.4997,0.9989,0.9992
hsuhshuh_medgha_ee_t1_808551fd_jpg.rf.14MSmiNvbrbAGjkajMJQ.jpg,1980,3492,hsuhshuh_medgha_ee_t1_808551fd_jpg.rf.14MSmiNvbrbAGjkajMJQ,no translation yet,0.9770,0.5002,0.5002,0.9981,0.9992
hsuhshuh_medgha_ee_t6_df60d592_jpg.rf.ijjTHGCuVayjY3sg4I1h.jpg,1985,3497,hsuhshuh_medgha_ee_t6_df60d592_jpg.rf.ijjTHGCuVayjY3sg4I1h,no translation yet,0.9489,0.5002,0.5000,0.9990,0.9993
hsuhshuh_medgha_eh_t1_33e7c024_jpg.rf.xDpBABckjtTDE2dOXqBy.jpg,2014,3522,hsuhshuh_medgha_eh_t1_dfe8e5bf_jpg.rf.VMchjYDyKN5yct3jwmc1,no translation yet,0.7419,0.4970,0.5451,0.3757,0.5223
hsuhshuh_medgha_eh_t1_dfe8e5bf_jpg.rf.VMchjYDyKN5yct3jwmc1.jpg,2014,3522,hsuhshuh_medgha_eh_t1_dfe8e5bf_jpg.rf.VMchjYDyKN5yct3jwmc1,no translation yet,0.9713,0.5002,0.4999,0.9984,0.9998
hsuhshuh_medgha_er_t1_6490d3d1_jpg.rf.1lvxTv4zmWtCy8jTcJ5H.jpg,1986,3498,hsuhshuh_medgha_er_t1_764f898e_jpg.rf.9OmWiMaDL8tnuUBQqwUI,no translation yet,0.9518,0.5003,0.4999,0.9984,0.9989
hsuhshuh_medgha_er_t1_764f898e_jpg.rf.9OmWiMaDL8tnuUBQqwUI.jpg,1986,3498,hsuhshuh_medgha_er_t1_764f898e_jpg.rf.9OmWiMaDL8tnuUBQqwUI,no translation yet,0.7454,0.4973,0.6115,0.4769,0.3885
hsuhshuh_medgha_er_t3_77b464cd_jpg.rf.fpjTf5kgRyY9RBs7tLqh.jpg,1990,3500,hsuhshuh_medgha_er_t3_77b464cd_jpg.rf.fpjTf5kgRyY9RBs7tLqh,no translation yet,0.9847,0.5001,0.5002,0.9984,0.9995
hsuhshuh_medgha_er_t5_01cfc02c_jpg.rf.BPOUAkQtaDfluExH3YzX.jpg,1992,3502,hsuhshuh_medgha_er_t5_01cfc02c_jpg.rf.BPOUAkQtaDfluExH3YzX,no translation yet,0.9554,0.4999,0.4997,0.9990,0.9992
hsuhshuh_medgha_er_t6_9b9951ad_jpg.rf.JNRMn8GKbqw1gO5bJPOm.jpg,1993,3503,hsuhshuh_medgha_er_t6_9b9951ad_jpg.rf.JNRMn8GKbqw1gO5bJPOm,no translation yet,0.9324,0.4999,0.4997,0.9985,0.9985
hsuhshuh_medgha_oh_t3_2868a695_jpg.rf.sPlktduuzMuIGz3X4kS2.jpg,2009,3518,hsuhshuh_medgha_oh_t3_2868a695_jpg.rf.sPlktduuzMuIGz3X4kS2,no translation yet,0.8666,0.4998,0.4996,0.9974,0.9977
hsuhshuh_medgha_oh_t3_a9df681f_jpg.rf.oSoTnYLNjahnI53sTUbp.jpg,2009,3518,hsuhshuh_medgha_oh_t3_2868a695_jpg.rf.sPlktduuzMuIGz3X4kS2,no translation yet,0.8676,0.4996,0.4996,0.9979,0.9982
hsuhshuh_medgha_oh_t4_d32b8831_jpg.rf.oiCF1KCN2mYLstm7u6Zw.jpg,2010,3519,hsuhshuh_medgha_oh_t4_d32b8831_jpg.rf.oiCF1KCN2mYLstm7u6Zw,no translation yet,0.9340,0.4993,0.4995,0.9974,0.9972
hsuhshuh_medgha_oh_t5_b700a42b_jpg.rf.rFb844hVlDTnsyzLwYMY.jpg,2012,3520,hsuhshuh_medgha_oh_t5_fde8915c_jpg.rf.rPRQfddVsVeXQZpmFFsL,no translation yet,0.9331,0.5001,0.4999,0.9985,0.9995
hsuhshuh_medgha_oh_t5_fde8915c_jpg.rf.rPRQfddVsVeXQZpmFFsL.jpg,2012,3520,hsuhshuh_medgha_oh_t5_fde8915c_jpg.rf.rPRQfddVsVeXQZpmFFsL,no translation yet,0.9321,0.5002,0.5003,0.9991,0.9991
hsuhshuh_medgha_oo_t3_0d8789e3_jpg.rf.WX1BJRFuWzr4re4crYS5.jpg,2023,3530,hsuhshuh_medgha_oo_t3_3b60c6d2_jpg.rf.Lsu17upjlaU6Md1sy6G8,no translation yet,0.9747,0.5002,0.5001,0.9988,0.9995
hsuhshuh_medgha_oo_t3_3b60c6d2_jpg.rf.Lsu17upjlaU6Md1sy6G8.jpg,2023,3530,hsuhshuh_medgha_oo_t3_3b60c6d2_jpg.rf.Lsu17upjlaU6Md1sy6G8,no translation yet,0.9760,0.5000,0.4995,0.9982,0.9989
hsuhshuh_medgha_oo_t5_1e04064d_jpg.rf.2ITAq52eIyQeo3aYhAkW.jpg,2025,3532,hsuhshuh_medgha_oo_t5_1e04064d_jpg.rf.2ITAq52eIyQeo3aYhAkW,no translation yet,0.9076,0.5000,0.4997,0.9987,0.9993
hsuhshuh_medgha_oo_t5_9bc2c013_jpg.rf.U0RdJ0Fl7VFEKx5iyPiQ.jpg,2025,3532,hsuhshuh_medgha_oo_t5_1e04064d_jpg.rf.2ITAq52eIyQeo3aYhAkW,no translation yet,0.9086,0.4999,0.4998,0.9988,0.9994
hsuhshuh_medgha_oo_t6_2b6ce0bf_jpg.rf.vRy6QqlbFaw568QJotTU.jpg,2026,3533,hsuhshuh_medgha_oo_t6_2b6ce0bf_jpg.rf.vRy6QqlbFaw568QJotTU,no translation yet,0.8159,0.4973,0.5314,0.5300,0.5497
hsuhshuh_medgha_oo_t6_b55df814_jpg.rf.d7tSUzXBflt5HZUuyyJx.jpg,2026,3533,hsuhshuh_medgha_oo_t6_2b6ce0bf_jpg.rf.vRy6QqlbFaw568QJotTU,no translation yet,0.9440,0.5001,0.4998,0.9985,0.9992
hsuhshuh_medgha_u_t2_b97286e3_jpg.rf.aiSpf5PuyK6ggMKkunHN.jpg,2028,3535,hsuhshuh_medgha_u_t2_b97286e3_jpg.rf.aiSpf5PuyK6ggMKkunHN,no translation yet,0.9589,0.5001,0.5001,0.9982,0.9997
hsuhshuh_medgha_u_t4_83fef8a9_jpg.rf.48bGGVJiPGpvsMpWX5wg.jpg,2030,3537,hsuhshuh_medgha_u_t4_27831ac6_jpg.rf.di84PDH46Lr4AVX43Msh,no translation yet,0.6456,0.5002,0.4999,0.9989,0.9989
hsuhshuh_medgha_u_t4_8a4c0095_jpg.rf.El9rXADAjg7vOmdeFDj2.jpg,2030,3537,hsuhshuh_medgha_u_t4_27831ac6_jpg.rf.di84PDH46Lr4AVX43Msh,no translation yet,0.6372,0.5002,0.4998,0.9988,0.9988
hsuhshuh_medgha_u_t5_1f77c5f2_jpg.rf.Fbvvc3aVgEWveOmFB3gY.jpg,2031,3538,hsuhshuh_medgha_u_t5_1f77c5f2_jpg.rf.Fbvvc3aVgEWveOmFB3gY,no translation yet,0.9661,0.5003,0.5000,0.9987,0.9996
hsuhshuh_medgha_u_t6_d3646e84_jpg.rf.mntECZAfg8tgWiaY58fk.jpg,2032,3539,hsuhshuh_medgha_u_t6_ddb63261_jpg.rf.3whLlPmENz2tN3kYcReO,no translation yet,0.8341,0.5005,0.4998,0.9986,0.9992
hsuhshuh_medgha_u_t6_ddb63261_jpg.rf.3whLlPmENz2tN3kYcReO.jpg,2032,3539,hsuhshuh_medgha_u_t6_ddb63261_jpg.rf.3whLlPmENz2tN3kYcReO,no translation yet,0.4793,0.4975,0.5311,0.5300,0.5492
hsuhshuh_medla_a_t3_c1e5c52a_jpg.rf.X9RztO9i8yQXbOFUslk0.jpg,1798,3302,hsuhshuh_medla_a_t3_c1e5c52a_jpg.rf.X9RztO9i8yQXbOFUslk0,no translation yet,0.9391,0.5003,0.4999,0.9980,0.9984
hsuhshuh_medla_a_t4_32de3baa_jpg.rf.CcB1mUMozS5SauVRcxAw.jpg,1799,3303,hsuhshuh_medla_a_t4_32de3baa_jpg.rf.CcB1mUMozS5SauVRcxAw,no translation yet,0.9512,0.5001,0.5000,0.9988,0.9990
hsuhshuh_medla_ah_t1_1eefb5cc_jpg.rf.YBSZ93X3Ih6VkMlpdNjg.jpg,1802,3306,hsuhshuh_medla_ah_t1_d5078e14_jpg.rf.Hyld7ruQrbSXoX1SHjth,no translation yet,0.9114,0.5007,0.4994,0.9987,0.9981
hsuhshuh_medla_ah_t1_d5078e14_jpg.rf.Hyld7ruQrbSXoX1SHjth.jpg,1802,3306,hsuhshuh_medla_ah_t1_d5078e14_jpg.rf.Hyld7ruQrbSXoX1SHjth,no translation yet,0.9224,0.5006,0.5001,0.9988,0.9982
hsuhshuh_medla_ah_t3_444f65bb_jpg.rf.9M4AKroIAlD2g7gciCwG.jpg,1804,3308,hsuhshuh_medla_ah_t3_444f65bb_jpg.rf.9M4AKroIAlD2g7gciCwG,no translation yet,0.9694,0.5001,0.4998,0.9987,0.9991
hsuhshuh_medla_ah_t4_79ed65de_jpg.rf.ZNi9g4ZtBHV26l2AZKyb.jpg,1805,3309,hsuhshuh_medla_ah_t4_bda47678_jpg.rf.BWbpVxkHNMGEfaVHykEy,no translation yet,0.7753,0.4997,0.4999,0.9977,0.9990
hsuhshuh_medla_ah_t4_bda47678_jpg.rf.BWbpVxkHNMGEfaVHykEy.jpg,1805,3309,hsuhshuh_medla_ah_t4_bda47678_jpg.rf.BWbpVxkHNMGEfaVHykEy,no translation yet,0.7470,0.4998,0.5002,0.9983,0.9994
hsuhshuh_medla_ah_t4_df5eea13_jpg.rf.oWJmSLfETBF9ZdFAz66Z.jpg,1805,3309,hsuhshuh_medla_ah_t4_bda47678_jpg.rf.BWbpVxkHNMGEfaVHykEy,no translation yet,0.4466,0.4977,0.5348,0.7204,0.5563
hsuhshuh_medla_aw_t3_fd22478b_jpg.rf.xERy2QDdLcDOTnvbQxnX.jpg,1828,3332,hsuhshuh_medla_aw_t3_fd22478b_jpg.rf.xERy2QDdLcDOTnvbQxnX,no translation yet,0.9604,0.5003,0.4999,0.9983,0.9985
hsuhshuh_medla_aw_t4_6bce3196_jpg.rf.rVB0ZIaDZceI2wsog2gL.jpg,1829,3333,hsuhshuh_medla_aw_t4_6bce3196_jpg.rf.rVB0ZIaDZceI2wsog2gL,no translation yet,0.7452,0.4975,0.5338,0.6449,0.5559
hsuhshuh_medla_ay_t3_e82f41d4_jpg.rf.Gxo1Rm2BmJnXmvjahk9o.jpg,1822,3326,hsuhshuh_medla_ay_t3_e82f41d4_jpg.rf.Gxo1Rm2BmJnXmvjahk9o,no translation yet,0.9798,0.5002,0.5000,0.9982,0.9986
hsuhshuh_medla_ay_t5_bbef6361_jpg.rf.RJ9hnDSR4ouu1hvuVnOV.jpg,1824,3328,hsuhshuh_medla_ay_t5_bbef6361_jpg.rf.RJ9hnDSR4ouu1hvuVnOV,no translation yet,0.9479,0.5004,0.4997,0.9983,0.9987
hsuhshuh_medla_ee_t3_f3418ed8_jpg.rf.TWyvbWUNvQdIuUmd2Kgp.jpg,1810,3314,hsuhshuh_medla_ee_t3_f3418ed8_jpg.rf.TWyvbWUNvQdIuUmd2Kgp,no translation yet,0.9553,0.5040,0.5631,0.5839,0.4998
hsuhshuh_medla_eh_t1_3fea6d7d_jpg.rf.xePZVjINnjkJT0RnLbeK.jpg,1838,3342,hsuhshuh_medla_eh_t1_3fea6d7d_jpg.rf.xePZVjINnjkJT0RnLbeK,no translation yet,0.9819,0.5003,0.4998,0.9995,0.9994
hsuhshuh_medla_eh_t4_0fe1ad37_jpg.rf.QOWB3i9BuhV09ijm89Wr.jpg,1841,3345,hsuhshuh_medla_eh_t4_0fe1ad37_jpg.rf.QOWB3i9BuhV09ijm89Wr,no translation yet,0.8853,0.5000,0.4995,0.9987,0.9990
hsuhshuh_medla_eh_t4_bdaefb60_jpg.rf.lv0AuHD8ZHwWe4y4hd3L.jpg,1841,3345,hsuhshuh_medla_eh_t4_0fe1ad37_jpg.rf.QOWB3i9BuhV09ijm89Wr,no translation yet,0.6208,0.4981,0.5343,0.6457,0.5584
hsuhshuh_medla_eh_t6_3c747492_jpg.rf.ASGULcXYaBUTGmz2JKv4.jpg,1843,3347,hsuhshuh_medla_eh_t6_3c747492_jpg.rf.ASGULcXYaBUTGmz2JKv4,no translation yet,0.5143,0.4978,0.5339,0.5945,0.5592
hsuhshuh_medla_oh_t1_7bc4c9c4_jpg.rf.gN3YIzVe9ugTrbREgGDD.jpg,1832,3336,hsuhshuh_medla_oh_t1_7bc4c9c4_jpg.rf.gN3YIzVe9ugTrbREgGDD,no translation yet,0.7764,0.4959,0.5343,0.4364,0.5570
hsuhshuh_medla_oh_t1_d4b77b13_jpg.rf.qjxA1omKOlBg4G4R0Qf6.jpg,1832,3336,hsuhshuh_medla_oh_t1_7bc4c9c4_jpg.rf.gN3YIzVe9ugTrbREgGDD,no translation yet,0.9749,0.5004,0.4998,0.9989,0.9995
hsuhshuh_medla_oh_t5_3803d47d_jpg.rf.AJV2sLJUhrvWQ6enBq2G.jpg,1836,3340,hsuhshuh_medla_oh_t5_3803d47d_jpg.rf.AJV2sLJUhrvWQ6enBq2G,no translation yet,0.9609,0.5001,0.4998,0.9990,0.9995
hsuhshuh_medla_oo_t2_89a37450_jpg.rf.vbiiFMSWTuaR2fDF5ypU.jpg,1845,3349,hsuhshuh_medla_oo_t2_89a37450_jpg.rf.vbiiFMSWTuaR2fDF5ypU,no translation yet,0.9826,0.5005,0.4999,0.9986,0.9998
hsuhshuh_medla_oo_t5_8354c779_jpg.rf.xSlMXynbXv0uAurnIEmf.jpg,1848,3352,hsuhshuh_medla_oo_t5_8354c779_jpg.rf.xSlMXynbXv0uAurnIEmf,no translation yet,0.9743,0.5004,0.5000,0.9992,0.9995
hsuhshuh_medla_u_t2_74b25ddd_jpg.rf.1p2lwqfzgCFHBKpCdDEL.jpg,1851,3355,hsuhshuh_medla_u_t2_74b25ddd_jpg.rf.1p2lwqfzgCFHBKpCdDEL,no translation yet,0.9808,0.5002,0.5002,0.9987,0.9992
hsuhshuh_medla_u_t4_cf6e9ee3_jpg.rf.RVXRy8OCbhEtYMc4xTN2.jpg,1853,3357,hsuhshuh_medla_u_t4_cf6e9ee3_jpg.rf.RVXRy8OCbhEtYMc4xTN2,no translation yet,0.9393,0.5002,0.4996,0.9984,0.9991
hsuhshuh_medla_u_t5_85be42fd_jpg.rf.F5qtXIHAQfztt8k255jA.jpg,1854,3358,hsuhshuh_medla_u_t5_85be42fd_jpg.rf.F5qtXIHAQfztt8k255jA,no translation yet,0.9323,0.4995,0.4998,0.9982,0.9991
hsuhshuh_medra_a_t4_49e2f3b9_jpg.rf.67wmYtRXJq3RbRecjhCP.jpg,1860,3363,hsuhshuh_medra_a_t4_49e2f3b9_jpg.rf.67wmYtRXJq3RbRecjhCP,no translation yet,0.9667,0.4999,0.5004,0.9984,0.9988
hsuhshuh_medra_ah_t5_6ea11ada_jpg.rf.rLKzn3bX2wkb9TvCyyFC.jpg,1868,3370,hsuhshuh_medra_ah_t5_70567296_jpg.rf.LP1S2aerOGVqSnYxFKF8,no translation yet,0.8325,0.4999,0.4998,0.9989,0.9991
hsuhshuh_medra_ah_t5_70567296_jpg.rf.LP1S2aerOGVqSnYxFKF8.jpg,1868,3370,hsuhshuh_medra_ah_t5_70567296_jpg.rf.LP1S2aerOGVqSnYxFKF8,no translation yet,0.8724,0.5002,0.4998,0.9989,0.9991
hsuhshuh_medra_ay_t1_42ea2b3f_jpg.rf.wCGQA61jiH2x4VPAgbyD.jpg,1877,3384,hsuhshuh_medra_ay_t1_42ea2b3f_jpg.rf.wCGQA61jiH2x4VPAgbyD,no translation yet,0.5100,0.5042,0.5219,0.4434,0.5703
hsuhshuh_medra_ay_t1_630cff32_jpg.rf.7JR3P6gioVcJMdrJsngR.jpg,1877,3384,hsuhshuh_medra_ay_t1_42ea2b3f_jpg.rf.wCGQA61jiH2x4VPAgbyD,no translation yet,0.9574,0.5000,0.4994,0.9968,0.9983
hsuhshuh_medra_ay_t2_1e82cbdc_jpg.rf.PigjQCC3RiNovOCLGY4z.jpg,1878,3385,hsuhshuh_medra_ay_t2_1e82cbdc_jpg.rf.PigjQCC3RiNovOCLGY4z,no translation yet,0.9718,0.5000,0.4998,0.9980,0.9996
hsuhshuh_medra_ay_t3_2ce40aa9_jpg.rf.Qdg1mFXf5g1PDOPtmTxf.jpg,1879,3386,hsuhshuh_medra_ay_t3_2ce40aa9_jpg.rf.Qdg1mFXf5g1PDOPtmTxf,no translation yet,0.6634,0.5083,0.5217,0.5863,0.5700
hsuhshuh_medra_oo_t3_78ffb047_jpg.rf.R9bwT1HluDjsox3gMa1m.jpg,1896,3410,hsuhshuh_medra_oo_t3_78ffb047_jpg.rf.R9bwT1HluDjsox3gMa1m,no translation yet,0.9332,0.4999,0.4997,0.9981,0.9960
hsuhshuh_medra_oo_t6_b9fc0889_jpg.rf.7uBOiXe951EvpdDRQCG6.jpg,1899,3413,hsuhshuh_medra_oo_t6_b9fc0889_jpg.rf.7uBOiXe951EvpdDRQCG6,no translation yet,0.9187,0.5001,0.4994,0.9992,0.9981
hsuhshuh_medra_u_t3_b7e6afdc_jpg.rf.6AJYiUCcmJAbPoNPPPv1.jpg,1902,3416,hsuhshuh_medra_u_t3_b7e6afdc_jpg.rf.6AJYiUCcmJAbPoNPPPv1,no translation yet,0.9435,0.4999,0.4985,0.9981,0.9964
hsuhshuh_medra_u_t6_91e073cb_jpg.rf.ISp4n6On8nTRufeeifW2.jpg,1905,3419,hsuhshuh_medra_u_t6_91e073cb_jpg.rf.ISp4n6On8nTRufeeifW2,no translation yet,0.9776,0.5000,0.4998,0.9981,0.9989
hsuhshuh_medwa_a_t3_2d5a87f7_jpg.rf.ivUjXEQwsoiH9xaLQTiF.jpg,1908,3422,hsuhshuh_medwa_a_t3_2d5a87f7_jpg.rf.ivUjXEQwsoiH9xaLQTiF,no translation yet,0.7552,0.5029,0.6140,0.5234,0.3905
hsuhshuh_medwa_ah_t4_3d17e28e_jpg.rf.SpHmokpPG8OjnpLo3xV4.jpg,1915,3429,hsuhshuh_medwa_ah_t4_3d17e28e_jpg.rf.SpHmokpPG8OjnpLo3xV4,no translation yet,0.8603,0.5001,0.5000,0.9980,0.9981
hsuhshuh_medwa_ah_t6_7d2d9d3f_jpg.rf.uiPLSanltaqVsbE3p64R.jpg,1917,3431,hsuhshuh_medwa_ah_t6_7d2d9d3f_jpg.rf.uiPLSanltaqVsbE3p64R,no translation yet,0.6911,0.4978,0.5326,0.6050,0.5534
hsuhshuh_medwa_aw_t1_4e4882f1_jpg.rf.es98oiQbYoakzuE8uHbX.jpg,1936,3450,hsuhshuh_medwa_aw_t1_4e4882f1_jpg.rf.es98oiQbYoakzuE8uHbX,no translation yet,0.9628,0.4999,0.4998,0.9981,0.9992
hsuhshuh_medwa_aw_t3_de272cd8_jpg.rf.ExDcGYu7aMaQ51kreZtT.jpg,1938,3452,hsuhshuh_medwa_aw_t3_de272cd8_jpg.rf.ExDcGYu7aMaQ51kreZtT,no translation yet,0.9531,0.5002,0.4999,0.9985,0.9986
hsuhshuh_medwa_aw_t6_4f5d942d_jpg.rf.PpHcT4FIVGd8q6Y4xODB.jpg,1941,3455,hsuhshuh_medwa_aw_t6_4f5d942d_jpg.rf.PpHcT4FIVGd8q6Y4xODB,no translation yet,0.6386,0.4974,0.5325,0.5290,0.5526
hsuhshuh_medwa_aw_t6_bb0c46d8_jpg.rf.uwNIr87JbiooSIdXOQLT.jpg,1941,3455,hsuhshuh_medwa_aw_t6_4f5d942d_jpg.rf.PpHcT4FIVGd8q6Y4xODB,no translation yet,0.8785,0.5003,0.4995,0.9978,0.9973
hsuhshuh_medwa_ay_t5_02fab914_jpg.rf.1NkaC3cVEBoXlGTg6kVu.jpg,1934,3448,hsuhshuh_medwa_ay_t5_02fab914_jpg.rf.1NkaC3cVEBoXlGTg6kVu,no translation yet,0.9749,0.5001,0.4995,0.9983,0.9982
hsuhshuh_medwa_ee_t6_e54b7cde_jpg.rf.0n4q0Ewc1saWFGwX6BN2.jpg,1923,3437,hsuhshuh_medwa_ee_t6_e54b7cde_jpg.rf.0n4q0Ewc1saWFGwX6BN2,no translation yet,0.9673,0.4999,0.4998,0.9981,0.9984
hsuhshuh_medwa_er_t2_c15634f6_jpg.rf.2litukUhprFJDCHxNG4h.jpg,1925,3439,hsuhshuh_medwa_er_t2_c15634f6_jpg.rf.2litukUhprFJDCHxNG4h,no translation yet,0.9083,0.5003,0.4994,0.9985,0.9980
hsuhshuh_medwa_er_t4_c972cefb_jpg.rf.td4ptxfPhJ9najrXlfFH.jpg,1927,3441,hsuhshuh_medwa_er_t4_c972cefb_jpg.rf.td4ptxfPhJ9najrXlfFH,no translation yet,0.6779,0.4994,0.4999,0.9984,0.9989
hsuhshuh_medwa_er_t5_e5236a37_jpg.rf.C47WaDDb3b2E2zreexf2.jpg,1928,3442,hsuhshuh_medwa_er_t5_e5236a37_jpg.rf.C47WaDDb3b2E2zreexf2,no translation yet,0.8246,0.5208,0.5325,0.6270,0.5531
hsuhshuh_medwa_oh_t5_afe35372_jpg.rf.r1gwWaqYIHwDax3LjGkl.jpg,1946,3460,hsuhshuh_medwa_oh_t5_afe35372_jpg.rf.r1gwWaqYIHwDax3LjGkl,no translation yet,0.9531,0.5002,0.4992,0.9982,0.9981
hsuhshuh_medwa_oo_t1_f81d0864_jpg.rf.lqbRLH1nhlsEoWCsqfDO.jpg,1954,3468,hsuhshuh_medwa_oo_t1_f81d0864_jpg.rf.lqbRLH1nhlsEoWCsqfDO,no translation yet,0.9867,0.5006,0.4998,0.9985,0.9994
hsuhshuh_medya_a_t2_da3cf08a_jpg.rf.QcEFUsFj6GurWUGsM4q9.jpg,2035,3541,hsuhshuh_medya_a_t2_da3cf08a_jpg.rf.QcEFUsFj6GurWUGsM4q9,no translation yet,0.9668,0.5003,0.4999,0.9978,0.9991
hsuhshuh_medya_a_t6_4b25069a_jpg.rf.4RDX2Z9zfl74RFed9G3A.jpg,2039,3545,hsuhshuh_medya_a_t6_4b25069a_jpg.rf.4RDX2Z9zfl74RFed9G3A,no translation yet,0.8893,0.5004,0.5001,0.9978,0.9988
hsuhshuh_medya_ah_t1_9412e821_jpg.rf.JBWIX7dHHaLxJNMRqyic.jpg,2040,3546,hsuhshuh_medya_ah_t1_9412e821_jpg.rf.JBWIX7dHHaLxJNMRqyic,no translation yet,0.9754,0.5004,0.4997,0.9989,0.9994
hsuhshuh_medya_aw_t2_7845c94b_jpg.rf.bBWwhp3tr15xSzKwRWo7.jpg,2062,3571,hsuhshuh_medya_aw_t2_7845c94b_jpg.rf.bBWwhp3tr15xSzKwRWo7,no translation yet,0.9431,0.5003,0.5002,0.9981,0.9995
hsuhshuh_medya_ee_t1_1deff914_jpg.rf.223FFySJGki8Hy94J4ea.jpg,2047,3552,hsuhshuh_medya_ee_t1_1deff914_jpg.rf.223FFySJGki8Hy94J4ea,no translation yet,0.9758,0.5002,0.4999,0.9974,0.9998
hsuhshuh_medya_ee_t3_afbfedf8_jpg.rf.BsxrDfvv37t1XgrQ4ocI.jpg,2049,3554,hsuhshuh_medya_ee_t3_afbfedf8_jpg.rf.BsxrDfvv37t1XgrQ4ocI,no translation yet,0.7115,0.5030,0.5599,0.5230,0.4925
hsuhshuh_medya_ee_t4_435c8a8a_jpg.rf.sbMdOReQ3MR7LmvmphoK.jpg,2050,3555,hsuhshuh_medya_ee_t4_435c8a8a_jpg.rf.sbMdOReQ3MR7LmvmphoK,no translation yet,0.9741,0.5002,0.5003,0.9989,0.9988
htuh_medgha_oo_t4_dc89bbfe_jpg.rf.Xzk7dy27ROB7cFcPk63Y.jpg,2680,4731,htuh_medgha_oo_t4,no translation yet,0.6376,0.4999,0.4996,0.9989,0.9980
htuh_medgha_u_t1_3c92067c_jpg.rf.BG94xGgnsRXvd1icjhVP.jpg,2683,4734,htuh_medgha_u_t1,no translation yet,0.4635,0.5000,0.4997,0.9984,0.9990
htuh_medla_a_t3_e0d544d4_jpg.rf.vRhic9FUu9n9vbRnigJy.jpg,2657,4502,htuh_medla_a_t3,no translation yet,0.4328,0.5064,0.6161,0.5865,0.3957
htuh_medla_a_t6_2557d5ed_jpg.rf.2ZTSaxseQkADSQ3Ann9o.jpg,2660,4505,htuh_medla_a_t6,no translation yet,0.5593,0.5007,0.5345,0.5959,0.5574
htuh_medla_ah_t3_32a6bc4b_jpg.rf.jgSiWnB7MXYeAl3ULGfQ.jpg,2663,4508,htuh_medla_ah_t3,no translation yet,0.4261,0.4994,0.5002,0.9983,0.9982
htuh_medla_ay_t1_68796817_jpg.rf.PMlHMJjucNlfypXbDsgq.jpg,2667,4524,htuh_medla_ay_t1,no translation yet,0.4621,0.5004,0.4995,0.9988,0.9985
htuh_medya_er_t6_0779bd76_jpg.rf.IN1XHYE3mFVFIHWTMjVO.jpg,2694,4763,htuh_medya_er_t6,no translation yet,0.8352,0.5000,0.5003,0.9985,0.9988
htuh_medya_oh_t1_223d35a7_jpg.rf.nj14nciiLv2uooftEWHe.jpg,2695,4776,htuh_medya_oh_t1,no translation yet,0.7160,0.5003,0.5001,0.9987,0.9997
htuh_medya_oh_t2_96444fb8_jpg.rf.sqqGA2WKAQtt9WcOYGHe.jpg,2696,4777,htuh_medya_oh_t2,no translation yet,0.8051,0.5025,0.5310,0.4856,0.5503
htuh_oh_t1_a489bc18_jpg.rf.ffVYnj3O0cm5dkrW9PMq.jpg,4066,636,htuh_oh_t1,no translation yet,0.5777,0.5004,0.4514,0.3775,0.3904
htuh_oh_t2_025674df_jpg.rf.y6AP2grS8cFJ3IaZ2plG.jpg,4067,637,htuh_oh_t2,no translation yet,0.9734,0.4999,0.4999,0.9986,0.9990
htuh_oo_t1_fccda712_jpg.rf.lHJNyy2NTDZgOWIldlM2.jpg,4072,648,htuh_oo_t1,no translation yet,0.8441,0.5003,0.4998,0.9982,0.9995
htuh_oo_t4_d78c4c60_jpg.rf.P7j17vNp687n7qJ5oKK9.jpg,4075,651,htuh_oo_t4,no translation yet,0.5537,0.5001,0.4998,0.9988,0.9992
htuh_u_t2_5f65eab9_jpg.rf.R52tRcjz3k5Ife0B51eo.jpg,4079,655,htuh_u_t2,no translation yet,0.6132,0.4999,0.5000,0.9985,1.0000
htuh_u_t5_189f2b0b_jpg.rf.O3GKDPoZ2lXBGD5VUQa1.jpg,4082,658,htuh_u_t5,no translation yet,0.7651,0.5001,0.5000,0.9978,0.9995
htuh_u_t5_d57304fe_jpg.rf.mHhPG036FmKGlRXmH8Xr.jpg,4082,658,htuh_u_t5,no translation yet,0.7748,0.5002,0.5001,0.9990,0.9998
huh_a_t6_82824abc_jpg.rf.oBnza6E5OyagGaaSKfEb.jpg,302,1325,huh_a_t6,no translation yet,0.9398,0.4999,0.5003,0.9983,0.9987
huh_ah_t2_1ae513e6_jpg.rf.mXSz2XM6BItR18QIMFXm.jpg,304,1327,huh_ah_t2,no translation yet,0.6849,0.5030,0.4521,0.5637,0.3911
huh_ah_t4_61fd2ccb_jpg.rf.w55vXhvhH1BLcMN102V5.jpg,306,1329,huh_ah_t4,no translation yet,0.9500,0.4997,0.5001,0.9979,0.9982
huh_ah_t6_b4c91eef_jpg.rf.5tejsPLHBbSer4kpQVQI.jpg,309,1331,huh_ah_t6,no translation yet,0.8113,0.5000,0.5001,0.9978,0.9993
huh_aw_t2_65237714_jpg.rf.ao4kJ8jb0FxgO72QIfU1.jpg,331,1351,huh_aw_t2,no translation yet,0.7381,0.4999,0.5001,0.9977,0.9988
huh_aw_t4_8da9ce19_jpg.rf.K5gVSbU7KnEDRqrAz1Co.jpg,333,1353,huh_aw_t4,no translation yet,0.9140,0.4999,0.5002,0.9985,0.9988
huh_ay_t3_693caa14_jpg.rf.RqlC5futN8sk9OwYH8dY.jpg,325,1346,huh_ay_t3,no translation yet,0.6959,0.4996,0.5001,0.9979,0.9992
huh_ee_t5_05ef34ff_jpg.rf.FccXh2DaGWowhjyPtNzb.jpg,314,1336,huh_ee_t5,no translation yet,0.6700,0.5232,0.4515,0.5298,0.3908
huh_ee_t5_07f9af37_jpg.rf.CBuL45HmkCjb3O1n7JlI.jpg,314,1336,huh_ee_t5,no translation yet,0.8542,0.4998,0.5002,0.9974,0.9987
huh_ee_t6_da0b3b21_jpg.rf.wZkEVQpSHxtHqOFbC1iN.jpg,315,1337,huh_ee_t6,no translation yet,0.8468,0.5000,0.5003,0.9976,0.9986
huh_eh_t3_7563a713_jpg.rf.1uV4peq4Ahu0gbIAEWD4.jpg,345,1364,huh_eh_t3,no translation yet,0.7021,0.5057,0.4658,0.5276,0.3639
huh_eh_t5_7f60b21f_jpg.rf.EacLK24CghIMeuCXUkg6.jpg,347,1366,huh_eh_t5,no translation yet,0.7831,0.5001,0.4999,0.9977,0.9993
huh_eh_t5_a4fc114f_jpg.rf.NPL9XiBco7QP5DKp6SqV.jpg,347,1366,huh_eh_t5,no translation yet,0.7735,0.5001,0.5000,0.9976,0.9995
huh_medgha_ay_t1_93641171_jpg.rf.AvkRTijrEduSrvf0qcRh.jpg,5510,8304,huh_medgha_ay_t1,no translation yet,0.8805,0.5001,0.4997,0.9990,0.9988
huh_medgha_ay_t2_2dfc7bc5_jpg.rf.5wtd40np70h0qLfOjwFr.jpg,5511,8305,huh_medgha_ay_t2,no translation yet,0.7620,0.5000,0.5005,0.9988,0.9990
huh_medgha_ay_t2_4118874b_jpg.rf.yFCSs9oMq4uoKSKqmBTF.jpg,5511,8305,huh_medgha_ay_t2,no translation yet,0.7748,0.4999,0.5001,0.9984,0.9992
huh_medgha_ee_t1_33d20cc8_jpg.rf.826numhuAdsLP9bzlCBY.jpg,5497,8292,huh_medgha_ee_t1,no translation yet,0.4875,0.5004,0.5595,0.3810,0.4960
huh_medgha_ee_t6_7381059e_jpg.rf.AEQJVZqMeN6R8MXGt8s1.jpg,5502,8297,huh_medgha_ee_t6,no translation yet,0.9626,0.4998,0.5004,0.9980,0.9982
huh_medgha_eh_t1_115565d7_jpg.rf.B9Mh2eS26JDHv78QcbUU.jpg,5530,8322,huh_medgha_eh_t1,no translation yet,0.6563,0.5002,0.5002,0.9979,0.9996
huh_medgha_eh_t6_d6278239_jpg.rf.4cbqXbi4jKVM6IrPixDW.jpg,5535,8327,huh_medgha_eh_t6,no translation yet,0.8702,0.5002,0.4998,0.9981,0.9992
huh_medgha_er_t1_48b708b8_jpg.rf.LRBIbkVNbJSOJEIJ4rJE.jpg,5503,8298,huh_medgha_er_t1,no translation yet,0.7333,0.5002,0.4999,0.9972,0.9991
huh_medgha_er_t2_87a50a4d_jpg.rf.9WHCFlUsnOsiJQzjoVjt.jpg,5504,8299,huh_medgha_er_t2,no translation yet,0.9403,0.4998,0.5000,0.9984,0.9996
huh_medgha_er_t6_01670f3d_jpg.rf.KQcBUFOz8rhLTBAmigQy.jpg,5509,8303,huh_medgha_er_t6,no translation yet,0.8941,0.5001,0.5003,0.9976,0.9993
huh_medgha_oo_t2_8ea7a3dd_jpg.rf.DwY08Ikj5KO6NP3xFhPW.jpg,5537,8329,huh_medgha_oo_t2,no translation yet,0.7869,0.5023,0.6122,0.4885,0.3890
huh_medgha_oo_t6_10d1acd6_jpg.rf.C9OS03eQT6MFBhxgoLlH.jpg,5542,8333,huh_medgha_oo_t6,no translation yet,0.7578,0.4996,0.5000,0.9977,0.9982
huh_medgha_u_t2_ba225c8c_jpg.rf.MS2XvC9lk9glD0LsKo7h.jpg,5544,8335,huh_medgha_u_t2,no translation yet,0.4339,0.5024,0.6123,0.4890,0.3889
huh_medgha_u_t3_79a16044_jpg.rf.YWu32CXtuTSFuqzKE9td.jpg,5545,8336,huh_medgha_u_t3,no translation yet,0.4990,0.5056,0.6122,0.5276,0.3882
huh_medla_ah_t5_4f09ecdc_jpg.rf.3kxZtEvm48PVy7gvvGz3.jpg,5297,8110,huh_medla_ah_t5,no translation yet,0.8297,0.5001,0.4999,0.9983,0.9996
huh_medla_ah_t5_b7f4e3bb_jpg.rf.F35lOsvhTDcKOyrHT30N.jpg,5297,8110,huh_medla_ah_t5,no translation yet,0.7675,0.5001,0.4999,0.9981,0.9994
huh_medla_aw_t5_80460d9b_jpg.rf.yKbmtkW54Iu8gizv0hIR.jpg,5323,8134,huh_medla_aw_t5,no translation yet,0.9415,0.5001,0.4999,0.9985,0.9981
huh_medla_eh_t3_a266db54_jpg.rf.Vi918QbKm49izQmNbXQ0.jpg,5334,8144,huh_medla_eh_t3,no translation yet,0.9065,0.5001,0.4995,0.9985,0.9978
huh_medla_er_t1_783b1424_jpg.rf.FlkC0KBRNqNXGLh97zuC.jpg,5305,8118,huh_medla_er_t1,no translation yet,0.5992,0.4992,0.6155,0.5454,0.3953
huh_medla_er_t5_e6e86ad5_jpg.rf.mJynxbG1CWJWwqNcTpTW.jpg,5310,8122,huh_medla_er_t5,no translation yet,0.9742,0.4999,0.5004,0.9978,0.9985
huh_medla_oh_t3_aefd6625_jpg.rf.7fu3CO81zsBXg6orpFHS.jpg,5327,8138,huh_medla_oh_t3,no translation yet,0.8179,0.4999,0.4995,0.9987,0.9989
huh_medla_oh_t5_d2f54b45_jpg.rf.ROzgTaay4IWIOBFtPZDV.jpg,5330,8140,huh_medla_oh_t5,no translation yet,0.7599,0.4999,0.4998,0.9982,0.9994
huh_medla_oo_t6_603246a5_jpg.rf.1zfVFdh1zzpDOR4NlAAx.jpg,5344,8153,huh_medla_oo_t6,no translation yet,0.7798,0.4997,0.5002,0.9985,0.9994
huh_medra_a_t1_b29b2ba9_jpg.rf.QLV1Lt3DH1Oalp8Zqgrz.jpg,5352,8160,huh_medra_a_t1,no translation yet,0.5091,0.4998,0.5000,0.9989,0.9993
huh_medra_a_t1_cf8c2619_jpg.rf.NlTuBs1PbjxKOYzWl9PS.jpg,5352,8160,huh_medra_a_t1,no translation yet,0.5265,0.5000,0.4997,0.9992,0.9995
huh_medra_a_t5_ff8939c2_jpg.rf.XivkyrvV9sqIiKwWcS1l.jpg,5356,8164,huh_medra_a_t5,no translation yet,0.5341,0.5260,0.5217,0.6013,0.5693
huh_medra_ah_t3_2270074b_jpg.rf.IS2c7UZyQTdxvqovxaAc.jpg,5360,8168,huh_medra_ah_t3,no translation yet,0.9011,0.4998,0.5002,0.9977,0.9980
huh_medra_ah_t5_b1d53529_jpg.rf.f5bSeizMveG7GzqgA5Zp.jpg,5363,8170,huh_medra_ah_t5,no translation yet,0.8966,0.5000,0.5003,0.9980,0.9989
huh_medra_ay_t3_105ef259_jpg.rf.1LE17MA2oxNAWtwhmFXx.jpg,5380,8186,huh_medra_ay_t3,no translation yet,0.9340,0.4998,0.4998,0.9984,0.9990
huh_medra_eh_t3_30fe15fa_jpg.rf.hwNHOcYGUptOZvac5iiI.jpg,5400,8204,huh_medra_eh_t3,no translation yet,0.5105,0.5083,0.5214,0.5976,0.5701
huh_medra_er_t3_e4c4e917_jpg.rf.SDrKQudCJsZZPyizVVuN.jpg,5374,8180,huh_medra_er_t3,no translation yet,0.7377,0.5083,0.5211,0.6993,0.5693
huh_medra_er_t5_3f2dd2e5_jpg.rf.MI895iEZNXEzNgIg7l1j.jpg,5376,8182,huh_medra_er_t5,no translation yet,0.9443,0.4997,0.4996,0.9975,0.9979
huh_medra_oo_t5_02d96092_jpg.rf.gKSl5FTQtCckrSek9CFD.jpg,5409,8212,huh_medra_oo_t5,no translation yet,0.4028,0.5001,0.4992,0.9991,0.9981
huh_medra_oo_t5_2971af85_jpg.rf.MAdA27wir3XJmmjkoaC9.jpg,5409,8212,huh_medra_oo_t5,no translation yet,0.4335,0.5002,0.5000,0.9988,0.9986
huh_medra_oo_t6_53571ee7_jpg.rf.W1WZqbnIW6rQfOPHpSJp.jpg,5410,8213,huh_medra_oo_t6,no translation yet,0.8332,0.4997,0.4999,0.9992,0.9984
huh_medra_u_t4_16f83f7f_jpg.rf.x4Hs7guWDoC1WrGdSp9F.jpg,5414,8217,huh_medra_u_t4,no translation yet,0.8387,0.4997,0.4999,0.9987,0.9985
huh_medra_u_t5_7d83cf9d_jpg.rf.dKPCLdpcE9ezp0rvarn8.jpg,5415,8218,huh_medra_u_t5,no translation yet,0.7742,0.4999,0.4998,0.9982,0.9988
huh_medra_u_t5_eae7eeff_jpg.rf.S7cfEUxKDYH76h799TlT.jpg,5415,8218,huh_medra_u_t5,no translation yet,0.4659,0.5243,0.5217,0.6709,0.5693
huh_medwa_a_t1_ced6b0aa_jpg.rf.ptYockmNiWnHyhsZbAoW.jpg,5418,8220,huh_medwa_a_t1,no translation yet,0.6870,0.5000,0.4998,0.9988,0.9991
huh_medwa_a_t2_fb5f161e_jpg.rf.Ll4UZFhMc3JIYCuthNIV.jpg,5419,8221,huh_medwa_a_t2,no translation yet,0.4925,0.5022,0.6135,0.4894,0.3915
huh_medwa_a_t3_b65d90d5_jpg.rf.pCwehnRydZZePFJBSGoG.jpg,5420,8222,huh_medwa_a_t3,no translation yet,0.8355,0.5000,0.5003,0.9983,0.9987
huh_medwa_a_t5_17cf29b6_jpg.rf.g44sL67s9JDLMo92ud1N.jpg,5422,8224,huh_medwa_a_t5,no translation yet,0.8099,0.5004,0.4995,0.9991,0.9988
huh_medwa_ah_t4_777d7df9_jpg.rf.rS8enMtrhmgu9Cq5boiE.jpg,5427,8229,huh_medwa_ah_t4,no translation yet,0.9735,0.5000,0.5003,0.9977,0.9995
huh_medwa_ah_t5_f4d59ada_jpg.rf.XlJMGWQ0FiikTcDiwbMi.jpg,5429,8230,huh_medwa_ah_t5,no translation yet,0.6131,0.5241,0.5324,0.6060,0.5529
huh_medwa_ah_t6_beff1d15_jpg.rf.bm9QjwJrRiNVmKSKpZbd.jpg,5430,8231,huh_medwa_ah_t6,no translation yet,0.7885,0.5000,0.5000,0.9991,0.9987
huh_medwa_aw_t6_3e996490_jpg.rf.5OTXKvEDvttkMwrKUqYn.jpg,5456,8255,huh_medwa_aw_t6,no translation yet,0.7720,0.5000,0.5000,0.9976,0.9992
huh_medwa_ee_t6_b5392304_jpg.rf.ee5oZGBYqMJQoKzmeHWA.jpg,5436,8237,huh_medwa_ee_t6,no translation yet,0.8027,0.5000,0.4999,0.9983,0.9997
huh_medwa_eh_t3_08fd1a9e_jpg.rf.sDkvVzhXaco9hPn0V1M2.jpg,5466,8264,huh_medwa_eh_t3,no translation yet,0.9122,0.5001,0.4999,0.9977,0.9988
huh_medwa_eh_t5_31fba731_jpg.rf.z20J3rrcjIdjOYgnjD7A.jpg,5468,8266,huh_medwa_eh_t5,no translation yet,0.7122,0.5230,0.5326,0.5303,0.5558
huh_medwa_oh_t4_9e94d73f_jpg.rf.ex3bOIzQmrcjKClOWDy6.jpg,5460,8259,huh_medwa_oh_t4,no translation yet,0.8523,0.4999,0.5001,0.9984,0.9986
huh_medwa_oo_t4_66e5fbb5_jpg.rf.NPzCRGhRgEbZURlCDfZY.jpg,5474,8271,huh_medwa_oo_t4,no translation yet,0.9836,0.4999,0.4999,0.9985,0.9995
huh_medwa_u_t3_7ef699cb_jpg.rf.lM0UWqQm5kI1HXNGoxOQ.jpg,5479,8276,huh_medwa_u_t3,no translation yet,0.8544,0.4999,0.5002,0.9980,0.9979
huh_medwa_u_t5_945206bd_jpg.rf.crlxuDZztYFv3ar3iwFh.jpg,5481,8278,huh_medwa_u_t5,no translation yet,0.8460,0.5003,0.4988,0.9981,0.9971
huh_medya_a_t6_5d06e637_jpg.rf.UahW70eVP6HKliQzTWUF.jpg,5555,8345,huh_medya_a_t6,no translation yet,0.7505,0.4998,0.4997,0.9976,0.9971
huh_medya_aw_t3_43d01613_jpg.rf.mHHCL5ORcaVd5zaDuhEM.jpg,5585,8372,huh_medya_aw_t3,no translation yet,0.9051,0.5000,0.4998,0.9982,0.9989
huh_medya_aw_t4_90a01dca_jpg.rf.rNvSXwfjvenhiNmqkZDe.jpg,5586,8373,huh_medya_aw_t4,no translation yet,0.4794,0.5006,0.5309,0.5882,0.5492
huh_medya_aw_t5_0430000d_jpg.rf.DPoS7wHtCWgCSjmPVRfN.jpg,5587,8374,huh_medya_aw_t5,no translation yet,0.8420,0.5001,0.4995,0.9983,0.9981
huh_medya_ay_t5_241c0113_jpg.rf.HXgpVnhrILByadr9gT1Q.jpg,5580,8368,huh_medya_ay_t5,no translation yet,0.9377,0.5001,0.4995,0.9981,0.9982
huh_medya_ay_t6_02c7f65b_jpg.rf.UFMD0EBXLr13Hk9DH4Ay.jpg,5581,8369,huh_medya_ay_t6,no translation yet,0.7546,0.5001,0.4997,0.9989,0.9995
huh_medya_eh_t2_09ca1365_jpg.rf.A8gljBOrOfZTySr4HhyX.jpg,5597,8383,huh_medya_eh_t2,no translation yet,0.6564,0.4998,0.5001,0.9979,0.9988
huh_medya_er_t3_4c23005d_jpg.rf.zQHjwWuNReBdgQlbgxNX.jpg,5572,8360,huh_medya_er_t3,no translation yet,0.7854,0.4996,0.5000,0.9985,0.9989
huh_medya_oh_t2_ced89194_jpg.rf.AgYMsv4cS71mGGFGgZLc.jpg,5590,8377,huh_medya_oh_t2,no translation yet,0.9290,0.5002,0.5003,0.9972,0.9991
huh_medya_oo_t4_b15a12de_jpg.rf.A1PHNXAL9EbXy6benQd4.jpg,5606,8391,huh_medya_oo_t4,no translation yet,0.9166,0.5001,0.5003,0.9985,0.9995
huh_medya_u_t1_1dc46dc3_jpg.rf.9vfAlDfsedaAq8tIU4fI.jpg,5609,8394,huh_medya_u_t1,no translation yet,0.9298,0.5004,0.4995,0.9981,0.9977
huh_medya_u_t4_8b3acc86_jpg.rf.myWfLfQ1KiBXBDeNIFWM.jpg,5612,8397,huh_medya_u_t4,no translation yet,0.9693,0.5001,0.4997,0.9982,0.9995
huh_oh_t5_9613164d_jpg.rf.HL2DVTlFDaVD0Zh4RC4N.jpg,341,1360,huh_oh_t5,no translation yet,0.7391,0.5002,0.5002,0.9980,0.9990
huh_oo_t4_2f6ffea5_jpg.rf.chOCPFZuyBhqq6M8kzh5.jpg,353,1371,huh_oo_t4,no translation yet,0.6748,0.4999,0.4998,0.9991,0.9990
luh_a_t5_400e4275_jpg.rf.OQkPsgrB5faLMAK6eRes.jpg,119,1144,luh_a_t5,no translation yet,0.9249,0.5001,0.5000,0.9989,1.0000
luh_ah_t3_25213120_jpg.rf.UHRJK6SirdgidSCMII8f.jpg,123,1148,luh_ah_t3,no translation yet,0.9079,0.4996,0.5005,0.9979,0.9990
luh_aw_t3_16e27cff_jpg.rf.L7xpEWPjv5LKDsQaxi73.jpg,150,1172,luh_aw_t3,no translation yet,0.9174,0.5003,0.4998,0.9980,0.9990
luh_aw_t6_89c58d99_jpg.rf.r3GOhEcrDf2V4anmeD8d.jpg,153,1175,luh_aw_t6,no translation yet,0.8320,0.5002,0.4999,0.9980,0.9995
luh_ay_t5_bf086aa0_jpg.rf.GnVTs7rjbgTeym0317lI.jpg,145,1168,luh_ay_t5,no translation yet,0.9142,0.5003,0.5000,0.9982,0.9999
luh_ay_t5_dbbf1e68_jpg.rf.N3USd5lkFpnEBEYZukls.jpg,145,1168,luh_ay_t5,no translation yet,0.9074,0.5002,0.5001,0.9977,0.9998
luh_ee_t1_81615950_jpg.rf.puqEKGRVpHaW0xVoli8t.jpg,128,1152,luh_ee_t1,no translation yet,0.8588,0.5002,0.4996,0.9979,0.9986
luh_ee_t5_d621189b_jpg.rf.xDdpHXLZnwU4Zax1lxuW.jpg,132,1156,luh_ee_t5,no translation yet,0.7244,0.5002,0.4999,0.9990,0.9995
luh_eh_t2_fca4a154_jpg.rf.SKy96FaK0GPurAPHc7Cz.jpg,156,1183,luh_eh_t2,no translation yet,0.5532,0.5022,0.4655,0.4902,0.3642
luh_er_t6_e90bf8da_jpg.rf.Yn8i9G7ptNLAQD82YKWo.jpg,140,1163,luh_er_t6,no translation yet,0.9097,0.4998,0.4999,0.9973,0.9988
luh_medgha_a_t1_d46298df_jpg.rf.FueQhfmlhDVU6frtMau7.jpg,4576,7380,luh_medgha_a_t1,no translation yet,0.7212,0.5002,0.5000,0.9983,0.9999
luh_medgha_a_t4_56108d23_jpg.rf.42K34Li7R0bIWMvlJKYl.jpg,4579,7383,luh_medgha_a_t4,no translation yet,0.5660,0.4999,0.4993,0.9977,0.9969
luh_medgha_ah_t6_4abe71a2_jpg.rf.UsQSJgjy2eu4OBcan31P.jpg,4587,7391,luh_medgha_ah_t6,no translation yet,0.7303,0.4997,0.5001,0.9980,0.9993
luh_medgha_ah_t6_dbd65be9_jpg.rf.XVNzTqetscUx4FPOMGbH.jpg,4587,7391,luh_medgha_ah_t6,no translation yet,0.7592,0.4995,0.4993,0.9975,0.9984
luh_medgha_aw_t4_8cd248e1_jpg.rf.533lRJQXe0ZloTSQOHLN.jpg,4609,7413,luh_medgha_aw_t4,no translation yet,0.9108,0.5002,0.4996,0.9984,0.9991
luh_medgha_ay_t1_a2529139_jpg.rf.1IdhpTYS88VFORbnkcni.jpg,4600,7404,luh_medgha_ay_t1,no translation yet,0.8533,0.5006,0.4997,0.9981,0.9993
luh_medgha_ay_t3_3f1a6e60_jpg.rf.mjbQj9qdnm8DAIu7B5MW.jpg,4602,7406,luh_medgha_ay_t3,no translation yet,0.5406,0.5052,0.6128,0.5284,0.3886
luh_medgha_eh_t3_ba43cd23_jpg.rf.uI7j7DZedjLoiXL7T0W4.jpg,4620,7424,luh_medgha_eh_t3,no translation yet,0.7735,0.5001,0.5004,0.9983,0.9981
luh_medgha_er_t6_d8e2d3bb_jpg.rf.X4gv8hwsMbQTMR1SnFTS.jpg,4599,7403,luh_medgha_er_t6,no translation yet,0.7942,0.5003,0.5000,0.9978,0.9995
luh_medgha_oh_t3_ada70e1d_jpg.rf.FV3b95sjS5GR1C26WScv.jpg,4614,7418,luh_medgha_oh_t3,no translation yet,0.8921,0.4999,0.5001,0.9983,0.9982
luh_medgha_u_t1_b5a803f1_jpg.rf.7rsRP9lY4Q36jN0bA8r3.jpg,4630,7434,luh_medgha_u_t1,no translation yet,0.7171,0.5002,0.4995,0.9978,0.9982
luh_medla_a_t1_a52398d1_jpg.rf.KezIlOdmHcHjDrV6EBVt.jpg,4523,7200,luh_medla_a_t1,no translation yet,0.6702,0.5000,0.4996,0.9980,0.9983
luh_medla_ah_t3_563b6962_jpg.rf.XY2i2ka1BwF5oULUy3mq.jpg,4531,7208,luh_medla_ah_t3,no translation yet,0.8104,0.4996,0.4999,0.9981,0.9996
luh_medla_ah_t6_5f5c04c2_jpg.rf.9ZsuHVIRoYZ1dK00siFN.jpg,4534,7211,luh_medla_ah_t6,no translation yet,0.7326,0.5000,0.4998,0.9981,0.9995
luh_medla_aw_t2_e80d23fb_jpg.rf.C9MQ1fll4Ej6wQY4QaMp.jpg,4554,7231,luh_medla_aw_t2,no translation yet,0.8815,0.4999,0.4999,0.9983,0.9981
luh_medla_aw_t3_5abbcb65_jpg.rf.hmaVPRRF0C2xeoakecfY.jpg,4555,7232,luh_medla_aw_t3,no translation yet,0.8513,0.5003,0.4997,0.9982,0.9989
luh_medla_aw_t5_4f9bd91c_jpg.rf.jy4Het79Klx55gRhuglc.jpg,4557,7234,luh_medla_aw_t5,no translation yet,0.8360,0.5002,0.4998,0.9990,0.9990
luh_medla_aw_t6_dda0cf53_jpg.rf.EMrTitbJ1ORQ9SY8ZgKq.jpg,4558,7235,luh_medla_aw_t6,no translation yet,0.8117,0.5002,0.5004,0.9979,0.9971
luh_medla_ay_t2_95952440_jpg.rf.e6LfURRyRc0WzFvDOUOI.jpg,4548,7225,luh_medla_ay_t2,no translation yet,0.8176,0.5001,0.4999,0.9979,0.9998
luh_medla_ee_t2_c30dbeb9_jpg.rf.EqfBz6nhLhkALocDtPz5.jpg,4536,7213,luh_medla_ee_t2,no translation yet,0.7307,0.5003,0.4997,0.9983,0.9982
luh_medla_ee_t3_a1beb33c_jpg.rf.tpWiXY1x5D2CDQemECvU.jpg,4537,7214,luh_medla_ee_t3,no translation yet,0.7789,0.5001,0.5000,0.9983,0.9989
luh_medla_ee_t5_f3c21fd6_jpg.rf.twf9Yc0b3hjrch4Dhf69.jpg,4539,7216,luh_medla_ee_t5,no translation yet,0.8765,0.5005,0.4997,0.9983,0.9994
luh_medla_eh_t3_1e194108_jpg.rf.AYhe2IwMulk3gRn2QwP1.jpg,4567,7244,luh_medla_eh_t3,no translation yet,0.5189,0.5061,0.5480,0.5932,0.5291
luh_medla_oh_t2_ec9c7273_jpg.rf.Fb3fuVYxFi7s8A9Slp1c.jpg,4560,7237,luh_medla_oh_t2,no translation yet,0.9020,0.4998,0.5002,0.9986,0.9982
luh_medla_oh_t4_4b92dd88_jpg.rf.Iz85eCdRnXqiutYW4Fpy.jpg,4562,7239,luh_medla_oh_t4,no translation yet,0.7961,0.5002,0.4999,0.9982,0.9994
luh_medla_oo_t1_6f0fe17e_jpg.rf.YrSsbjQByWB7uwRXLmnk.jpg,4571,7248,luh_medla_oo_t1,no translation yet,0.8343,0.5004,0.5004,0.9987,0.9986
nuh_medya_er_t5_3035d7df_jpg.rf.nkjeeQihtZBXCsrs7Tj3.jpg,3076,5362,nuh_medya_er_t5,no translation yet,0.7840,0.4998,0.4999,0.9988,0.9994
nuh_medya_u_t2_333acc0c_jpg.rf.JkI7wTn5sJWp4fsWpDEf.jpg,3094,5395,nuh_medya_u_t2,no translation yet,0.4334,0.5002,0.4995,0.9992,0.9987
nuh_medya_u_t4_3aaaa834_jpg.rf.Q7hejv0QteWk327nbZYD.jpg,3039,5097,duh_medya_u_t4,no translation yet,0.7167,0.5003,0.4997,0.9980,0.9995
nuh_medya_u_t4_f9d5a4f5_jpg.rf.GE3mbST8nbpr9L9JCqPl.jpg,3039,5097,duh_medya_u_t4,no translation yet,0.7286,0.5002,0.4998,0.9980,0.9996
nuh_medya_u_t5_296441d9_jpg.rf.kvs0MCOEwAtieKtqEanC.jpg,3097,5398,nuh_medya_u_t5,no translation yet,0.6877,0.5001,0.4999,0.9987,0.9998
nuh_medya_u_t5_296441d9_jpg.rf.kvs0MCOEwAtieKtqEanC.jpg,3040,5098,duh_medya_u_t5,no translation yet,0.4417,0.5005,0.4998,0.9988,0.9991
nuh_oh_t6_aa1301f7_jpg.rf.xqeGXVB5LP00YRlrwVeD.jpg,4751,761,nuh_oh_t6,no translation yet,0.9130,0.4999,0.4995,0.9988,0.9977
nuh_u_t3_e3ea35e2_jpg.rf.wlEyOcokQtVUayIgWpeS.jpg,4910,776,nuh_u_t3,no translation yet,0.4976,0.5002,0.4999,0.9987,0.9998
nyuh_a_t1_415f880e_jpg.rf.d1a7lIQDrm5uTsUw9Zvo.jpg,2714,480,nyuh_a_t1,no translation yet,0.9362,0.5002,0.5000,0.9983,1.0000
nyuh_a_t2_24106e33_jpg.rf.BbnS9wx6kjxWyX1pyhoF.jpg,2720,481,nyuh_a_t2,no translation yet,0.8742,0.5001,0.5002,0.9981,0.9993
nyuh_a_t6_560f6487_jpg.rf.1Lz9oWneDD4EXw3yaeEb.jpg,2764,485,nyuh_a_t6,no translation yet,0.4853,0.4986,0.5316,0.5275,0.5498
nyuh_ah_t5_e6f65887_jpg.rf.O8e9WD5YpHyyOBXvuP7F.jpg,2820,490,nyuh_ah_t5,no translation yet,0.9757,0.5003,0.5000,0.9988,0.9994
nyuh_ay_t2_2c74d359_jpg.rf.5JqDeYS2BfFNEaVhLWen.jpg,2987,505,nyuh_ay_t2,no translation yet,0.9771,0.5002,0.5000,0.9982,1.0000
nyuh_ay_t5_03a6ca6b_jpg.rf.2Arq8EbB2UKuTnQY3NEZ.jpg,3020,508,nyuh_ay_t5,no translation yet,0.9135,0.5002,0.4996,0.9984,0.9990
nyuh_ee_t2_65526c48_jpg.rf.S1C3BjnFP9LQoowCCZlg.jpg,2853,493,nyuh_ee_t2,no translation yet,0.8544,0.5003,0.5000,0.9986,1.0000
nyuh_ee_t3_ec0a3fce_jpg.rf.yi4mmFv8zW26Fdi9HqVW.jpg,2864,494,nyuh_ee_t3,no translation yet,0.9160,0.5001,0.5002,0.9981,0.9993
nyuh_er_t4_75207c85_jpg.rf.VANObNK8Dh25C7e4UaxG.jpg,2943,501,nyuh_er_t4,no translation yet,0.9534,0.4998,0.4997,0.9983,0.9984
nyuh_medgha_a_t1_31874bbf_jpg.rf.vSFB2VBBXaLSB4tb7b0A.jpg,2285,4080,nyuh_medgha_a_t1,no translation yet,0.6721,0.5005,0.5000,0.9984,1.0000
nyuh_medgha_a_t4_d2fb20eb_jpg.rf.c65XJYp2tJDnidKFov23.jpg,2288,4083,nyuh_medgha_a_t4,no translation yet,0.9019,0.5002,0.4993,0.9973,0.9980
nyuh_medgha_eh_t2_010b1387_jpg.rf.xSH7IQMQUEBviYGgC1ni.jpg,2298,4123,nyuh_medgha_eh_t2,no translation yet,0.9653,0.5003,0.4998,0.9982,0.9993
nyuh_medgha_eh_t3_b2248f7f_jpg.rf.1OX5oPnXIR5byiNabNLC.jpg,2299,4124,nyuh_medgha_eh_t3,no translation yet,0.9440,0.5002,0.5001,0.9975,0.9977
nyuh_medra_ee_t1_80c2c984_jpg.rf.NOVjBUDERfpUFLDnk0iI.jpg,5034,7872,thuh_medra_ee_t1,no translation yet,0.6949,0.5031,0.5223,0.4407,0.5716
nyuh_medra_ee_t1_80c2c984_jpg.rf.NOVjBUDERfpUFLDnk0iI.jpg,2842,492,nyuh_ee_t1,no translation yet,0.4889,0.5030,0.5222,0.4402,0.5712
nyuh_medra_er_t5_1f57c67e_jpg.rf.x3wp4lxlW7MmpRc8qnKv.jpg,2954,502,nyuh_er_t5,no translation yet,0.7212,0.5247,0.5224,0.6891,0.5700
nyuh_medwa_a_t5_3989343f_jpg.rf.qZbn4ZbpZ5BklgvX5lLi.jpg,2250,4048,nyuh_medwa_ay_t5,no translation yet,0.8862,0.4999,0.4998,0.9985,0.9994
nyuh_medwa_ee_t4_37a8e497_jpg.rf.gQ5M9I4TEEHguY2FwM4Q.jpg,2236,4035,nyuh_medwa_ee_t4,no translation yet,0.4664,0.4988,0.5315,0.5791,0.5488
nyuh_medwa_ee_t4_536524f1_jpg.rf.Ky7wF8phEcQSFtBYguPR.jpg,2236,4035,nyuh_medwa_ee_t4,no translation yet,0.9135,0.5000,0.4999,0.9980,0.9979
nyuh_medwa_eh_t1_74ec4198_jpg.rf.dayMUxs5t1BeJrax7Ehz.jpg,2266,4062,nyuh_medwa_eh_t1,no translation yet,0.9729,0.5000,0.5000,0.9980,1.0000
nyuh_medwa_eh_t5_4c08d278_jpg.rf.GulPZ0o8CWxNGNTWMar2.jpg,2270,4066,nyuh_medwa_eh_t5,no translation yet,0.9743,0.5001,0.4998,0.9987,0.9994
nyuh_medwa_eh_t5_f439ea8e_jpg.rf.H9hHx0dFZk2es4qGk3T6.jpg,2270,4066,nyuh_medwa_eh_t5,no translation yet,0.9715,0.4998,0.4999,0.9979,0.9998
nyuh_medwa_er_t2_9909ad74_jpg.rf.KoqKeHgWtmzeRHX8i5r5.jpg,2240,4039,nyuh_medwa_er_t2,no translation yet,0.8043,0.5009,0.6128,0.5810,0.3877
nyuh_medwa_oh_t3_48b659d7_jpg.rf.DkBtOe9XxWJzq29JDIzE.jpg,2261,4058,nyuh_medwa_oh_t3,no translation yet,0.6741,0.5052,0.5310,0.5180,0.5505
nyuh_medwa_oh_t3_bb2b388a_jpg.rf.R3B6kb3LsldPxylkKcyK.jpg,2261,4058,nyuh_medwa_oh_t3,no translation yet,0.9333,0.4993,0.4994,0.9971,0.9979
nyuh_medwa_oh_t4_1f23e178_jpg.rf.gu0UmCczFsg70GCANCx2.jpg,2262,4059,nyuh_medwa_oh_t4,no translation yet,0.9665,0.5001,0.4998,0.9981,0.9994
nyuh_medwa_oh_t4_ceae7e0c_jpg.rf.TZcQlbd3ldQptFGn1Enx.jpg,2262,4059,nyuh_medwa_oh_t4,no translation yet,0.7001,0.4989,0.5312,0.5789,0.5498
nyuh_medwa_oo_t3_37a3892b_jpg.rf.0f6w9puWtG3SGFqLy6rd.jpg,2275,4070,nyuh_medwa_oo_t3,no translation yet,0.7547,0.5041,0.6126,0.6488,0.3882
nyuh_medwa_oo_t3_61da52eb_jpg.rf.iB7RmdFOMqjKEaALLbwh.jpg,2275,4070,nyuh_medwa_oo_t3,no translation yet,0.9470,0.5003,0.5001,0.9986,0.9997
nyuh_medwa_oo_t5_3157f7dc_jpg.rf.ohYtCYBQSM3KrlnihXr1.jpg,2277,4072,nyuh_medwa_oo_t5,no translation yet,0.9610,0.5001,0.5002,0.9991,0.9982
nyuh_medwa_u_t1_62f12363_jpg.rf.ukEHyJBzdzpPzhBX4L6O.jpg,2279,4074,nyuh_medwa_u_t1,no translation yet,0.9622,0.5003,0.4999,0.9983,0.9998
nyuh_medwa_u_t2_cf1ad083_jpg.rf.eHfTnirjGNG4UaWeiIDn.jpg,2280,4075,nyuh_medwa_u_t2,no translation yet,0.9270,0.5000,0.4992,0.9981,0.9974
nyuh_medwa_u_t6_980bc194_jpg.rf.VDMoPrKSMzrMZaWo0equ.jpg,2284,4079,nyuh_medwa_u_t6,no translation yet,0.9504,0.5001,0.5000,0.9990,0.9988
nyuh_medya_a_t2_81a35b80_jpg.rf.3a6bfO6EAz1Y8DA6380h.jpg,2303,4141,nyuh_medya_a_t2,no translation yet,0.7913,0.5002,0.4999,0.9977,0.9979
nyuh_medya_a_t3_79bb9682_jpg.rf.o94ydfADGyDvAeBIFt36.jpg,2304,4142,nyuh_medya_a_t3,no translation yet,0.8082,0.4998,0.5000,0.9981,0.9990
nyuh_medya_a_t3_a043cb04_jpg.rf.bicZAzaHAhEC7eSk7ov4.jpg,2304,4142,nyuh_medya_a_t3,no translation yet,0.7603,0.5001,0.4998,0.9978,0.9992
nyuh_medya_ah_t2_2e02187c_jpg.rf.lfejyfSg0LrE3mm9pnfp.jpg,2309,4147,nyuh_medya_ah_t2,no translation yet,0.6991,0.5013,0.5310,0.5556,0.5501
nyuh_medya_ah_t3_bd4cb11a_jpg.rf.JYup8lKHZMkex5h2KTJw.jpg,2310,4148,nyuh_medya_ah_t3,no translation yet,0.9634,0.4999,0.5002,0.9987,0.9988
nyuh_medya_ah_t3_bf1d8feb_jpg.rf.rHPkh0Wr1J0r6SPVQe0k.jpg,2310,4148,nyuh_medya_ah_t3,no translation yet,0.6713,0.5048,0.5309,0.5941,0.5509
nyuh_medya_ah_t5_9e69d829_jpg.rf.8DyD42Mw3Hfe2oul5Xeu.jpg,2312,4150,nyuh_medya_ah_t5,no translation yet,0.9727,0.5000,0.4999,0.9987,0.9997
nyuh_medya_ah_t5_f4737058_jpg.rf.CI9XHM9RRkUVicfcoryg.jpg,2312,4150,nyuh_medya_ah_t5,no translation yet,0.9679,0.5001,0.4996,0.9986,0.9992
nyuh_medya_aw_t1_3766eb7d_jpg.rf.X26oK0MbM6SLyazd2VWO.jpg,2332,4170,nyuh_medya_aw_t1,no translation yet,0.9438,0.5003,0.4994,0.9983,0.9986
nyuh_medya_aw_t2_0bb76526_jpg.rf.woWc2YnmflTFFzug7KAJ.jpg,2333,4171,nyuh_medya_aw_t2,no translation yet,0.8512,0.5012,0.5312,0.4798,0.5490
nyuh_medya_aw_t3_07aaf4c6_jpg.rf.Yg8f1ddPbaZZ2FRtktly.jpg,2334,4172,nyuh_medya_aw_t3,no translation yet,0.5482,0.5052,0.5312,0.5174,0.5499
nyuh_medya_ay_t1_0d4ca3e7_jpg.rf.yGMRdN2dOIrXodzMVlub.jpg,2326,4164,nyuh_medya_ay_t1,no translation yet,0.8369,0.5482,0.6123,0.4729,0.3880
nyuh_medya_ay_t5_cc5245ac_jpg.rf.v1gaw1uBYczzvMocYQxG.jpg,2330,4168,nyuh_medya_ay_t5,no translation yet,0.9139,0.5000,0.5004,0.9979,0.9985
nyuh_medya_ee_t1_3cc68ea6_jpg.rf.q8Ni9tGXFXXO15VYdxpf.jpg,2314,4152,nyuh_medya_ee_t1,no translation yet,0.7464,0.4992,0.5599,0.3733,0.4941
nyuh_medya_ee_t3_c3d984a1_jpg.rf.eZv0JA6xQ8QkZyXbXpnJ.jpg,2316,4154,nyuh_medya_ee_t3,no translation yet,0.8279,0.5052,0.5596,0.5176,0.4926
nyuh_medya_eh_t1_b5ac8cbd_jpg.rf.anzTs8gRZVJzxkI1xJlr.jpg,2344,4182,nyuh_medya_eh_t1,no translation yet,0.9467,0.5002,0.5000,0.9988,1.0000
nyuh_medya_eh_t3_f041fda6_jpg.rf.TYab01iUwikjwlpjmWsc.jpg,2346,4184,nyuh_medya_eh_t3,no translation yet,0.8922,0.5004,0.5002,0.9982,0.9974
nyuh_medya_eh_t5_ee7e6738_jpg.rf.alzyvTwhIwDFDkajCnq0.jpg,2348,4186,nyuh_medya_eh_t5,no translation yet,0.9602,0.4998,0.4993,0.9974,0.9976
nyuh_medya_eh_t6_4cda5241_jpg.rf.LWmQLytp3OqusSlWpxmw.jpg,2349,4187,nyuh_medya_eh_t6,no translation yet,0.9767,0.5002,0.4998,0.9981,0.9996
nyuh_medya_er_t1_b6beb22f_jpg.rf.h1g4VA2LJiMVBBAAFKac.jpg,2320,4158,nyuh_medya_er_t1,no translation yet,0.9352,0.4999,0.4996,0.9984,0.9991
nyuh_medya_er_t2_8e6b5d77_jpg.rf.uu6cPR8oviFgrDCXJArD.jpg,2321,4159,nyuh_medya_er_t2,no translation yet,0.9761,0.5004,0.4997,0.9981,0.9988
nyuh_medya_er_t4_23b2a491_jpg.rf.hobZOJmG5Bu6F9nMF4K1.jpg,2323,4161,nyuh_medya_er_t4,no translation yet,0.7243,0.4990,0.5314,0.6828,0.5479
nyuh_medya_er_t5_74e82e7a_jpg.rf.9H3F8GUzPumQSKhYbKqQ.jpg,2324,4162,nyuh_medya_er_t5,no translation yet,0.9631,0.5003,0.5002,0.9980,0.9986
nyuh_medya_oh_t1_73feeb88_jpg.rf.FQry7df0L7C88SlYgxmK.jpg,2338,4176,nyuh_medya_oh_t1,no translation yet,0.9220,0.4999,0.4999,0.9996,0.9998
nyuh_medya_oh_t3_bf8d684d_jpg.rf.C67GEZl0PN9zTLBAbbxS.jpg,2340,4178,nyuh_medya_oh_t3,no translation yet,0.8354,0.5001,0.4997,0.9983,0.9972
nyuh_medya_oh_t5_3e45904b_jpg.rf.SLP6Bp3x2xvaJe23uu80.jpg,2342,4180,nyuh_medya_oh_t5,no translation yet,0.9580,0.5001,0.4996,0.9984,0.9991
nyuh_medya_oo_t2_36cb0d3b_jpg.rf.BVNSKwJvJBdAaYWzlYIB.jpg,2351,4189,nyuh_medya_oo_t2,no translation yet,0.9354,0.4996,0.4996,0.9976,0.9981
nyuh_medya_oo_t2_60b865bc_jpg.rf.cvvF3mUrVIY91VOgCBYY.jpg,2351,4189,nyuh_medya_oo_t2,no translation yet,0.5883,0.5020,0.6124,0.6083,0.3873
nyuh_medya_oo_t4_54dcd3c0_jpg.rf.5ZsQR7wgEYlODSTzhIyp.jpg,2353,4191,nyuh_medya_oo_t4,no translation yet,0.7207,0.4997,0.5314,0.7078,0.5492
nyuh_medya_u_t4_aa308d29_jpg.rf.igUUrkanqZEIp0uOHx5p.jpg,2359,4197,nyuh_medya_u_t4,no translation yet,0.9777,0.5002,0.4991,0.9982,0.9979
nyuh_medya_u_t6_4b6ef7b4_jpg.rf.pMNfvigi7b5kokrulH0T.jpg,2361,4199,nyuh_medya_u_t6,no translation yet,0.9436,0.5000,0.4995,0.9982,0.9985
nyuh_oh_t1_57e7eeae_jpg.rf.XzQQIrQ9IjZbSnOpY1Gc.jpg,3049,516,nyuh_oh_t1,no translation yet,0.7028,0.4993,0.5316,0.3738,0.5515
nyuh_oh_t5_41e27bbf_jpg.rf.fubCCE2qmUDgXEg1G2c4.jpg,3054,520,nyuh_oh_t5,no translation yet,0.7672,0.5220,0.5314,0.5227,0.5513
nyuh_oo_t1_88e9df62_jpg.rf.fLCREoblROzbvaYKrcgD.jpg,3062,528,nyuh_oo_t1,no translation yet,0.9859,0.5005,0.4999,0.9991,0.9998
nyuh_oo_t2_00664032_jpg.rf.82y20BKxaszEGlyvZgSb.jpg,3063,529,nyuh_oo_t2,no translation yet,0.9802,0.5001,0.4997,0.9984,0.9995
nyuh_oo_t6_7aafc3df_jpg.rf.TcCRGqV1coqlU2FFG56a.jpg,3068,533,nyuh_oo_t6,no translation yet,0.9135,0.5000,0.4997,0.9976,0.9988
nyuh_oo_t6_a5a9b96f_jpg.rf.aiaWZ9JHUad1SfUwq5hs.jpg,3068,533,nyuh_oo_t6,no translation yet,0.9404,0.5001,0.4993,0.9983,0.9981
nyuh_u_t2_259f098a_jpg.rf.QvL3JqBP2S5UjzRTT2vV.jpg,3070,535,nyuh_u_t2,no translation yet,0.9566,0.4997,0.4999,0.9983,0.9998
nyuh_u_t3_09ec2fec_jpg.rf.EwO3HRzvqeQG1EVSXr7i.jpg,3073,536,nyuh_u_t3,no translation yet,0.9712,0.5000,0.4999,0.9979,0.9995
nyuh_u_t3_817a422e_jpg.rf.glr2GNbzCaeMJOlg9GFC.jpg,3073,536,nyuh_u_t3,no translation yet,0.9745,0.5001,0.5002,0.9986,0.9993
nyuh_u_t4_d5e58c53_jpg.rf.ulp5tKfCpGBVN1uh5FhV.jpg,3078,537,nyuh_u_t4,no translation yet,0.9741,0.5001,0.5001,0.9985,0.9988
pbuh_a_t5_7c8220b3_jpg.rf.v7nsPkSBS2gYZBlfn1H9.jpg,4998,784,pbuh_a_t5,no translation yet,0.9267,0.5236,0.4521,0.3812,0.3918
pbuh_aw_t6_a90fd568_jpg.rf.a19CpkGfa9KwK2XEkk3Z.jpg,5340,815,pbuh_aw_t6,no translation yet,0.9714,0.4996,0.5001,0.9992,0.9983
pbuh_ay_t3_1fac05ef_jpg.rf.lD82J2g4MfM7C2a2s1v6.jpg,5241,806,pbuh_ay_t3,no translation yet,0.9302,0.5001,0.4996,0.9989,0.9986
pbuh_ay_t3_423d7180_jpg.rf.kWfdTYpLfdl0xwtJJqFk.jpg,5241,806,pbuh_ay_t3,no translation yet,0.9325,0.5002,0.4997,0.9986,0.9985
pbuh_ay_t4_7499e59c_jpg.rf.kiq92XTHL5oAO05Op4tU.jpg,5252,807,pbuh_ay_t4,no translation yet,0.9757,0.5002,0.4997,0.9988,0.9982
pbuh_ay_t4_f23f4593_jpg.rf.VyeiEwYtws0i1j9xc6WQ.jpg,5252,807,pbuh_ay_t4,no translation yet,0.9751,0.5001,0.4994,0.9993,0.9984
pbuh_ay_t6_47bf93ab_jpg.rf.r2UzHZ5buLBC81j7ztM0.jpg,5274,809,pbuh_ay_t6,no translation yet,0.9128,0.5002,0.4994,0.9988,0.9979
pbuh_ay_t6_ab369e86_jpg.rf.cVVWUV0iTJUMu5gbYzVW.jpg,5274,809,pbuh_ay_t6,no translation yet,0.4526,0.4996,0.5152,0.3849,0.5191
pbuh_ee_t2_f6359a4a_jpg.rf.zS9brpAi7EpeIQnqiWSM.jpg,5097,793,pbuh_ee_t2,no translation yet,0.9394,0.5002,0.5000,0.9981,1.0000
pbuh_ee_t4_f7b7fa07_jpg.rf.eKuB9e1aRfdE2nm64ugE.jpg,5119,795,pbuh_ee_t4,no translation yet,0.9746,0.5003,0.4999,0.9981,0.9995
pbuh_ee_t5_b3701b9d_jpg.rf.8ZzDe3kdTf39invzKuqe.jpg,5130,796,pbuh_ee_t5,no translation yet,0.9086,0.5239,0.4519,0.3802,0.3918
pbuh_ee_t6_a1ae5d98_jpg.rf.XlJXixFitJYmsDmucwZ2.jpg,5141,797,pbuh_ee_t6,no translation yet,0.9647,0.5002,0.5003,0.9982,0.9993
pbuh_eh_t1_adce7583_jpg.rf.7LzlBesMVTOQdxzOeDNm.jpg,5417,822,pbuh_eh_t1,no translation yet,0.9724,0.4998,0.4991,0.9982,0.9978
pbuh_eh_t5_564ace85_jpg.rf.0TIzSjREi7rRLOhl54EP.jpg,5461,826,pbuh_eh_t5,no translation yet,0.9814,0.5004,0.4999,0.9985,0.9998
pbuh_er_t3_7ad8b29b_jpg.rf.ML04ncGS4dr1NRw7NRNq.jpg,5175,800,pbuh_er_t3,no translation yet,0.8869,0.5053,0.5329,0.4797,0.2311
pbuh_er_t4_33bce0bb_jpg.rf.G7mXMv4haXoAkDOrZaK8.jpg,5186,801,pbuh_er_t4,no translation yet,0.9820,0.4998,0.4998,0.9982,0.9989
pbuh_er_t6_0d98f77a_jpg.rf.m3yODDGEhAS6W8oL1zwv.jpg,5208,803,pbuh_er_t6,no translation yet,0.9683,0.4998,0.4999,0.9975,0.9981
pbuh_medgha_a_t1_a6836391_jpg.rf.thOt6TMjkg1uYDimCQlM.jpg,3300,5580,pbuh_medgha_a_t1,no translation yet,0.7493,0.5003,0.4993,0.9976,0.9985
pbuh_medgha_ah_t4_de78620e_jpg.rf.yFKTLQiVEcC1f3ovuXed.jpg,3309,5589,pbuh_medgha_ah_t4,no translation yet,0.4229,0.4998,0.5310,0.5130,0.5498
pbuh_medgha_aw_t2_21029529_jpg.rf.hJB0egUohdPGloNnepCz.jpg,3335,5611,pbuh_medgha_aw_t2,no translation yet,0.9664,0.5001,0.4999,0.9979,0.9992
pbuh_medgha_aw_t3_0e13ae0f_jpg.rf.TYqGtRpf4sa4VaMa08ZX.jpg,3336,5612,pbuh_medgha_aw_t3,no translation yet,0.9550,0.5004,0.4999,0.9985,0.9990
pbuh_medgha_aw_t4_06709f16_jpg.rf.5CCNot2UCtZyHPvyOIhV.jpg,3337,5613,pbuh_medgha_aw_t4,no translation yet,0.9777,0.5002,0.4993,0.9980,0.9981
pbuh_medgha_ay_t2_856fa424_jpg.rf.rHXRQsEDSHUCUtHXWXo8.jpg,3328,5605,pbuh_medgha_ay_t2,no translation yet,0.9596,0.5001,0.5002,0.9981,0.9996
pbuh_medgha_ay_t4_a8f1c5c5_jpg.rf.Cnaxt2iaWMvMjvOYBrM5.jpg,3330,5607,pbuh_medgha_ay_t4,no translation yet,0.9551,0.5003,0.4992,0.9987,0.9979
pbuh_medgha_ay_t6_f3c516d3_jpg.rf.2pz5mMnadjf1NjyuqJYF.jpg,3332,5609,pbuh_medgha_ay_t6,no translation yet,0.9531,0.4999,0.5002,0.9982,0.9996
pbuh_medgha_ee_t4_5481afd1_jpg.rf.hVKprOG3VWWVi6yx7Jr3.jpg,3316,5595,pbuh_medgha_ee_t4,no translation yet,0.9479,0.5003,0.4992,0.9983,0.9982
pbuh_medgha_ee_t5_d6700fd6_jpg.rf.3dRffE8LdjagXsaNoar7.jpg,3317,5596,pbuh_medgha_ee_t5,no translation yet,0.6277,0.5239,0.5313,0.3802,0.5507
pbuh_medgha_ee_t6_d293ede6_jpg.rf.arbAMNBK3DVnDIUIGmc0.jpg,3318,5597,pbuh_medgha_ee_t6,no translation yet,0.9883,0.4999,0.5002,0.9985,0.9996
pbuh_medgha_eh_t6_2b6397b4_jpg.rf.WrexnMkd48nkmj0mKquQ.jpg,3352,5627,pbuh_medgha_eh_t6,no translation yet,0.9211,0.4997,0.5000,0.9984,0.9985
pbuh_medgha_eh_t6_eebce211_jpg.rf.3bGfhsbqfCL5JmwLTxgA.jpg,3352,5627,pbuh_medgha_eh_t6,no translation yet,0.9170,0.4998,0.5003,0.9988,0.9974
pbuh_medgha_er_t3_d3b05967_jpg.rf.4ZMkMFubqK3J2G62uAwO.jpg,3323,5600,pbuh_medgha_er_t3,no translation yet,0.9424,0.5003,0.5002,0.9985,0.9995
pbuh_medgha_er_t4_e8b21eda_jpg.rf.pvpCVPsowQ5baZUjymqq.jpg,3324,5601,pbuh_medgha_er_t4,no translation yet,0.9603,0.4997,0.4997,0.9985,0.9985
pbuh_medgha_er_t6_f236d709_jpg.rf.qfroraKXBy4nN6JFxxzU.jpg,3326,5603,pbuh_medgha_er_t6,no translation yet,0.8897,0.5002,0.4996,0.9983,0.9983
pbuh_medgha_oo_t3_8646ae94_jpg.rf.1kcLB0uGqEJ9fRqxymwV.jpg,3356,5630,pbuh_medgha_oo_t3,no translation yet,0.8895,0.5003,0.4999,0.9985,0.9990
pbuh_medgha_oo_t3_f140f330_jpg.rf.c2ySmKNOMDGfdGO9XFyy.jpg,3356,5630,pbuh_medgha_oo_t3,no translation yet,0.6139,0.5011,0.6117,0.3860,0.3891
pbuh_medgha_oo_t6_4dc1af75_jpg.rf.kgP93JfFCTYoYTt6dck1.jpg,3359,5633,pbuh_medgha_oo_t6,no translation yet,0.5167,0.4957,0.5315,0.3924,0.5514
pbuh_medgha_u_t1_098aa0b6_jpg.rf.dZYSIIhTIaCKIOyChXuT.jpg,3360,5634,pbuh_medgha_u_t1,no translation yet,0.8795,0.5000,0.5001,0.9979,0.9998
pbuh_medgha_u_t5_2132594b_jpg.rf.wkA8pOXsddqfJ9C6w6eF.jpg,3364,5638,pbuh_medgha_u_t5,no translation yet,0.8008,0.4998,0.5001,0.9976,0.9992
pbuh_medla_a_t4_79eeb490_jpg.rf.FAWrJgb2IFD3FSOrXybu.jpg,3104,5403,pbuh_medla_a_t4,no translation yet,0.8706,0.5002,0.5000,0.9985,0.9997
pbuh_medla_ah_t2_fbe1ac72_jpg.rf.aN4KrwvpUXqp2VRnWYkC.jpg,3108,5407,pbuh_medla_ah_t2,no translation yet,0.8851,0.5030,0.5348,0.4770,0.5581
pbuh_medla_ah_t3_f8ac5244_jpg.rf.SjSLNViOU023dnGhOdFi.jpg,3109,5408,pbuh_medla_ah_t3,no translation yet,0.9099,0.5000,0.5003,0.9984,0.9992
pbuh_medla_aw_t1_24af7630_jpg.rf.0O8WRtKDDv0vRZRzF8Et.jpg,3134,5430,pbuh_medla_aw_t1,no translation yet,0.9742,0.5003,0.5000,0.9981,0.9999
pbuh_medla_aw_t1_cfcbb106_jpg.rf.Tcug4gsaiaooUbHJ6b3L.jpg,3134,5430,pbuh_medla_aw_t1,no translation yet,0.8807,0.4984,0.5348,0.2917,0.5583
pbuh_medla_aw_t3_d7cade64_jpg.rf.7zKZVjbcG5BG58Ny77St.jpg,3136,5432,pbuh_medla_aw_t3,no translation yet,0.9729,0.5001,0.5000,0.9978,0.9997
pbuh_medla_ay_t3_2734c4b0_jpg.rf.Bl5sT3JWRTNaKb839TOS.jpg,3129,5426,pbuh_medla_ay_t3,no translation yet,0.9534,0.5001,0.4999,0.9984,0.9988
pbuh_medla_eh_t3_54032651_jpg.rf.e44LDfu3EEdKwBc5hFjA.jpg,3149,5444,pbuh_medla_eh_t3,no translation yet,0.9891,0.5002,0.5000,0.9985,0.9993
pbuh_medla_eh_t4_de2e0d86_jpg.rf.u2yr6AcoXcVWaJM0hkKr.jpg,3150,5445,pbuh_medla_eh_t4,no translation yet,0.9237,0.5002,0.4996,0.9982,0.9983
pbuh_medla_eh_t5_aa90d304_jpg.rf.HVZAITOEFzby0CWyLiDt.jpg,3151,5446,pbuh_medla_eh_t5,no translation yet,0.7380,0.5233,0.5344,0.4435,0.5581
pbuh_medla_er_t5_70197312_jpg.rf.MfbA0RgXAFZdtdA5KD7y.jpg,3125,5422,pbuh_medla_er_t5,no translation yet,0.8909,0.5001,0.5002,0.9984,0.9984
pbuh_medla_er_t6_bc878f5b_jpg.rf.Ajsg0O5TZXUzegwgKc0f.jpg,3126,5423,pbuh_medla_er_t6,no translation yet,0.9865,0.4997,0.5002,0.9982,0.9997
pbuh_medla_oo_t1_d3a144b1_jpg.rf.AaGwrGEmBNcLwe6NBZ14.jpg,3153,5448,pbuh_medla_oo_t1,no translation yet,0.9803,0.5006,0.4999,0.9986,0.9995
pbuh_medla_oo_t3_a8be6b90_jpg.rf.OVHT2iGrgqfrBlI9qtVY.jpg,3156,5450,pbuh_medla_oo_t3,no translation yet,0.9858,0.5001,0.5002,0.9989,0.9991
pbuh_medla_oo_t6_92a3583f_jpg.rf.qQEsR8XefZxnQiCqaccr.jpg,3159,5453,pbuh_medla_oo_t6,no translation yet,0.8561,0.4997,0.4998,0.9979,0.9995
pbuh_medla_u_t2_f6c7bc12_jpg.rf.G2Z7s7nX5PYe7Po4670M.jpg,3161,5455,pbuh_medla_u_t2,no translation yet,0.9868,0.5000,0.5001,0.9982,0.9992
pbuh_medla_u_t5_0f721a9d_jpg.rf.74qxyEXxfygZj8WL1HnF.jpg,3164,5458,pbuh_medla_u_t5,no translation yet,0.9758,0.5001,0.4998,0.9985,0.9990
pbuh_medra_a_t1_7bcfed1c_jpg.rf.DbZRPHic2x1EkkpBifqz.jpg,3167,5460,pbuh_medra_a_t1,no translation yet,0.8703,0.5021,0.5219,0.3016,0.5716
pbuh_medra_a_t2_97a6ef2e_jpg.rf.kCqfizu5XxLCFDNscPmq.jpg,3168,5461,pbuh_medra_a_t2,no translation yet,0.9733,0.5003,0.5001,0.9982,0.9998
pbuh_medra_a_t4_0f8f0533_jpg.rf.qsQfMAKAy4Is2f9StvXJ.jpg,3170,5463,pbuh_medra_a_t4,no translation yet,0.7342,0.5000,0.4996,0.9985,0.9971
pbuh_medra_ah_t1_589e2d91_jpg.rf.r1wWYrbxKJrXLc4U3i2E.jpg,3173,5466,pbuh_medra_ah_t1,no translation yet,0.9870,0.5005,0.4995,0.9989,0.9990
pbuh_medra_ah_t6_ca875c2f_jpg.rf.veGSL5ZBgMwY4jj5xOv1.jpg,3179,5471,pbuh_medra_ah_t6,no translation yet,0.9421,0.5003,0.4999,0.9983,0.9992
pbuh_medra_aw_t2_26094cfb_jpg.rf.a8Ja4w8o9ZVzUDpe3zLl.jpg,3201,5491,pbuh_medra_aw_t2,no translation yet,0.9446,0.5002,0.4998,0.9988,0.9975
pbuh_medra_aw_t4_be616172_jpg.rf.Rr31SfwjDdFadsBLWc30.jpg,3203,5493,pbuh_medra_aw_t4,no translation yet,0.4037,0.5027,0.5214,0.5080,0.5693
pbuh_medra_aw_t5_aada59bc_jpg.rf.S1Ux0WxPt11mdYuHdDmH.jpg,3204,5494,pbuh_medra_aw_t5,no translation yet,0.9473,0.5004,0.5001,0.9989,0.9986
pbuh_medra_aw_t6_d07f62e6_jpg.rf.ZsHKaht2JT3xeIaXHvSz.jpg,3205,5495,pbuh_medra_aw_t6,no translation yet,0.9006,0.4999,0.4998,0.9992,0.9974
pbuh_medra_ay_t1_58edffd5_jpg.rf.9kWOT1gmjWv8KBoYd5Yc.jpg,3193,5484,pbuh_medra_ay_t1,no translation yet,0.9760,0.5002,0.4995,0.9983,0.9976
pbuh_medra_ay_t1_93cc4ddc_jpg.rf.0W1M4dPfolr7iLxS5San.jpg,3193,5484,pbuh_medra_ay_t1,no translation yet,0.9711,0.5004,0.4994,0.9985,0.9978
pbuh_medra_ee_t3_8e64d8c4_jpg.rf.4PfOLwUca0Gs7IVZB0Dm.jpg,3182,5474,pbuh_medra_ee_t3,no translation yet,0.9685,0.5005,0.5000,0.9989,0.9999
pbuh_medra_ee_t4_1d105f31_jpg.rf.GbQc9JYrAIFoBMzg6vrX.jpg,3183,5475,pbuh_medra_ee_t4,no translation yet,0.9367,0.5003,0.4997,0.9983,0.9988
pbuh_medra_ee_t6_f2c9ff94_jpg.rf.G0Tn20IFjyHvIRdEI6S8.jpg,3185,5477,pbuh_medra_ee_t6,no translation yet,0.9505,0.5001,0.4999,0.9994,0.9983
pbuh_medra_eh_t1_5574304b_jpg.rf.q6gnUk4CawJb7p4XSoLU.jpg,3214,5502,pbuh_medra_eh_t1,no translation yet,0.9898,0.5002,0.4994,0.9988,0.9979
pbuh_medra_eh_t5_85858a5c_jpg.rf.beCLzWvvl8dzWBJSZ8SG.jpg,3218,5506,pbuh_medra_eh_t5,no translation yet,0.5231,0.5251,0.5223,0.4500,0.5692
pbuh_medra_er_t5_9968c4a6_jpg.rf.tkL5cpSb1QtUizt4NYA1.jpg,3191,5482,pbuh_medra_er_t5,no translation yet,0.7303,0.5255,0.5214,0.5508,0.5707
pbuh_medra_oh_t1_0598fb05_jpg.rf.lqNoqOuH62vexIFTOkgv.jpg,3206,5496,pbuh_medra_oh_t1,no translation yet,0.8959,0.5005,0.4991,0.9982,0.9982
pbuh_medra_oh_t1_f60ee604_jpg.rf.Xix9DdBaZ8bXZtJdhPIp.jpg,3206,5496,pbuh_medra_oh_t1,no translation yet,0.5330,0.5020,0.5219,0.3020,0.5708
pbuh_medra_oh_t3_c72bfa8d_jpg.rf.uNznZVkJ8Te3MgoE1V6A.jpg,3208,5498,pbuh_medra_oh_t3,no translation yet,0.9712,0.5004,0.4995,0.9986,0.9983
pbuh_medra_oo_t1_6ee55be8_jpg.rf.a5lfFr6qMz6Z7rDKpfmf.jpg,3220,5508,pbuh_medra_oo_t1,no translation yet,0.9762,0.5005,0.4994,0.9989,0.9987
pbuh_medra_oo_t3_a40acf1c_jpg.rf.OrNL9Y4d4SiJVZ79nF12.jpg,3223,5510,pbuh_medra_oo_t3,no translation yet,0.9587,0.5000,0.5005,0.9988,0.9989
pbuh_medra_oo_t4_3bb38ee6_jpg.rf.pWY6JgQkvwR80dZtp4qU.jpg,3224,5511,pbuh_medra_oo_t4,no translation yet,0.8958,0.4996,0.5001,0.9985,0.9990
pbuh_medra_oo_t4_af192120_jpg.rf.fKoz9DdwGQUpkVXFabtt.jpg,3224,5511,pbuh_medra_oo_t4,no translation yet,0.5701,0.5030,0.5217,0.6370,0.5704
pbuh_medra_u_t1_3468eee1_jpg.rf.uFjMIOxgUbCgOaH0gBRl.jpg,3227,5514,pbuh_medra_u_t1,no translation yet,0.9912,0.5007,0.5000,0.9981,0.9985
pbuh_medra_u_t3_e737555d_jpg.rf.32z5S1EkAk6PUmpF6NdL.jpg,3229,5516,pbuh_medra_u_t3,no translation yet,0.9646,0.5003,0.5002,0.9992,0.9991
pbuh_medra_u_t4_61828442_jpg.rf.vh68tHiD378jdLoiTIoh.jpg,3230,5517,pbuh_medra_u_t4,no translation yet,0.9737,0.4998,0.5000,0.9988,0.9980
pbuh_medra_u_t5_3d0001e7_jpg.rf.ysQJMQqWkuMSUnMvWaP5.jpg,3231,5518,pbuh_medra_u_t5,no translation yet,0.9114,0.5255,0.5211,0.5218,0.5706
pbuh_medra_u_t5_d53122ee_jpg.rf.jBRPR2IKGprSfrExaOvo.jpg,3231,5518,pbuh_medra_u_t5,no translation yet,0.9818,0.5001,0.4998,0.9984,0.9991
pbuh_medwa_a_t2_e2989e7b_jpg.rf.S11cMujH7hoISqtTTb7K.jpg,3235,5521,pbuh_medwa_a_t2,no translation yet,0.9158,0.5000,0.5000,0.9991,1.0000
pbuh_medwa_er_t6_e9af6c9c_jpg.rf.0qtJDzGufOnqX1B8Udyt.jpg,4785,7643,wuh_medwa_er_t6,no translation yet,0.4496,0.5007,0.5325,0.4865,0.5549
pbuh_u_t2_c0e9f64b_jpg.rf.okARQEr5eURbhaSlMBut.jpg,3301,5581,pbuh_medgha_a_t2,no translation yet,0.9031,0.4998,0.5001,0.9983,0.9999
pbuh_u_t3_ee0ec53d_jpg.rf.ET18wIerwvc2SIEBlSVH.jpg,3302,5582,pbuh_medgha_a_t3,no translation yet,0.9074,0.5002,0.4998,0.9982,0.9988
ruh_eh_t3_b4d3df5d_jpg.rf.8Fb4xBtB7xNCpC1kH0bZ.jpg,4500,7124,ruh_medgha_eh_t3,no translation yet,0.5448,0.5002,0.4998,0.9978,0.9984
ruh_medgha_er_t5_6bea4ff5_jpg.rf.wFdwF6UpagqAz2eWiRlX.jpg,91,1102,ruh_er_t5,no translation yet,0.4602,0.5002,0.5001,0.9978,0.9998
suhchuh_medla_u_t5_3d3fea65_jpg.rf.a0jEnMKiXvLuklu7h1sh.jpg,1611,3058,suhchuh_medla_u_t5,no translation yet,0.9348,0.5002,0.4998,0.9991,0.9995
suhchuh_medla_u_t6_793e69f1_jpg.rf.Hs9C2qRB6ILcYfjjEKXx.jpg,1612,3059,suhchuh_medla_u_t6,no translation yet,0.7232,0.5000,0.4998,0.9985,0.9981
suhchuh_medra_a_t4_5bf5b9d6_jpg.rf.iG3vRxdFvIEAqYEtsViF.jpg,1616,3063,suhchuh_medra_a_t4,no translation yet,0.7979,0.5001,0.4999,0.9993,0.9996
suhchuh_medra_a_t6_24cdddf3_jpg.rf.8ZdpQecMrTiVBNO1AsVA.jpg,1618,3065,suhchuh_medra_a_t6,no translation yet,0.8544,0.4998,0.4998,0.9985,0.9989
suhchuh_medra_ah_t3_54015124_jpg.rf.4qHjbJrIyOh6x7pmko5G.jpg,1621,3068,suhchuh_medra_ah_t3,no translation yet,0.7476,0.5079,0.5217,0.5219,0.5691
suhchuh_medra_aw_t5_9e83628f_jpg.rf.xB2RKjfb3j0AAp67UYuP.jpg,1647,3094,suhchuh_medra_aw_t5,no translation yet,0.9361,0.5001,0.5000,0.9986,0.9999
suhchuh_medra_ay_t1_1fb08d8c_jpg.rf.kMrS3JgGyqzRXLqux40j.jpg,1637,3084,suhchuh_medra_ay_t1,no translation yet,0.9212,0.4999,0.4995,0.9979,0.9981
suhchuh_medra_ee_t1_d13c8cbe_jpg.rf.6RwyWLDTCOztuZhB1QVq.jpg,1625,3072,suhchuh_medra_ee_t1,no translation yet,0.4657,0.5020,0.5215,0.3016,0.5701
suhchuh_medra_ee_t2_75636595_jpg.rf.rFNS2J4kdRIfXaYE3svO.jpg,1626,3073,suhchuh_medra_ee_t2,no translation yet,0.5415,0.5051,0.5215,0.4074,0.5711
suhchuh_medra_ee_t3_3f985d76_jpg.rf.rOrnCBcQD3GbQ3HQvHz6.jpg,1627,3074,suhchuh_medra_ee_t3,no translation yet,0.9345,0.5002,0.5002,0.9991,0.9997
suhchuh_medra_eh_t3_92ee4b54_jpg.rf.VXK9iV8gQ4lJXh9Cg33i.jpg,1658,3104,suhchuh_medra_eh_t3,no translation yet,0.9584,0.5000,0.4995,0.9988,0.9986
suhchuh_medra_eh_t4_31200673_jpg.rf.UNL9GEzguZfbeGf5PYjj.jpg,1659,3105,suhchuh_medra_eh_t4,no translation yet,0.7937,0.4998,0.4999,0.9985,0.9990
suhchuh_medra_er_t1_de6fb8dd_jpg.rf.SST3DfsZ8mqsWXrdGkBk.jpg,1631,3078,suhchuh_medra_er_t1,no translation yet,0.9693,0.5001,0.4997,0.9985,0.9984
suhchuh_medra_er_t5_9c964a6b_jpg.rf.jqhYWxhlTc1FDrzyHBMY.jpg,1635,3082,suhchuh_medra_er_t5,no translation yet,0.7041,0.5254,0.5211,0.5509,0.5712
suhchuh_medra_oh_t1_14adc2d3_jpg.rf.uB5zJ0p6bDJUZBC0hQhD.jpg,1649,3096,suhchuh_medra_oh_t1,no translation yet,0.4249,0.5018,0.5222,0.3018,0.5690
suhchuh_medra_oh_t1_4cfd5c2b_jpg.rf.5IcV5v1TKJ1khLNxvfzJ.jpg,1649,3096,suhchuh_medra_oh_t1,no translation yet,0.8485,0.4999,0.4996,0.9984,0.9985
suhchuh_medra_oo_t3_1f36023a_jpg.rf.zJ0yeHe9sNIxg7V0AV48.jpg,1664,3110,suhchuh_medra_oo_t3,no translation yet,0.9779,0.5001,0.5000,0.9985,0.9995
suhchuh_medra_u_t1_c34eab76_jpg.rf.9LMsK1SdHg52dqU0p19w.jpg,1668,3114,suhchuh_medra_u_t1,no translation yet,0.9160,0.4996,0.5000,0.9977,1.0000
suhchuh_medra_u_t4_1d2c20a9_jpg.rf.PjIzKrw8c0OhUrUjqBqq.jpg,1671,3117,suhchuh_medra_u_t4,no translation yet,0.8876,0.5000,0.5000,0.9987,0.9987
suhchuh_medwa_a_t2_dfccd3fc_jpg.rf.cBlti4dN2TH4rSzIL4zY.jpg,1675,3121,suhchuh_medwa_a_t2,no translation yet,0.8338,0.5002,0.4997,0.9988,0.9993
suhchuh_medwa_a_t3_c89bd552_jpg.rf.tXvgMZnMMIWRyrHOenuv.jpg,1676,3122,suhchuh_medwa_a_t3,no translation yet,0.8605,0.5000,0.5000,0.9978,0.9995
suhchuh_medwa_a_t4_8b881153_jpg.rf.yAcBQGa52rZoEAffWVl2.jpg,1677,3123,suhchuh_medwa_a_t4,no translation yet,0.8500,0.4998,0.4996,0.9979,0.9979
suhchuh_medwa_a_t4_b47cd919_jpg.rf.n9LqOPcxo18pIYqYL1Br.jpg,1677,3123,suhchuh_medwa_a_t4,no translation yet,0.8346,0.4998,0.4993,0.9981,0.9970
suhchuh_medwa_ah_t1_6287fe23_jpg.rf.eVIz3gXPPTEP7rmNWeQC.jpg,1680,3126,suhchuh_medwa_ah_t1,no translation yet,0.9137,0.5001,0.4994,0.9988,0.9982
suhchuh_medwa_ah_t4_f4fec73d_jpg.rf.d6RZ7hU38b0UysXL5JQi.jpg,1683,3129,suhchuh_medwa_ah_t4,no translation yet,0.8591,0.4999,0.4998,0.9984,0.9997
suhchuh_medwa_aw_t1_46f78fe5_jpg.rf.ImjLDJfZAD5iYzzrRXVS.jpg,1704,3150,suhchuh_medwa_aw_t1,no translation yet,0.9532,0.4999,0.4991,0.9979,0.9980
suhchuh_medwa_aw_t2_7c489cad_jpg.rf.2IBvINDMUaMe9st6jmaO.jpg,1705,3151,suhchuh_medwa_aw_t2,no translation yet,0.9572,0.5005,0.4999,0.9980,0.9997
suhchuh_medwa_ay_t3_55753014_jpg.rf.Uj1qTneCJCaHagY9AxWu.jpg,1700,3146,suhchuh_medwa_ay_t3,no translation yet,0.9590,0.5000,0.5001,0.9983,0.9998
suhchuh_medwa_ee_t1_0941743f_jpg.rf.1rx9KYCVfYjMMUFGft9n.jpg,1686,3132,suhchuh_medwa_ee_t1,no translation yet,0.8396,0.4998,0.5002,0.9982,0.9997
suhchuh_medwa_eh_t2_9eb90ce6_jpg.rf.0dpep1eD2fdFzmFT79EH.jpg,1717,3163,suhchuh_medwa_eh_t2,no translation yet,0.7204,0.5024,0.5465,0.3401,0.5283
suhchuh_medwa_er_t3_5a070798_jpg.rf.QoBgu2t0bhN8NCrTPWQI.jpg,1694,3140,suhchuh_medwa_er_t3,no translation yet,0.9022,0.4999,0.4995,0.9982,0.9981
suhchuh_medwa_oh_t1_4f9a4988_jpg.rf.3jQx5pWDvmlyxIEoBKa8.jpg,1710,3156,suhchuh_medwa_oh_t1,no translation yet,0.9019,0.5000,0.4991,0.9977,0.9979
suhchuh_medwa_oh_t2_96d0812d_jpg.rf.qN4q3ghicJROeaOdcgHo.jpg,1711,3157,suhchuh_medwa_oh_t2,no translation yet,0.4160,0.5029,0.5324,0.3402,0.5542
suhchuh_medwa_u_t1_a0428a86_jpg.rf.M26js5mdzokptIUA73Je.jpg,1728,3174,suhchuh_medwa_u_t1,no translation yet,0.5183,0.5164,0.6131,0.3378,0.3913
suhchuh_medwa_u_t2_6cfc419b_jpg.rf.xBbwwwyVrTALYwV43r9k.jpg,1729,3175,suhchuh_medwa_u_t2,no translation yet,0.9416,0.5000,0.4999,0.9979,0.9993
suhchuh_medwa_u_t6_0000559e_jpg.rf.3M5bDv1umS62ThpfpMj1.jpg,1733,3179,suhchuh_medwa_u_t6,no translation yet,0.9662,0.5002,0.4993,0.9982,0.9984
suhchuh_medya_a_t1_f6478488_jpg.rf.1HiKiHFggL2TcWmOaVpw.jpg,1735,3240,suhchuh_medya_a_t1,no translation yet,0.9390,0.4996,0.5000,0.9988,1.0000
suhchuh_medya_a_t2_576f164a_jpg.rf.G2TNWLQzlOg3tdNrXgqL.jpg,1736,3241,suhchuh_medya_a_t2,no translation yet,0.5508,0.5004,0.5003,0.9980,0.9993
suhchuh_medya_a_t2_e6157306_jpg.rf.1lPCrmOfgGlqfDfdEJga.jpg,1736,3241,suhchuh_medya_a_t2,no translation yet,0.5141,0.5000,0.5000,0.9976,0.9999
suhchuh_medya_a_t4_06153715_jpg.rf.xh3fHpig4HpAHsbUQ1IT.jpg,1738,3243,suhchuh_medya_a_t4,no translation yet,0.8094,0.5003,0.4992,0.9982,0.9975
suhchuh_medya_a_t5_5f2dc032_jpg.rf.602DlO6I6xfdDTrV5hLC.jpg,1739,3244,suhchuh_medya_a_t5,no translation yet,0.9658,0.5000,0.4996,0.9988,0.9992
suhchuh_medya_ah_t3_6fe2f1a0_jpg.rf.fNi8DP5jdXHJuW8MlRWu.jpg,1743,3248,suhchuh_medya_ah_t3,no translation yet,0.9465,0.5000,0.4997,0.9988,0.9992
suhchuh_medya_aw_t2_6045e1df_jpg.rf.o4xEWEh5rmYzjUNJzpD1.jpg,1766,3271,suhchuh_medya_aw_t2,no translation yet,0.9701,0.5004,0.5001,0.9981,0.9999
suhchuh_medya_aw_t3_484b4d6d_jpg.rf.7hcf3SLZzf7IQNdTKKMx.jpg,1767,3272,suhchuh_medya_aw_t3,no translation yet,0.8809,0.5003,0.5000,0.9979,1.0000
suhchuh_medya_ay_t3_1a9d44c3_jpg.rf.iCuVpQsjdLNGsLUepge3.jpg,1761,3266,suhchuh_medya_ay_t3,no translation yet,0.9687,0.4999,0.4999,0.9979,0.9998
suhchuh_medya_ay_t5_22657760_jpg.rf.tnwtqolvlIuURFAc6A9Q.jpg,1763,3268,suhchuh_medya_ay_t5,no translation yet,0.9697,0.5002,0.5000,0.9989,1.0000
suhchuh_medya_ee_t4_6b883353_jpg.rf.c8vlGVZrIDStITTCZsQ7.jpg,1750,3255,suhchuh_medya_ee_t4,no translation yet,0.9229,0.4991,0.4999,0.9972,0.9990
suhchuh_medya_ee_t6_c4f42416_jpg.rf.WqmhY3FU8t95Sr6111pd.jpg,1752,3257,suhchuh_medya_ee_t6,no translation yet,0.7874,0.5000,0.5310,0.3841,0.5498
suhchuh_medya_eh_t3_2ab9a2b2_jpg.rf.zwthCtYMEdV2deEBZ1NM.jpg,1779,3284,suhchuh_medya_eh_t3,no translation yet,0.9499,0.5002,0.5000,0.9984,1.0000
suhchuh_medya_eh_t4_ef6b4741_jpg.rf.IkoJWxrqppwAZB4sH9QN.jpg,1780,3285,suhchuh_medya_eh_t4,no translation yet,0.8877,0.4997,0.4996,0.9982,0.9984
suhchuh_medya_er_t1_daa4064c_jpg.rf.sJOy8BMMwVCrYth29sNh.jpg,1753,3258,suhchuh_medya_er_t1,no translation yet,0.9299,0.5003,0.4995,0.9987,0.9972
suhchuh_medya_er_t5_e6768218_jpg.rf.nUAbwnlshZQk6fOU6MMO.jpg,1757,3262,suhchuh_medya_er_t5,no translation yet,0.9415,0.5000,0.4999,0.9987,0.9990
suhchuh_medya_oh_t4_b8d9e0a1_jpg.rf.L2ieg0cl3sBfRYPZEJL7.jpg,1774,3279,suhchuh_medya_oh_t4,no translation yet,0.8773,0.4997,0.4995,0.9983,0.9977
suhchuh_medya_oo_t5_b59faddd_jpg.rf.CcatiyQDC5gIqKurUkVn.jpg,1787,3292,suhchuh_medya_oo_t5,no translation yet,0.9132,0.5000,0.4997,0.9987,0.9994
suhchuh_medya_u_t6_a5a1a744_jpg.rf.tQ2oXxcZKwYYFXKAvc1p.jpg,1794,3299,suhchuh_medya_u_t6,no translation yet,0.9097,0.5003,0.4999,0.9987,0.9998
suhchuh_oh_t1_c51f7d9d_jpg.rf.lIO0LGMgkz8tHVojxWK6.jpg,1856,336,suhchuh_oh_t1,no translation yet,0.5908,0.4999,0.4517,0.2327,0.3920
suhchuh_oh_t2_3d8a0cf1_jpg.rf.mNEd4C3t1rA2y9luhMm6.jpg,1867,337,suhchuh_oh_t2,no translation yet,0.9217,0.5003,0.5000,0.9978,0.9997
suhchuh_oh_t2_406d06df_jpg.rf.QWGEuuf1RgquF1CHxah2.jpg,1867,337,suhchuh_oh_t2,no translation yet,0.9311,0.5000,0.4995,0.9975,0.9971
suhchuh_oh_t3_13e2ee9d_jpg.rf.3bIXHYXojLB6oO2KKu6g.jpg,1876,338,suhchuh_oh_t3,no translation yet,0.8890,0.5002,0.4995,0.9976,0.9982
suhchuh_oo_t1_46bc397c_jpg.rf.X3IaflC6BbLPbOUub1NN.jpg,1966,348,suhchuh_oo_t1,no translation yet,0.9057,0.5000,0.5000,0.9984,1.0000
suhchuh_u_t6_00dbfeaf_jpg.rf.PzFL5ZaZUpkXSAYyQxKX.jpg,2070,359,suhchuh_u_t6,no translation yet,0.8569,0.4995,0.4998,0.9979,0.9995
suhchuh_u_t6_476166bd_jpg.rf.E5gLVs8pcIk0eyQQfJz7.jpg,2070,359,suhchuh_u_t6,no translation yet,0.8451,0.4996,0.5000,0.9983,1.0000
thuh_a_t1_55b3666f_jpg.rf.ejNI9j9pitAKKTsc7IA0.jpg,230,1260,thuh_a_t1,no translation yet,0.9408,0.5002,0.4992,0.9981,0.9982
thuh_ah_t3_ec951cbf_jpg.rf.5d1Tf0VxJqKmzAapqSKn.jpg,238,1268,thuh_ah_t3,no translation yet,0.9208,0.5001,0.5001,0.9984,0.9984
thuh_aw_t3_f866f6df_jpg.rf.1urRxfZcWiIcjNyee4GN.jpg,265,1292,thuh_aw_t3,no translation yet,0.7665,0.5002,0.5002,0.9982,0.9986
thuh_aw_t5_c5efdd6c_jpg.rf.djSRawIxkPOARaReKszP.jpg,267,1294,thuh_aw_t5,no translation yet,0.9192,0.5000,0.5001,0.9984,0.9991
thuh_aw_t6_74595231_jpg.rf.0Z7mGN2efIoyxLuWhEEc.jpg,268,1295,thuh_aw_t6,no translation yet,0.9060,0.5002,0.5001,0.9982,0.9998
thuh_aw_t6_75e3e4c0_jpg.rf.DA1vhQjn4hIVhnifWoV2.jpg,268,1295,thuh_aw_t6,no translation yet,0.9127,0.5000,0.4998,0.9982,0.9993
thuh_ay_t1_018c677b_jpg.rf.7GI8xSmcCPJjqdKirVAA.jpg,256,1284,thuh_ay_t1,no translation yet,0.9716,0.5001,0.4997,0.9983,0.9992
thuh_ay_t5_13075c05_jpg.rf.O5pysgTKcmHkjASeNOju.jpg,260,1288,thuh_ay_t5,no translation yet,0.9521,0.5001,0.5002,0.9984,0.9987
thuh_ee_t5_6586e886_jpg.rf.tQztAepvJ61JQBjOVgSU.jpg,247,1276,thuh_ee_t5,no translation yet,0.9075,0.5001,0.5000,0.9986,0.9989
thuh_ee_t6_c475dfee_jpg.rf.F8wBFc0InHyGxL7aZEx6.jpg,248,1277,thuh_ee_t6,no translation yet,0.9245,0.4999,0.5000,0.9989,0.9999
thuh_eh_t5_486220d4_jpg.rf.S3aEWMuue6WImGRbE2HQ.jpg,281,1306,thuh_eh_t5,no translation yet,0.9000,0.5000,0.5003,0.9985,0.9993
thuh_eh_t6_7b15b554_jpg.rf.RQKCNpvNhEORKXAXoo4Z.jpg,282,1307,thuh_eh_t6,no translation yet,0.7118,0.4992,0.4522,0.5252,0.3906
thuh_medgha_a_t2_a31789a7_jpg.rf.oZ2g68AIwBOiXM7miLG7.jpg,291,1315,thuh_u_t2,no translation yet,0.8298,0.5001,0.4999,0.9983,0.9986
thuh_medgha_a_t6_70f06c24_jpg.rf.YJkD5IM3e8vLQ9nIi83e.jpg,295,1319,thuh_u_t6,no translation yet,0.6681,0.5005,0.5002,0.9986,0.9990
thuh_medgha_ah_t3_04be3f9d_jpg.rf.lTRiJ1Lbhotlnu0vaB4z.jpg,5161,7988,thuh_medgha_ah_t3,no translation yet,0.8869,0.5003,0.5002,0.9982,0.9993
thuh_medgha_ah_t6_318c572b_jpg.rf.EXBpLHzSyMUS0XYqPBRj.jpg,5165,7991,thuh_medgha_ah_t6,no translation yet,0.9280,0.5002,0.5002,0.9985,0.9995
thuh_medgha_aw_t5_0cf38093_jpg.rf.Ray2csAg3Z5HoCfjnFNi.jpg,5191,8014,thuh_medgha_aw_t5,no translation yet,0.7966,0.5001,0.4999,0.9981,0.9996
thuh_medgha_aw_t5_6bdec520_jpg.rf.F2heZECN98q9n4liP4VX.jpg,5191,8014,thuh_medgha_aw_t5,no translation yet,0.7979,0.5003,0.4999,0.9984,0.9995
thuh_medgha_aw_t6_30da0fef_jpg.rf.lgdRAFipOYsLjq2GiCfg.jpg,5192,8015,thuh_medgha_aw_t6,no translation yet,0.9320,0.5002,0.4996,0.9985,0.9990
thuh_medgha_ay_t5_3a4021ba_jpg.rf.RweRlIUtSXaXE7t5LiGB.jpg,5184,8008,thuh_medgha_ay_t5,no translation yet,0.9094,0.5003,0.4993,0.9981,0.9980
thuh_medgha_ee_t4_74eb245e_jpg.rf.07FRdSHpeerwURXF6bSQ.jpg,5169,7995,thuh_medgha_ee_t4,no translation yet,0.6396,0.4988,0.5312,0.5784,0.5491
thuh_medgha_ee_t6_7eb41fb9_jpg.rf.xBz75LOsPJcznbPuBVqz.jpg,5171,7997,thuh_medgha_ee_t6,no translation yet,0.9340,0.5004,0.4996,0.9990,0.9992
thuh_medgha_eh_t1_95af7ee0_jpg.rf.XLp1w4ZJS7Gwd53NVTF2.jpg,5200,8022,thuh_medgha_eh_t1,no translation yet,0.9382,0.5005,0.4997,0.9982,0.9988
thuh_medgha_eh_t5_4d0aff2d_jpg.rf.cV29pmaOUC1uASCec3DX.jpg,5204,8026,thuh_medgha_eh_t5,no translation yet,0.8489,0.5003,0.4991,0.9982,0.9974
thuh_medgha_er_t6_8744cf0c_jpg.rf.4aBDFwRdRdNMVt4lwpKP.jpg,5179,8003,thuh_medgha_er_t6,no translation yet,0.8661,0.5002,0.5000,0.9983,0.9994
thuh_medgha_oh_t2_f89f4d84_jpg.rf.CgknoshYkx4GTChcnVg7.jpg,5194,8017,thuh_medgha_oh_t2,no translation yet,0.9681,0.4999,0.5000,0.9982,0.9989
thuh_medgha_oo_t4_4142bceb_jpg.rf.2bjZqagpxXUgNqKxoG5L.jpg,5210,8031,thuh_medgha_oo_t4,no translation yet,0.9286,0.5002,0.4990,0.9982,0.9980
thuh_medgha_u_t2_1bdf5ea2_jpg.rf.2CMFtnk7IfBqMYuciQfG.jpg,5214,8035,thuh_medgha_u_t2,no translation yet,0.7970,0.5001,0.4996,0.9980,0.9990
thuh_medgha_u_t5_79011be0_jpg.rf.KLr0CkFwKvz0Z5wNr9eI.jpg,5217,8038,thuh_medgha_u_t5,no translation yet,0.4996,0.5004,0.4999,0.9978,0.9993
thuh_medgha_u_t5_83456b16_jpg.rf.RVQUImDJDpYs73OLDFJX.jpg,5217,8038,thuh_medgha_u_t5,no translation yet,0.4984,0.5003,0.4996,0.9979,0.9986
thuh_medla_a_t1_064a2d6c_jpg.rf.m4F9y675SJqPS95BDp5k.jpg,4955,7800,thuh_medla_a_t1,no translation yet,0.9686,0.5000,0.4997,0.9981,0.9987
thuh_medla_a_t5_d02ad5dc_jpg.rf.r28XtYccYT0OCTeb9mNR.jpg,4959,7804,thuh_medla_a_t5,no translation yet,0.8122,0.4999,0.5001,0.9986,0.9982
thuh_medla_aw_t3_b67fdaa0_jpg.rf.6N57XwAB5U9BKU5nNs1a.jpg,4990,7832,thuh_medla_aw_t3,no translation yet,0.9266,0.5003,0.5000,0.9986,0.9989
thuh_medla_aw_t4_efcb3a2e_jpg.rf.S5sg4w5oecNlpnpdNNDn.jpg,4991,7833,thuh_medla_aw_t4,no translation yet,0.8121,0.5002,0.5001,0.9987,0.9998
thuh_medla_ay_t1_e252269d_jpg.rf.mBji3K2X14fU36raTyDt.jpg,4981,7824,thuh_medla_ay_t1,no translation yet,0.8605,0.5003,0.5005,0.9986,0.9988
thuh_medla_ee_t5_2bc398a5_jpg.rf.iPu8QH3qnb8hRtA2cTfH.jpg,4972,7816,thuh_medla_ee_t5,no translation yet,0.9602,0.5000,0.5002,0.9988,0.9989
thuh_medla_er_t1_6e6d6c05_jpg.rf.0EtDfrlLcrttjfxENAAT.jpg,4974,7818,thuh_medla_er_t1,no translation yet,0.8716,0.5004,0.5003,0.9982,0.9990
thuh_medla_er_t2_94c19d98_jpg.rf.OIJE7p1AOtgomP4JHpVB.jpg,4975,7819,thuh_medla_er_t2,no translation yet,0.8856,0.5000,0.5001,0.9984,0.9999
thuh_medla_er_t4_0f060b90_jpg.rf.fuqByBuEJXvhCo0Bvawj.jpg,4978,7821,thuh_medla_er_t4,no translation yet,0.4557,0.4985,0.5342,0.7471,0.5559
thuh_medla_oh_t3_efe89cfc_jpg.rf.AouzqWuYwBA0RUpUEvUD.jpg,4996,7838,thuh_medla_oh_t3,no translation yet,0.8604,0.4998,0.4996,0.9980,0.9980
thuh_medla_oh_t6_06b0d3d9_jpg.rf.i3SEo3yyxEqdp7Lk6Ssp.jpg,5000,7841,thuh_medla_oh_t6,no translation yet,0.9110,0.4999,0.5002,0.9989,0.9988
thuh_medla_u_t2_e78c73bb_jpg.rf.zFKNstVDiGhTaMZX2LQM.jpg,5015,7855,thuh_medla_u_t2,no translation yet,0.8277,0.5009,0.6157,0.6158,0.3951
thuh_medla_u_t3_f188a37e_jpg.rf.YIImc2qnffMWBZXEJjcJ.jpg,5016,7856,thuh_medla_u_t3,no translation yet,0.8196,0.5040,0.6153,0.6545,0.3950
thuh_medra_a_t1_2e979d34_jpg.rf.wHEa1UUFSndJ2TInkgQt.jpg,5021,7860,thuh_medra_a_t1,no translation yet,0.9574,0.5002,0.4999,0.9978,0.9994
thuh_medra_a_t5_67e73dc6_jpg.rf.LHGca5vA7jMJTJWNYS55.jpg,5025,7864,thuh_medra_a_t5,no translation yet,0.8535,0.4998,0.4999,0.9983,0.9996
thuh_medra_ah_t1_4fd099cc_jpg.rf.nWTJ04QuXGWb5lcGI6mZ.jpg,5027,7866,thuh_medra_ah_t1,no translation yet,0.9893,0.5002,0.4998,0.9990,0.9990
thuh_medra_ah_t4_b88fb6cf_jpg.rf.MvPHsbDUKQtfbzevbPQm.jpg,5030,7869,thuh_medra_ah_t4,no translation yet,0.5842,0.4998,0.5002,0.9989,0.9987
thuh_medra_ah_t5_2a58dd3d_jpg.rf.XQxaAsIIZWb09SxxJtrn.jpg,5032,7870,thuh_medra_ah_t5,no translation yet,0.8464,0.5001,0.4999,0.9992,0.9986
thuh_medra_ay_t5_97733ada_jpg.rf.SVlodpPQKnZXuYpYdHwz.jpg,5051,7888,thuh_medra_ay_t5,no translation yet,0.9666,0.5001,0.5001,0.9983,0.9988
thuh_medra_ee_t1_c75af5f5_jpg.rf.qhytf6XyoYxjlzf73EHy.jpg,5034,7872,thuh_medra_ee_t1,no translation yet,0.9704,0.5000,0.4995,0.9976,0.9990
thuh_medra_ee_t3_97189bf7_jpg.rf.wE06N53uXG72V5N8p2CJ.jpg,5036,7874,thuh_medra_ee_t3,no translation yet,0.9704,0.5002,0.5001,0.9988,0.9995
thuh_medra_ee_t4_6e838afb_jpg.rf.dm23g4N23guJczVKPvlg.jpg,5037,7875,thuh_medra_ee_t4,no translation yet,0.8701,0.5000,0.4995,0.9981,0.9988
thuh_medra_eh_t3_7b46c650_jpg.rf.Ed6bH1PmWHsceAq7uxDc.jpg,5069,7904,thuh_medra_eh_t3,no translation yet,0.9616,0.5001,0.5000,0.9982,0.9988
thuh_medra_eh_t6_fc72219f_jpg.rf.L97dKJdejBhRLFVjw9Ag.jpg,5072,7907,thuh_medra_eh_t6,no translation yet,0.9720,0.4999,0.5002,0.9982,0.9982
thuh_medra_oh_t1_df18a7fa_jpg.rf.VQg6DTTBqnMRfXOF4V8h.jpg,5060,7896,thuh_medra_oh_t1,no translation yet,0.9473,0.5002,0.4994,0.9985,0.9980
thuh_medra_oh_t2_b2c1189e_jpg.rf.59AX3kHd2xwx6ceJxMqS.jpg,5061,7897,thuh_medra_oh_t2,no translation yet,0.9025,0.4999,0.5001,0.9985,0.9991
thuh_medra_oh_t4_cad4d6d6_jpg.rf.cqk0r0NyhncsDOVE5ig4.jpg,5063,7899,thuh_medra_oh_t4,no translation yet,0.4377,0.5027,0.5221,0.6437,0.5687
thuh_medra_oo_t1_3452ec6a_jpg.rf.vKIqZltTEMPXQS8B8s5a.jpg,5073,7908,thuh_medra_oo_t1,no translation yet,0.8646,0.5002,0.4997,0.9992,0.9993
thuh_medra_u_t3_c68f8944_jpg.rf.a1vXeG1vyxQkgYi4duOq.jpg,5082,7916,thuh_medra_u_t3,no translation yet,0.9262,0.5000,0.4999,0.9989,0.9991
thuh_medra_u_t4_f02b16c5_jpg.rf.euoPL3v8deisrAOBmOmF.jpg,5083,7917,thuh_medra_u_t4,no translation yet,0.8821,0.5001,0.4996,0.9987,0.9990
thuh_medwa_aw_t2_cf3a7f9a_jpg.rf.cEsK3tEzhL9ZgyWCKmla.jpg,5121,7951,thuh_medwa_aw_t2,no translation yet,0.8567,0.5001,0.4999,0.9981,0.9986
thuh_medwa_aw_t6_ddf19b0c_jpg.rf.UvJeprr8SuJXyWhxnlP4.jpg,5125,7955,thuh_medwa_aw_t6,no translation yet,0.9506,0.5000,0.4998,0.9981,0.9989
thuh_medwa_ay_t2_fe0785e6_jpg.rf.kxX4MMvOvWTxE7lJ0zgB.jpg,5114,7945,thuh_medwa_ay_t2,no translation yet,0.9055,0.5015,0.6134,0.4790,0.3911
thuh_medwa_ay_t3_07732dea_jpg.rf.pnCEtg3QWBcizzgGxEv3.jpg,5115,7946,thuh_medwa_ay_t3,no translation yet,0.9637,0.4997,0.5003,0.9981,0.9984
thuh_medwa_ay_t5_3310dd22_jpg.rf.j185gAsa99Z38616bnaO.jpg,5117,7948,thuh_medwa_ay_t5,no translation yet,0.6348,0.5003,0.4999,0.9988,0.9982
thuh_medwa_ay_t5_a7c78271_jpg.rf.tgxN3JjKCESMmBCKuskC.jpg,5117,7948,thuh_medwa_ay_t5,no translation yet,0.6570,0.5003,0.5002,0.9986,0.9980
thuh_medwa_ay_t6_5acb9c61_jpg.rf.0MD23v0FfUV53yxKDPTR.jpg,5118,7949,thuh_medwa_ay_t6,no translation yet,0.9304,0.4998,0.5002,0.9985,0.9991
thuh_medwa_ee_t1_84cef022_jpg.rf.zKdhnavhahIgJPeFXgaM.jpg,5100,7932,thuh_medwa_ee_t1,no translation yet,0.9803,0.5000,0.5001,0.9981,0.9998
thuh_medwa_ee_t3_c69da8ab_jpg.rf.rrVkjDlszYmQPH52sEwH.jpg,5102,7934,thuh_medwa_ee_t3,no translation yet,0.8954,0.4995,0.4998,0.9981,0.9988
thuh_medwa_eh_t2_c33f61cc_jpg.rf.LLnSJ852VbWHU6R3NfmK.jpg,5134,7963,thuh_medwa_eh_t2,no translation yet,0.8581,0.5000,0.5001,0.9983,0.9987
thuh_medwa_oh_t4_de34bfcd_jpg.rf.w7wjM1ScjrhBuwQibW7z.jpg,5129,7959,thuh_medwa_oh_t4,no translation yet,0.9090,0.4999,0.4999,0.9987,0.9984
thuh_medwa_oh_t6_522a39a7_jpg.rf.oGgw4tfI6l4ZdNjybi8g.jpg,5132,7961,thuh_medwa_oh_t6,no translation yet,0.8426,0.4988,0.5324,0.5256,0.5526
thuh_medwa_oo_t4_19c1ff9f_jpg.rf.Vy56sOiZyYv5s2eYkKxG.jpg,5143,7971,thuh_medwa_oo_t4,no translation yet,0.9480,0.4999,0.5004,0.9988,0.9991
thuh_medwa_u_t1_df39717f_jpg.rf.CsZ3jCnVbXMz229WkLSr.jpg,5146,7974,thuh_medwa_u_t1,no translation yet,0.9554,0.5000,0.4995,0.9981,0.9979
thuh_medwa_u_t5_145b783d_jpg.rf.8fsATYn8toM7Pwytuqzd.jpg,5150,7978,thuh_medwa_u_t5,no translation yet,0.7057,0.5001,0.5001,0.9983,0.9979
thuh_medwa_u_t5_3fc433bf_jpg.rf.vyDk8cTgJzqKJW4kTamn.jpg,5150,7978,thuh_medwa_u_t5,no translation yet,0.7019,0.5001,0.4999,0.9985,0.9983
thuh_medwa_u_t6_8a993286_jpg.rf.k9aCU2w5hGzrgvKbyHeW.jpg,5151,7979,thuh_medwa_u_t6,no translation yet,0.9678,0.5003,0.4998,0.9985,0.9983
thuh_medya_a_t3_1b70d420_jpg.rf.BIotMK8oG727ndrjmgpd.jpg,5222,8042,thuh_medya_a_t3,no translation yet,0.9308,0.5004,0.5002,0.9979,0.9994
thuh_medya_ah_t4_7a1f7ae9_jpg.rf.6gNLGyi9y9l9EoR6Eawq.jpg,5229,8049,thuh_medya_ah_t4,no translation yet,0.6792,0.4991,0.5312,0.6530,0.5502
thuh_medya_ah_t4_9836d7c3_jpg.rf.JtfcGUAwLn1e4lrr0Wli.jpg,5229,8049,thuh_medya_ah_t4,no translation yet,0.8722,0.5002,0.4999,0.9984,0.9990
thuh_medya_aw_t4_82436d2c_jpg.rf.5rj3mOaBFCaDfbwwMwFM.jpg,5256,8073,thuh_medya_aw_t4,no translation yet,0.8618,0.5000,0.4996,0.9984,0.9987
thuh_medya_ay_t2_071f50ce_jpg.rf.strl0JWH6OFANmDKUO3b.jpg,5247,8065,thuh_medya_ay_t2,no translation yet,0.9757,0.4998,0.4999,0.9978,0.9996
thuh_medya_ee_t5_e04ca507_jpg.rf.XCGQa3otyGppnDw7ripX.jpg,5237,8056,thuh_medya_ee_t5,no translation yet,0.9191,0.5000,0.4997,0.9982,0.9994
thuh_medya_eh_t1_246f99cb_jpg.rf.3g1iWeqe8QStAxeEkcwk.jpg,5266,8082,thuh_medya_eh_t1,no translation yet,0.8842,0.4984,0.5453,0.3736,0.5217
thuh_medya_eh_t5_ed8bc50e_jpg.rf.eEQxhmysO2ghN1xl1VLp.jpg,5270,8086,thuh_medya_eh_t5,no translation yet,0.9705,0.5001,0.5000,0.9982,0.9993
thuh_medya_er_t2_115c46b9_jpg.rf.eO7skAWnwItBGnlOhTYG.jpg,5240,8059,thuh_medya_er_t2,no translation yet,0.9656,0.5003,0.5001,0.9985,0.9997
thuh_medya_oo_t2_8e0af909_jpg.rf.E1uLPdWRKn0oOCh3PEn6.jpg,5273,8089,thuh_medya_oo_t2,no translation yet,0.9444,0.5003,0.4999,0.9982,0.9999
thuh_medya_oo_t6_e730de1a_jpg.rf.NPqDgTJowW1csZGg6PuL.jpg,5278,8093,thuh_medya_oo_t6,no translation yet,0.8147,0.4997,0.4993,0.9982,0.9976
thuh_medya_u_t1_239d1aa5_jpg.rf.AIih0PfijBlh3CB2Ttol.jpg,5279,8094,thuh_medya_u_t1,no translation yet,0.5443,0.5156,0.6118,0.4778,0.3876
thuh_medya_u_t1_9822c7bd_jpg.rf.sCsfbvenIlWIFprcPS1L.jpg,5279,8094,thuh_medya_u_t1,no translation yet,0.8468,0.5001,0.4994,0.9982,0.9988
thuh_medya_u_t4_cba28f48_jpg.rf.x8gozj7HLzVqTKzJiRSq.jpg,5282,8097,thuh_medya_u_t4,no translation yet,0.7432,0.4999,0.4998,0.9981,0.9994
thuh_oh_t5_0d26eb38_jpg.rf.SbFi9wI0YocgGAnuaXJV.jpg,275,1300,thuh_oh_t5,no translation yet,0.8341,0.5214,0.4519,0.5207,0.3903
thuh_oo_t5_ebda15d1_jpg.rf.cVLLpgil1rnarcYXDL99.jpg,288,1312,thuh_oo_t5,no translation yet,0.5103,0.5001,0.4994,0.9980,0.9984
tuh_a_t1_10257f84_jpg.rf.rX0IdhAyMT3VudPYMBIb.jpg,3100,540,tuh_a_t1,no translation yet,0.8657,0.5001,0.4998,0.9989,0.9990
tuh_a_t3_9a917308_jpg.rf.FtExKuDvu1CcbUOqvTXD.jpg,3122,542,tuh_a_t3,no translation yet,0.7156,0.5060,0.5326,0.5274,0.2293
tuh_a_t4_3a680af6_jpg.rf.6zBfrWWodcu82VO1hEkj.jpg,3133,543,tuh_a_t4,no translation yet,0.8560,0.5000,0.4996,0.9984,0.9981
tuh_a_t4_d2ed9402_jpg.rf.qS9vpjvgqMjiU1G80KjA.jpg,3133,543,tuh_a_t4,no translation yet,0.8523,0.4999,0.4998,0.9988,0.9980
tuh_a_t6_9768ee39_jpg.rf.p1vcuaSs5Pju4CdsmmcO.jpg,3155,545,tuh_a_t6,no translation yet,0.9103,0.4999,0.4998,0.9982,0.9978
tuh_ah_t2_8d8a335e_jpg.rf.R1FlzpEh81gASp2aXdUJ.jpg,3177,547,tuh_ah_t2,no translation yet,0.7911,0.4997,0.4993,0.9980,0.9980
tuh_ah_t2_fada5f7a_jpg.rf.MhHfGXl5W3beDb9DGcM0.jpg,3177,547,tuh_ah_t2,no translation yet,0.5278,0.5034,0.4522,0.5631,0.3908
tuh_ah_t4_f11bb7c3_jpg.rf.5oMeN6QExMz47L3ac1nQ.jpg,3199,549,tuh_ah_t4,no translation yet,0.7020,0.4999,0.4998,0.9983,0.9995
tuh_ay_t2_ea3abada_jpg.rf.dvWfGkc6OLgeqPqlpq01.jpg,3377,565,tuh_ay_t2,no translation yet,0.8315,0.4998,0.5002,0.9986,0.9995
tuh_ee_t5_d1b680e1_jpg.rf.S9eiv1HRwkSjNvPZrrbz.jpg,3277,556,tuh_ee_t5,no translation yet,0.8637,0.5002,0.4999,0.9986,0.9992
tuh_eh_t2_5dfb3fbb_jpg.rf.CxKtUSxQHTeuWJSuebnd.jpg,3577,583,tuh_eh_t2,no translation yet,0.8237,0.4996,0.5001,0.9986,0.9998
tuh_eh_t3_f6e6663d_jpg.rf.2aZtE8gLgpBy3jln7COO.jpg,3588,584,tuh_eh_t3,no translation yet,0.8836,0.5000,0.4993,0.9984,0.9976
tuh_eh_t6_d3b780c7_jpg.rf.aWhyEvsvVgjRMG47g3D2.jpg,3621,587,tuh_eh_t6,no translation yet,0.8713,0.4997,0.4996,0.9977,0.9975
tuh_er_t2_7655664f_jpg.rf.uQWlw27Tv4hqCvHCY5am.jpg,3310,559,tuh_er_t2,no translation yet,0.9066,0.4999,0.5000,0.9983,0.9995
tuh_er_t4_1dd44dc8_jpg.rf.fJPLFmOmI61a4Bmidy8F.jpg,3333,561,tuh_er_t4,no translation yet,0.7957,0.4998,0.5003,0.9975,0.9993
tuh_er_t5_fe86dad7_jpg.rf.rDkrubvPpBpy5qraUgAr.jpg,3344,562,tuh_er_t5,no translation yet,0.8611,0.5001,0.5000,0.9984,0.9990
tuh_medgha_a_t1_c039d373_jpg.rf.1Ltk95DbJ7oW0VSZX4q2.jpg,3699,594,tuh_u_t1,no translation yet,0.5607,0.5000,0.6123,0.3814,0.3887
tuh_medgha_a_t4_6fb6ab7f_jpg.rf.dsrbAmzg7RYZYjoAnzNE.jpg,2536,4383,tuh_medgha_a_t4,no translation yet,0.6440,0.5001,0.5003,0.9985,0.9985
tuh_medgha_aw_t6_aafa56d1_jpg.rf.nPBRcmWc8SVbWXRH0Iom.jpg,2569,4415,tuh_medgha_aw_t6,no translation yet,0.7029,0.4993,0.4998,0.9971,0.9995
tuh_medgha_ee_t6_c24c7362_jpg.rf.VItpsyIIGlztAzpzPLJC.jpg,2550,4397,tuh_medgha_ee_t6,no translation yet,0.8127,0.4999,0.5001,0.9980,0.9998
tuh_medgha_er_t2_61069eda_jpg.rf.W3SQurAWrxViLl9wKUyT.jpg,2552,4399,tuh_medgha_er_t2,no translation yet,0.8728,0.4999,0.5000,0.9985,0.9991
tuh_medgha_oh_t4_366484b2_jpg.rf.ipgDrw66nsGtdLtgrnbW.jpg,2573,4419,tuh_medgha_oh_t4,no translation yet,0.6425,0.5001,0.4997,0.9984,0.9989
tuh_medgha_oo_t1_e8cc6b94_jpg.rf.ID84cnsrl1xq2iP5vQLL.jpg,2582,4428,tuh_medgha_oo_t1,no translation yet,0.7769,0.5001,0.4994,0.9979,0.9978
tuh_medgha_u_t5_a308c021_jpg.rf.NFtlru3viXIXb1v7wcEm.jpg,2592,4438,tuh_medgha_u_t5,no translation yet,0.6227,0.4997,0.4993,0.9989,0.9976
tuh_medla_a_t4_59ba37b2_jpg.rf.N1qfBMIph56ASA2CVqVw.jpg,2366,4203,tuh_medla_a_t4,no translation yet,0.7159,0.4995,0.4997,0.9979,0.9983
tuh_medla_ah_t4_91b6bd0a_jpg.rf.Gr6yXueph7yOlgjODOIp.jpg,2372,4209,tuh_medla_ah_t4,no translation yet,0.7034,0.4997,0.4997,0.9980,0.9989
tuh_medla_ah_t6_df99ee9e_jpg.rf.IV9hOwkHQ9AmILVArfQZ.jpg,2374,4211,tuh_medla_ah_t6,no translation yet,0.8985,0.4998,0.4997,0.9979,0.9994
tuh_medla_aw_t3_d38238c4_jpg.rf.Hwy9pGYv1yCJcVNlYnJs.jpg,2388,4232,tuh_medla_aw_t3,no translation yet,0.7927,0.5001,0.4999,0.9988,0.9986
tuh_medla_eh_t1_58d66670_jpg.rf.MavmKTPr3D3D6FUQX4Zn.jpg,2396,4242,tuh_medla_eh_t1,no translation yet,0.8069,0.5001,0.4997,0.9984,0.9987
tuh_medla_eh_t2_5366e0e6_jpg.rf.c9EN0NwXnmMlJDWMahJb.jpg,2397,4243,tuh_medla_eh_t2,no translation yet,0.6296,0.5027,0.5487,0.5524,0.5305
tuh_medla_u_t1_5e829009_jpg.rf.uKu8d11dhit2sVom8UIp.jpg,2408,4254,tuh_medla_u_t1,no translation yet,0.7788,0.5003,0.5001,0.9988,0.9992
tuh_medla_u_t2_79376be6_jpg.rf.ewkFQgClBjLEoPGnTv37.jpg,2409,4255,tuh_medla_u_t2,no translation yet,0.6280,0.4995,0.4997,0.9974,0.9993
tuh_medra_a_t6_9514a5f5_jpg.rf.ls2OAQX2Gan0jPF6S3ZW.jpg,2417,4265,tuh_medra_a_t6,no translation yet,0.7741,0.4996,0.5001,0.9974,0.9988
tuh_medra_aw_t2_727f6afa_jpg.rf.yP74tZO4mL0xkqXORhUb.jpg,2443,4291,tuh_medra_aw_t2,no translation yet,0.7223,0.5001,0.4999,0.9982,0.9997
tuh_medra_ay_t4_47e29624_jpg.rf.K4xdeiPSLlZT2P7qQ0vK.jpg,2439,4287,tuh_medra_ay_t4,no translation yet,0.9417,0.5003,0.4997,0.9985,0.9987
tuh_medra_ay_t6_1d65cc76_jpg.rf.QFyCgGafRug4RgJtL5Sr.jpg,2441,4289,tuh_medra_ay_t6,no translation yet,0.9633,0.4999,0.4998,0.9982,0.9993
tuh_medra_ee_t1_6d57876b_jpg.rf.y8Hq9n8134O25pxBx05Q.jpg,2424,4272,tuh_medra_ee_t1,no translation yet,0.8067,0.4995,0.4999,0.9982,0.9998
tuh_medra_ee_t5_2fe06dd0_jpg.rf.Cegg3wEKBcFkSHhZrrxe.jpg,2428,4276,tuh_medra_ee_t5,no translation yet,0.7696,0.5002,0.4998,0.9984,0.9995
tuh_medra_oo_t5_6294f953_jpg.rf.PDV30DJ5Dbi5i5yV4egr.jpg,2465,4312,tuh_medra_oo_t5,no translation yet,0.8010,0.5004,0.4997,0.9992,0.9988
tuh_medra_u_t2_f9cd0ae8_jpg.rf.Lu1rpfJmv1okQQRDATRz.jpg,2468,4315,tuh_medra_u_t2,no translation yet,0.7675,0.4999,0.5000,0.9983,0.9990
tuh_medra_u_t3_3fdaf310_jpg.rf.A2NqLZzLAIiqALtK35wB.jpg,2469,4316,tuh_medra_u_t3,no translation yet,0.8714,0.5003,0.4994,0.9984,0.9987
tuh_medra_u_t3_846d9e9c_jpg.rf.vNn6ruo0N7snf9jp2ItE.jpg,2469,4316,tuh_medra_u_t3,no translation yet,0.8637,0.5000,0.4995,0.9980,0.9976
tuh_medwa_ah_t4_c558401a_jpg.rf.yDjma0uMahZcEC98M6VP.jpg,2482,4329,tuh_medwa_ah_t4,no translation yet,0.7842,0.4998,0.4998,0.9983,0.9996
tuh_medwa_ah_t6_a05ced91_jpg.rf.d48i5XY5Nq2ioDLMnHjV.jpg,2484,4331,tuh_medwa_ah_t6,no translation yet,0.7578,0.5002,0.5002,0.9979,0.9985
tuh_medwa_aw_t5_ad815feb_jpg.rf.FmYSYK5mcasjHYInWpWu.jpg,2507,4354,tuh_medwa_aw_t5,no translation yet,0.9113,0.5000,0.5000,0.9989,0.9995
tuh_medwa_ay_t2_1c34235d_jpg.rf.mJrksdhK80ED2pD1PR6d.jpg,2498,4345,tuh_medwa_ay_t2,no translation yet,0.8815,0.4996,0.4998,0.9980,0.9993
tuh_medwa_ay_t3_e8135947_jpg.rf.zsYxjO9UVsJPjZ2qVdIZ.jpg,2499,4346,tuh_medwa_ay_t3,no translation yet,0.4329,0.5057,0.6146,0.5275,0.3908
tuh_medwa_ay_t6_3f6f79bd_jpg.rf.28V4sMJWIeo6vg9lk8I2.jpg,2502,4349,tuh_medwa_ay_t6,no translation yet,0.5036,0.4997,0.5329,0.5348,0.5532
tuh_medwa_eh_t1_23cbc2bd_jpg.rf.wKqf7GdUhw3vBQ1gGSUy.jpg,2515,4362,tuh_medwa_eh_t1,no translation yet,0.9173,0.5000,0.5001,0.9984,0.9997
tuh_medwa_eh_t5_8878b6bb_jpg.rf.WMzx3vmAFbCtFgjsy6po.jpg,2519,4366,tuh_medwa_eh_t5,no translation yet,0.9011,0.4997,0.4995,0.9981,0.9978
tuh_medwa_er_t5_50ddf860_jpg.rf.AVL0SzelOCD5f7rUCtER.jpg,2495,4342,tuh_medwa_er_t5,no translation yet,0.8452,0.5001,0.4998,0.9982,0.9981
tuh_medwa_oh_t5_94af6378_jpg.rf.1R5Vx4wdydZw0Ys60hBG.jpg,2513,4360,tuh_medwa_oh_t5,no translation yet,0.8428,0.4999,0.4999,0.9988,0.9993
tuh_medwa_oo_t3_7ba36aec_jpg.rf.35qMogA0q9h9GkiTCMCS.jpg,2523,4370,tuh_medwa_oo_t3,no translation yet,0.6599,0.5001,0.5002,0.9982,0.9996
tuh_medwa_oo_t6_275ed862_jpg.rf.uOYCsZEKdsH2jVeer6Og.jpg,2526,4373,tuh_medwa_oo_t6,no translation yet,0.5677,0.5006,0.5000,0.9978,0.9993
tuh_medya_ah_t2_cfded7f5_jpg.rf.I4HuKTdiea4qtSIZKueP.jpg,2601,4447,tuh_medya_ah_t2,no translation yet,0.8405,0.5002,0.4997,0.9987,0.9982
tuh_medya_aw_t1_2b18943f_jpg.rf.G32BCNv0HO2KgV8JIFhm.jpg,2624,4470,tuh_medya_aw_t1,no translation yet,0.5617,0.5001,0.5316,0.3817,0.5511
tuh_medya_ay_t2_9fca4e0e_jpg.rf.RmIlWXHgeygAaZ2GZMpy.jpg,2619,4465,tuh_medya_ay_t2,no translation yet,0.9525,0.5001,0.4996,0.9984,0.9992
tuh_medya_ay_t5_3683c078_jpg.rf.rSwV57lB2B8vCTgkN0TO.jpg,2622,4468,tuh_medya_ay_t5,no translation yet,0.8981,0.5000,0.4996,0.9988,0.9992
tuh_medya_ee_t6_369b0056_jpg.rf.5Ice4IBXzq2eqJKlRFqq.jpg,2611,4457,tuh_medya_ee_t6,no translation yet,0.8607,0.4997,0.4999,0.9976,0.9993
tuh_medya_ee_t6_7a95dd03_jpg.rf.sVPUcEj2i8xMmb3izeDJ.jpg,2611,4457,tuh_medya_ee_t6,no translation yet,0.5838,0.5000,0.5311,0.5341,0.5497
tuh_medya_eh_t2_8b631554_jpg.rf.nR3ljG9ukeVwqCrtplXy.jpg,2637,4483,tuh_medya_eh_t2,no translation yet,0.8319,0.5000,0.4998,0.9981,0.9996
tuh_medya_er_t4_20b64935_jpg.rf.nVo6QvtzElTKE5JHIQsV.jpg,2615,4461,tuh_medya_er_t4,no translation yet,0.7948,0.4997,0.5000,0.9977,0.9993
tuh_medya_oo_t2_05a26192_jpg.rf.IVyYDQ3UQNMTK6rt7Npr.jpg,2643,4489,tuh_medya_oo_t2,no translation yet,0.7683,0.5001,0.5000,0.9982,0.9996
tuh_medya_u_t4_4d40a84a_jpg.rf.ksSl63hjV1iQyA77VtSb.jpg,2651,4497,tuh_medya_u_t4,no translation yet,0.6300,0.4999,0.4997,0.9987,0.9991
tuh_medya_u_t5_4c379a10_jpg.rf.rhHWYWaaF9uQDiOqsn4W.jpg,2652,4498,tuh_medya_u_t5,no translation yet,0.8065,0.4997,0.4996,0.9982,0.9988
tuh_oh_t1_db820b06_jpg.rf.TglzJxmwzFV8sc95DAyD.jpg,3499,576,tuh_oh_t1,no translation yet,0.8524,0.5000,0.4999,0.9981,0.9996
tuh_oh_t4_b08f2285_jpg.rf.gE0b0pWNFHFnfXtnsgJt.jpg,3532,579,tuh_oh_t4,no translation yet,0.6286,0.4999,0.4997,0.9982,0.9979
tuh_oo_t4_e751bc96_jpg.rf.M1T6CLLse460iHjRTT37.jpg,3666,591,tuh_oo_t4,no translation yet,0.5361,0.4998,0.4998,0.9982,0.9994
uh_a_t1_df92da12_jpg.rf.RE5NAbmuOLQzONKBS5bZ.jpg,363,1380,uh_a_t1,no translation yet,0.9606,0.4976,0.5324,0.3629,0.2313
uh_ah_t5_0efd8e00_jpg.rf.Qd82fqSgwQULD6tpy0fK.jpg,374,1390,uh_ah_t5,no translation yet,0.9663,0.5000,0.5002,0.9987,0.9995
uh_aw_t3_ac3ff9ed_jpg.rf.pFgKmu1o2E1g7ZjyjA9m.jpg,399,1412,uh_aw_t3,no translation yet,0.9652,0.5001,0.5000,0.9983,0.9991
uh_eh_t2_b285af6b_jpg.rf.zq2PKOTv8xyKR7jEhkfr.jpg,409,1423,uh_eh_t2,no translation yet,0.9745,0.5000,0.5002,0.9985,0.9996
uh_eh_t3_812ede15_jpg.rf.9XSxUPV1nL4tYXxiYPdx.jpg,410,1424,uh_eh_t3,no translation yet,0.9148,0.4998,0.4994,0.9982,0.9977
uh_eh_t3_8ca7c302_jpg.rf.h5QqUWVL2ykbv8HrG7Qj.jpg,410,1424,uh_eh_t3,no translation yet,0.9057,0.5001,0.5000,0.9982,0.9982
uh_eh_t4_1e9d9d58_jpg.rf.yudExqJJFAPssHGfFxdr.jpg,411,1425,uh_eh_t4,no translation yet,0.9669,0.5000,0.4998,0.9980,0.9986
uh_er_t1_45fbcea6_jpg.rf.jfxubAdaA71dHcufjbmT.jpg,382,1398,uh_er_t1,no translation yet,0.9959,0.5003,0.4999,0.9985,0.9998
uh_er_t2_1404f728_jpg.rf.Ru2Irx55LaHBrgT7an84.jpg,383,1399,uh_er_t2,no translation yet,0.9933,0.4999,0.5000,0.9986,0.9995
uh_er_t4_ee83affd_jpg.rf.I7tJpKzhoJAtNC5Jv7Rv.jpg,387,1401,uh_er_t4,no translation yet,0.9784,0.4997,0.5001,0.9985,0.9983
uh_er_t5_361538c1_jpg.rf.Bk1KTiww3oVKCIjpq9HF.jpg,388,1402,uh_er_t5,no translation yet,0.9925,0.5001,0.5000,0.9987,0.9996
uh_er_t6_5686f6d8_jpg.rf.GaHDfrLSSWbsOPFvRQ4B.jpg,389,1403,uh_er_t6,no translation yet,0.9891,0.5000,0.5002,0.9984,0.9996
uh_medgha_a_t1_4b23bd6f_jpg.rf.KOoeGy4o1CM295yQLY20.jpg,421,1434,uh_u_t1,no translation yet,0.5932,0.4999,0.4997,0.9981,0.9994
uh_medgha_a_t3_951ce978_jpg.rf.PAAaG8z5m53htBvvUwIR.jpg,423,1436,uh_u_t3,no translation yet,0.7684,0.4998,0.4997,0.9977,0.9995
uh_medgha_a_t3_b3a2996b_jpg.rf.KvUQSJXMSQDTOYi6ES9f.jpg,423,1436,uh_u_t3,no translation yet,0.7462,0.4996,0.4999,0.9979,0.9990
uh_medgha_a_t6_04d110fc_jpg.rf.4R9rIGj2nmDLt75s8Ulf.jpg,426,1439,uh_u_t6,no translation yet,0.6146,0.5003,0.4996,0.9994,0.9982
uh_medgha_ah_t1_f1509c3c_jpg.rf.DB7Xe9MntL5lrICVGfOM.jpg,5820,8586,uh_medgha_ah_t1,no translation yet,0.9963,0.5003,0.5000,0.9987,0.9999
uh_medgha_ah_t5_fa85e225_jpg.rf.4KgtOymCkG8hfn1KOQDW.jpg,5825,8590,uh_medgha_ah_t5,no translation yet,0.9899,0.5000,0.4997,0.9989,0.9992
uh_medgha_ah_t6_0cf9e7ea_jpg.rf.MD0EthTiX3dCGfbOLSK1.jpg,5826,8591,uh_medgha_ah_t6,no translation yet,0.9753,0.5001,0.5002,0.9987,0.9996
uh_medgha_aw_t6_5321a63e_jpg.rf.U8vjnEh5rVFLn30N2JSi.jpg,5852,8615,uh_medgha_aw_t6,no translation yet,0.9506,0.4998,0.5000,0.9990,0.9994
uh_medgha_ay_t1_a94c6174_jpg.rf.XFj2udjbq2DodF5hlaEW.jpg,5840,8604,uh_medgha_ay_t1,no translation yet,0.9383,0.5162,0.6120,0.3980,0.3897
uh_medgha_ay_t2_1910df55_jpg.rf.LYYnCqAP1i7jqj46had7.jpg,5841,8605,uh_medgha_ay_t2,no translation yet,0.9882,0.5000,0.5002,0.9983,0.9997
uh_medgha_ay_t2_29b7978e_jpg.rf.YTnxX22iPiangtYNo02X.jpg,5841,8605,uh_medgha_ay_t2,no translation yet,0.9874,0.4999,0.4998,0.9984,0.9996
uh_medgha_ay_t3_202012cc_jpg.rf.k4cSzbVlrxGEFsdqxJuI.jpg,5842,8606,uh_medgha_ay_t3,no translation yet,0.9732,0.4998,0.5005,0.9985,0.9989
uh_medgha_ee_t6_19e45a89_jpg.rf.tzUTNTskYPqmArACGvI4.jpg,5832,8597,uh_medgha_ee_t6,no translation yet,0.8871,0.4984,0.5311,0.5155,0.5496
uh_medgha_ee_t6_6f5841fc_jpg.rf.bxpOiBtlk9ZRSe3lSAVz.jpg,5832,8597,uh_medgha_ee_t6,no translation yet,0.9428,0.5001,0.4997,0.9989,0.9994
uh_medgha_eh_t1_e16e163b_jpg.rf.NVLnJQ2W6LhonTsMZTjY.jpg,5860,8622,uh_medgha_eh_t1,no translation yet,0.9224,0.5000,0.4994,0.9997,0.9982
uh_medgha_er_t2_3ad569bd_jpg.rf.v9WVRzHFFTNCvoz6w76R.jpg,5834,8599,uh_medgha_er_t2,no translation yet,0.9877,0.5000,0.5000,0.9984,1.0000
uh_medgha_er_t4_3ab8bc0f_jpg.rf.GI9uixFM3FftnQLHM6WP.jpg,5837,8601,uh_medgha_er_t4,no translation yet,0.9480,0.4995,0.4999,0.9982,0.9997
uh_medgha_oo_t1_6e69bb69_jpg.rf.AuviY7R2SQnJEgC68kwS.jpg,5866,8628,uh_medgha_oo_t1,no translation yet,0.9965,0.5001,0.5001,0.9980,0.9996
uh_medgha_u_t1_53717299_jpg.rf.wrDD8D8CgGU1dqYs7s1g.jpg,5873,8634,uh_medgha_u_t1,no translation yet,0.6066,0.4977,0.6121,0.3625,0.3892
uh_medgha_u_t3_958158ba_jpg.rf.yOU8koIMsZNo5qpqcVcn.jpg,5875,8636,uh_medgha_u_t3,no translation yet,0.9079,0.5001,0.5003,0.9987,0.9991
uh_medgha_u_t4_d670617e_jpg.rf.Os5dYRXwO61GBounkBZ4.jpg,5876,8637,uh_medgha_u_t4,no translation yet,0.9167,0.4999,0.4993,0.9984,0.9985
uh_medgha_u_t6_656dfe67_jpg.rf.aXAMM2hXCglM4WXm0rfJ.jpg,5878,8639,uh_medgha_u_t6,no translation yet,0.9074,0.4999,0.5001,0.9983,0.9993
uh_medgha_u_t6_a6f11605_jpg.rf.XxcoViy13ymGbLnTxpZW.jpg,5878,8639,uh_medgha_u_t6,no translation yet,0.9140,0.5001,0.5001,0.9986,0.9996
uh_medla_a_t6_8df8858b_jpg.rf.y5TFxEHifDkGuccBexNh.jpg,5621,8405,uh_medla_a_t6,no translation yet,0.9445,0.4985,0.5347,0.5783,0.5559
uh_medla_ah_t2_ab49bd6b_jpg.rf.K6Hm3GsSzHK17sx6vS6Q.jpg,5623,8407,uh_medla_ah_t2,no translation yet,0.9833,0.5001,0.5001,0.9988,0.9997
uh_medla_ah_t3_b3169418_jpg.rf.KMB7fy9aoIkXvirq7Nbg.jpg,5624,8408,uh_medla_ah_t3,no translation yet,0.9786,0.5001,0.5008,0.9981,0.9983
uh_medla_ah_t4_169be3b1_jpg.rf.rk6r9r0xz3zcJIwbHtN2.jpg,5625,8409,uh_medla_ah_t4,no translation yet,0.9853,0.4979,0.5349,0.7065,0.5568
uh_medla_ah_t4_5fbe1dd2_jpg.rf.HPbNExOsgbGY9mTfiEsS.jpg,5625,8409,uh_medla_ah_t4,no translation yet,0.9945,0.4996,0.4999,0.9979,0.9994
uh_medla_ah_t5_98a379b6_jpg.rf.hndfXqidWIZoxRqUJnrN.jpg,5627,8410,uh_medla_ah_t5,no translation yet,0.9472,0.4997,0.5002,0.9987,0.9997
uh_medla_ah_t6_3a16635b_jpg.rf.Qc9Ufvk9mDnb4NLOSXrN.jpg,5628,8411,uh_medla_ah_t6,no translation yet,0.9865,0.4997,0.5001,0.9981,0.9998
uh_medla_aw_t1_99e92e65_jpg.rf.akDFLSly2UfSFdvNxPSn.jpg,5649,8430,uh_medla_aw_t1,no translation yet,0.9866,0.4968,0.5346,0.4230,0.5573
uh_medla_aw_t2_4c6e9498_jpg.rf.IHnTXOyN9OsnWhR843Ta.jpg,5650,8431,uh_medla_aw_t2,no translation yet,0.9914,0.4999,0.5000,0.9986,0.9993
uh_medla_aw_t5_488339d6_jpg.rf.2patkZFEZqg6BmE2Dy0r.jpg,5653,8434,uh_medla_aw_t5,no translation yet,0.9875,0.4999,0.5000,0.9992,0.9999
uh_medla_aw_t5_c05266c3_jpg.rf.WINwuZN2xYpNIMpcYXpj.jpg,5653,8434,uh_medla_aw_t5,no translation yet,0.9877,0.4998,0.4999,0.9987,0.9998
uh_medla_aw_t6_6f6ae51a_jpg.rf.wjy9kSVw6QuQbCa3SxFT.jpg,5654,8435,uh_medla_aw_t6,no translation yet,0.9789,0.4998,0.4996,0.9986,0.9992
uh_medla_ay_t1_4b0f4deb_jpg.rf.Qp7xzvvm8fSpexDyRacp.jpg,5642,8424,uh_medla_ay_t1,no translation yet,0.9883,0.5002,0.5000,0.9987,0.9994
uh_medla_ay_t2_b5260e53_jpg.rf.UGxOXHjG1pei5Fbj8Pnm.jpg,5643,8425,uh_medla_ay_t2,no translation yet,0.9760,0.5004,0.6155,0.5448,0.3966
uh_medla_ay_t3_46ebe434_jpg.rf.zvLgrV52AzM6hpa0AN3J.jpg,5644,8426,uh_medla_ay_t3,no translation yet,0.9845,0.4999,0.5002,0.9982,0.9991
uh_medla_ay_t4_c1b21e3b_jpg.rf.r7hfmbF3PJ2r3HFiYOYu.jpg,5645,8427,uh_medla_ay_t4,no translation yet,0.9597,0.5000,0.4998,0.9989,0.9992
uh_medla_ay_t5_501f5e43_jpg.rf.U3BVjKBOF5e3U54a4tWN.jpg,5646,8428,uh_medla_ay_t5,no translation yet,0.9911,0.5002,0.5000,0.9988,0.9995
uh_medla_ay_t6_96512806_jpg.rf.bVQIQVaVfNSNCrTDWvYq.jpg,5647,8429,uh_medla_ay_t6,no translation yet,0.9787,0.4999,0.4998,0.9984,0.9995
uh_medla_ee_t2_7513de5c_jpg.rf.KyFNEzzddzyrlXP7ZfBB.jpg,5630,8413,uh_medla_ee_t2,no translation yet,0.9807,0.5001,0.5002,0.9984,0.9996
uh_medla_ee_t3_2de606b8_jpg.rf.9qtoEiheP7STXnEsmxGS.jpg,5631,8414,uh_medla_ee_t3,no translation yet,0.9890,0.5002,0.4999,0.9989,0.9992
uh_medla_eh_t1_8f053856_jpg.rf.Lxmk6Rwq7GSg7gAzpLFx.jpg,5662,8442,uh_medla_eh_t1,no translation yet,0.9886,0.5002,0.5000,0.9996,1.0000
uh_medla_eh_t1_d5c2af39_jpg.rf.nMyIUSrQbltQSr4JJwMG.jpg,5662,8442,uh_medla_eh_t1,no translation yet,0.9898,0.4999,0.4998,0.9976,0.9990
uh_medla_eh_t2_35c77409_jpg.rf.CDLcj6iYpWoZN7KISGs9.jpg,5663,8443,uh_medla_eh_t2,no translation yet,0.9849,0.5006,0.5490,0.5332,0.5295
uh_medla_eh_t3_44412b7e_jpg.rf.R8026Yr02Ye2z0szrdn0.jpg,5664,8444,uh_medla_eh_t3,no translation yet,0.9616,0.4996,0.4997,0.9983,0.9991
uh_medla_er_t3_136fe2bc_jpg.rf.c2YOjcAoIvX6TesIRzvB.jpg,5638,8420,uh_medla_er_t3,no translation yet,0.9850,0.4998,0.4999,0.9975,0.9991
uh_medla_er_t5_7cb3b602_jpg.rf.9DEge6Cp2zHS8DehnXTv.jpg,5640,8422,uh_medla_er_t5,no translation yet,0.9889,0.4996,0.4999,0.9977,0.9996
uh_medla_er_t6_3a870ea3_jpg.rf.iqE5HwcTGM9rTaoBR57g.jpg,5641,8423,uh_medla_er_t6,no translation yet,0.9893,0.4996,0.5001,0.9975,0.9985
uh_medla_oh_t5_13975087_jpg.rf.G08qePFYHgiul0MfeGVV.jpg,5660,8440,uh_medla_oh_t5,no translation yet,0.9894,0.5210,0.5348,0.5741,0.5578
uh_medla_oo_t4_31322791_jpg.rf.ZagEd9B0NRdLQGKV8uv6.jpg,5672,8451,uh_medla_oo_t4,no translation yet,0.9880,0.4998,0.5004,0.9987,0.9991
uh_medla_oo_t4_ab8ff22a_jpg.rf.93ncOFSIuILKT1ttRW4c.jpg,5672,8451,uh_medla_oo_t4,no translation yet,0.9575,0.4988,0.5345,0.7631,0.5558
uh_medla_oo_t6_b4c9b871_jpg.rf.yzUNrTago8OwP6NEkOPd.jpg,5674,8453,uh_medla_oo_t6,no translation yet,0.9885,0.5001,0.4997,0.9978,0.9994
uh_medla_u_t3_2adaddf0_jpg.rf.H42OVh5EVBTJzuRbPdGA.jpg,5677,8456,uh_medla_u_t3,no translation yet,0.9724,0.5002,0.4998,0.9979,0.9993
uh_medla_u_t4_7f6ffd3e_jpg.rf.3W8dqfqZyZLXQdQ0dBmh.jpg,5678,8457,uh_medla_u_t4,no translation yet,0.9728,0.4986,0.5346,0.7034,0.5558
uh_medla_u_t5_460e92db_jpg.rf.hYWl9xwDCuz4rntuHnNF.jpg,5679,8458,uh_medla_u_t5,no translation yet,0.9567,0.4997,0.4996,0.9985,0.9991
uh_medra_a_t1_6b9c62f6_jpg.rf.Pvyqu1eRk7MViQbEUOC0.jpg,5682,8460,uh_medra_a_t1,no translation yet,0.9711,0.5001,0.5002,0.9987,0.9996
uh_medra_a_t5_67c1a07c_jpg.rf.DxiHVVkMeObxRMTMO7TN.jpg,5686,8464,uh_medra_a_t5,no translation yet,0.9761,0.5251,0.5215,0.5777,0.5699
uh_medra_ah_t1_3bbe9ae0_jpg.rf.qa2yRK51d3wQJmeKn6Rl.jpg,5688,8466,uh_medra_ah_t1,no translation yet,0.9957,0.4999,0.4999,0.9980,0.9993
uh_medra_ah_t2_26e4e572_jpg.rf.Wl3VFfhwv4g2OPRjBaDg.jpg,5689,8467,uh_medra_ah_t2,no translation yet,0.9709,0.4999,0.5000,0.9985,0.9981
uh_medra_ah_t2_98ddcc6b_jpg.rf.8k7WWgJgrjBjJzLYGptE.jpg,5689,8467,uh_medra_ah_t2,no translation yet,0.9550,0.5052,0.5214,0.6097,0.5705
uh_medra_ay_t1_9390974f_jpg.rf.pJIXpIZcPZq59OmFk0Y7.jpg,5708,8484,uh_medra_ay_t1,no translation yet,0.9689,0.5096,0.5215,0.4439,0.5699
uh_medra_ay_t2_1abe36b2_jpg.rf.fVZlLJGfoc3aKFejvIzu.jpg,5709,8485,uh_medra_ay_t2,no translation yet,0.9685,0.4998,0.4993,0.9982,0.9979
uh_medra_ay_t2_f5ebd180_jpg.rf.keXCIDeZibqKxs4j2YoL.jpg,5709,8485,uh_medra_ay_t2,no translation yet,0.9691,0.4999,0.4992,0.9979,0.9984
uh_medra_ay_t3_da11500c_jpg.rf.Lx8CyfSlUQr0FQ8jdWmZ.jpg,5710,8486,uh_medra_ay_t3,no translation yet,0.9892,0.4997,0.5005,0.9980,0.9981
uh_medra_ee_t2_695a33dc_jpg.rf.glUMpxpz155o7vEj9Sll.jpg,5696,8473,uh_medra_ee_t2,no translation yet,0.9898,0.4998,0.5002,0.9982,0.9992
uh_medra_ee_t3_e3a08e24_jpg.rf.r8a8miYKlNTXnJ1XXQ6r.jpg,5697,8474,uh_medra_ee_t3,no translation yet,0.9882,0.5000,0.5001,0.9983,0.9997
uh_medra_ee_t5_1a04fa73_jpg.rf.h72um6GEFHF8e7AoP5JL.jpg,5699,8476,uh_medra_ee_t5,no translation yet,0.9443,0.5252,0.5216,0.5780,0.5695
uh_medra_ee_t6_a387f9d0_jpg.rf.rMGRctz3aJJ7Sx7HIePb.jpg,5700,8477,uh_medra_ee_t6,no translation yet,0.9564,0.5028,0.5217,0.5808,0.5698
uh_medra_eh_t2_00afa9ec_jpg.rf.DxPhcbw7NcSqZ8ojJ8I2.jpg,5729,8503,uh_medra_eh_t2,no translation yet,0.9563,0.4999,0.4999,0.9980,0.9994
uh_medra_eh_t2_9e602862_jpg.rf.QGTTU77QTuwPTPq5UmbU.jpg,5729,8503,uh_medra_eh_t2,no translation yet,0.9571,0.5002,0.5001,0.9982,0.9998
uh_medra_eh_t3_067c382b_jpg.rf.bVdpWVxYCZP6liImYQBW.jpg,5730,8504,uh_medra_eh_t3,no translation yet,0.9831,0.4999,0.5004,0.9981,0.9991
uh_medra_eh_t3_1560a6af_jpg.rf.TXuPm7oYZEXQb34uNTx5.jpg,5730,8504,uh_medra_eh_t3,no translation yet,0.9403,0.5083,0.5217,0.5738,0.5691
uh_medra_eh_t3_cfcbd28f_jpg.rf.UejtEfsA8QdvEVmGLFW4.jpg,5730,8504,uh_medra_eh_t3,no translation yet,0.9835,0.4999,0.4999,0.9978,0.9993
uh_medra_eh_t5_07d7ee72_jpg.rf.eJWtzcHI1y9OvtuUHyFA.jpg,5732,8506,uh_medra_eh_t5,no translation yet,0.9899,0.5001,0.5003,0.9980,0.9983
uh_medra_er_t2_185375b5_jpg.rf.wKKJfaeVCsukwCBSq7KU.jpg,5702,8479,uh_medra_er_t2,no translation yet,0.9950,0.4998,0.5001,0.9981,0.9993
uh_medra_er_t4_e7bb4886_jpg.rf.QtPl7sk2NL0KvnK9sG93.jpg,5705,8481,uh_medra_er_t4,no translation yet,0.9879,0.5033,0.5217,0.7344,0.5691
uh_medra_er_t5_9d3c4688_jpg.rf.GBkqfIDp4B945zM1b7eN.jpg,5706,8482,uh_medra_er_t5,no translation yet,0.9939,0.4993,0.4999,0.9973,0.9992
uh_medra_oh_t1_5b342f1b_jpg.rf.w1JYIKNjoANvocMd7j89.jpg,5721,8496,uh_medra_oh_t1,no translation yet,0.9871,0.5003,0.4998,0.9981,0.9997
uh_medra_oh_t1_c9183847_jpg.rf.iCPEUnW3LOt2hzvoDOGF.jpg,5721,8496,uh_medra_oh_t1,no translation yet,0.9862,0.4999,0.5003,0.9976,0.9994
uh_medra_oh_t2_e06e2f49_jpg.rf.acF8GmZTELSj84SABO61.jpg,5722,8497,uh_medra_oh_t2,no translation yet,0.9860,0.5002,0.4998,0.9988,0.9997
uh_medra_oh_t3_6c348fdc_jpg.rf.I5IIA3PBjCPiBWMsArDW.jpg,5723,8498,uh_medra_oh_t3,no translation yet,0.9858,0.5000,0.4998,0.9984,0.9996
uh_medra_oo_t2_8f0cdc9b_jpg.rf.P6a7EcODDy9Su0L8mi4i.jpg,5735,8509,uh_medra_oo_t2,no translation yet,0.9769,0.5002,0.4999,0.9992,0.9997
uh_medra_oo_t3_62467c7b_jpg.rf.vdZRZPRjlrf8taC171gb.jpg,5737,8510,uh_medra_oo_t3,no translation yet,0.9897,0.5000,0.5000,0.9990,0.9985
uh_medra_oo_t5_261ac4e3_jpg.rf.bOEASMq7tsbH01naQc8F.jpg,5739,8512,uh_medra_oo_t5,no translation yet,0.9791,0.5001,0.4998,0.9991,0.9995
uh_medra_oo_t6_634a16dd_jpg.rf.3jbKobI4s79gFcjOKkRB.jpg,5740,8513,uh_medra_oo_t6,no translation yet,0.9794,0.5000,0.5001,0.9992,0.9995
uh_medra_u_t4_ca1a988b_jpg.rf.jRfpLDRDZdd9TqQ5zLlb.jpg,5744,8517,uh_medra_u_t4,no translation yet,0.9904,0.4997,0.4997,0.9988,0.9994
uh_medra_u_t5_6404552a_jpg.rf.LpyrbKAYCsa2EJ1QLnfq.jpg,5745,8518,uh_medra_u_t5,no translation yet,0.9952,0.4998,0.4997,0.9982,0.9984
uh_medra_u_t6_71ddf39e_jpg.rf.GC4Pl6FyrqBidnQEiyW1.jpg,5746,8519,uh_medra_u_t6,no translation yet,0.9964,0.4997,0.4996,0.9978,0.9985
uh_medwa_a_t4_d45d3573_jpg.rf.9Ork96N730m8ENvgmBa7.jpg,5751,8523,uh_medwa_a_t4,no translation yet,0.9241,0.4999,0.4998,0.9988,0.9989
uh_medwa_a_t5_3a8b440f_jpg.rf.zomry2fv7sSJvMfbJpUu.jpg,5752,8524,uh_medwa_a_t5,no translation yet,0.9585,0.4999,0.5000,0.9982,0.9992
uh_medwa_ah_t2_48e7400d_jpg.rf.Xh8P6QpTneRJDYTrHumn.jpg,5755,8527,uh_medwa_ah_t2,no translation yet,0.9590,0.5000,0.4996,0.9989,0.9981
uh_medwa_ah_t3_e3f294bd_jpg.rf.dka7fEO1tpgdS9zVKjOi.jpg,5756,8528,uh_medwa_ah_t3,no translation yet,0.9175,0.5041,0.5327,0.5836,0.5526
uh_medwa_ah_t4_f89e234c_jpg.rf.CGvNMipU9g491elmKBCe.jpg,5757,8529,uh_medwa_ah_t4,no translation yet,0.9950,0.4998,0.4997,0.9980,0.9993
uh_medwa_ah_t5_dbc22ac4_jpg.rf.UZCMo2osu6OaA4cnyn1i.jpg,5759,8530,uh_medwa_ah_t5,no translation yet,0.9728,0.4999,0.5002,0.9990,0.9989
uh_medwa_aw_t1_ba79d65c_jpg.rf.ERjFfOpRoihakLMkjAQo.jpg,5781,8550,uh_medwa_aw_t1,no translation yet,0.9795,0.4998,0.4997,0.9983,0.9993
uh_medwa_aw_t2_78dda012_jpg.rf.W8TMdzZbjoq4I7lzjdDD.jpg,5782,8551,uh_medwa_aw_t2,no translation yet,0.9759,0.5010,0.5326,0.4701,0.5540
uh_medwa_aw_t4_8622d4df_jpg.rf.CDYtUB5u3BQgNekIju00.jpg,5784,8553,uh_medwa_aw_t4,no translation yet,0.9893,0.4998,0.5000,0.9985,0.9988
uh_medwa_aw_t5_4147262e_jpg.rf.ohl7rDVDN2GPGISxyzsr.jpg,5785,8554,uh_medwa_aw_t5,no translation yet,0.9907,0.5001,0.4995,0.9979,0.9976
uh_medwa_aw_t5_9838a1bc_jpg.rf.XTRK89z0WlXWYYaoyhhp.jpg,5785,8554,uh_medwa_aw_t5,no translation yet,0.9900,0.5001,0.4994,0.9983,0.9980
uh_medwa_ay_t2_4fe4ddca_jpg.rf.9lAKCDlhDPfJgYDxSJr2.jpg,5775,8545,uh_medwa_ay_t2,no translation yet,0.9721,0.5002,0.4993,0.9984,0.9976
uh_medwa_ay_t2_596c1d9b_jpg.rf.nh0GgEgSiw0yCrKhK6t4.jpg,5775,8545,uh_medwa_ay_t2,no translation yet,0.9721,0.5003,0.4993,0.9981,0.9971
uh_medwa_ay_t3_5b426ecd_jpg.rf.AimXr31Jdi1eSZU1JwSS.jpg,5776,8546,uh_medwa_ay_t3,no translation yet,0.9859,0.5001,0.5000,0.9984,0.9992
uh_medwa_ay_t4_33bbe6e8_jpg.rf.pG89pd2UIR9eKHgwyDnC.jpg,5777,8547,uh_medwa_ay_t4,no translation yet,0.9587,0.4999,0.4999,0.9983,0.9998
uh_medwa_ay_t4_d0553ff2_jpg.rf.jU6jzrHa8NpZr8XtpFLu.jpg,5777,8547,uh_medwa_ay_t4,no translation yet,0.9573,0.4999,0.4998,0.9988,0.9996
uh_medwa_ay_t5_453a3f60_jpg.rf.b1MauKEwWwTJwGamgmYK.jpg,5778,8548,uh_medwa_ay_t5,no translation yet,0.9661,0.4997,0.4998,0.9981,0.9980
uh_medwa_ay_t5_d28b025a_jpg.rf.UL9uZujDPK5oE6Vn491Z.jpg,5778,8548,uh_medwa_ay_t5,no translation yet,0.9687,0.5001,0.5003,0.9980,0.9994
uh_medwa_eh_t3_84c97356_jpg.rf.QyyYOKiDvwN0ZTX1EPX7.jpg,5796,8564,uh_medwa_eh_t3,no translation yet,0.9571,0.5001,0.4994,0.9982,0.9967
uh_medwa_er_t1_d612c91f_jpg.rf.vLIRwjwiVVuHq0LASVGq.jpg,5767,8538,uh_medwa_er_t1,no translation yet,0.9929,0.5004,0.5002,0.9985,0.9993
uh_medwa_er_t2_9e1c3cb3_jpg.rf.07GuiRnHZfy2ydTsfbmd.jpg,5768,8539,uh_medwa_er_t2,no translation yet,0.9917,0.5001,0.5000,0.9985,0.9992
uh_medwa_er_t3_810e4c0e_jpg.rf.xHzmVxJVFs4r0Jcf6n03.jpg,5770,8540,uh_medwa_er_t3,no translation yet,0.9884,0.4998,0.5001,0.9986,0.9994
uh_medwa_er_t4_644ed95a_jpg.rf.JVP4YhHrdh6RM3bvX54i.jpg,5771,8541,uh_medwa_er_t4,no translation yet,0.9554,0.4989,0.5330,0.6701,0.5517
uh_medwa_oh_t1_b2669258_jpg.rf.CUeh1mZGbfrjA2e3m59p.jpg,5787,8556,uh_medwa_oh_t1,no translation yet,0.7647,0.4980,0.5327,0.3630,0.5534
uh_medwa_oh_t4_e4d48db0_jpg.rf.S5TenTaCO5sowmf8Bmsx.jpg,5790,8559,uh_medwa_oh_t4,no translation yet,0.9834,0.5005,0.4996,0.9978,0.9975
uh_medwa_oo_t3_5402156e_jpg.rf.TkPoFdDiZ7jOApVaZo3b.jpg,5803,8570,uh_medwa_oo_t3,no translation yet,0.9944,0.5001,0.5003,0.9979,0.9988
uh_medwa_oo_t4_81ee1c2c_jpg.rf.U6apITMdtzTvkMCRggfz.jpg,5804,8571,uh_medwa_oo_t4,no translation yet,0.9952,0.4994,0.5001,0.9982,0.9996
uh_medwa_oo_t6_f64f3114_jpg.rf.jII98YBHsnsfoSYl3sPW.jpg,5806,8573,uh_medwa_oo_t6,no translation yet,0.9864,0.4998,0.5000,0.9981,0.9978
uh_medwa_u_t3_ad0aa343_jpg.rf.xPOcOm61idmV2NBVscpk.jpg,5809,8576,uh_medwa_u_t3,no translation yet,0.9734,0.4998,0.4997,0.9983,0.9986
uh_medwa_u_t4_4b8eab66_jpg.rf.gah1Gczj6FFSSEn5oRXi.jpg,5810,8577,uh_medwa_u_t4,no translation yet,0.9691,0.5001,0.5000,0.9985,0.9994
uh_medwa_u_t5_b1de5bc1_jpg.rf.VlX7tQyb2Oz0NALH11n0.jpg,5811,8578,uh_medwa_u_t5,no translation yet,0.9904,0.5000,0.4998,0.9985,0.9981
uh_medya_a_t3_1786a625_jpg.rf.HzZwN6lEXzDNJwpJkvlH.jpg,5882,8642,uh_medya_a_t3,no translation yet,0.8769,0.5040,0.6118,0.5076,0.3882
uh_medya_a_t4_e3b33e21_jpg.rf.mp1ugcd9w4KS664NTj86.jpg,5883,8643,uh_medya_a_t4,no translation yet,0.9381,0.5000,0.4998,0.9983,0.9990
uh_medya_a_t5_b01e163a_jpg.rf.UyC1cV2OYpsKz3uT8iPZ.jpg,5884,8644,uh_medya_a_t5,no translation yet,0.9048,0.4997,0.4994,0.9979,0.9980
uh_medya_ah_t1_6e3baed3_jpg.rf.pSWRh9LQR6dikJXJLErF.jpg,5886,8646,uh_medya_ah_t1,no translation yet,0.9853,0.5003,0.4997,0.9990,0.9983
uh_medya_ah_t4_65e60f89_jpg.rf.JEl4OxHdsccXx6xgBc60.jpg,5889,8649,uh_medya_ah_t4,no translation yet,0.9793,0.4987,0.5308,0.6435,0.5500
uh_medya_ah_t5_1ab02f5f_jpg.rf.Vg71314NIi9d0w3C9NtQ.jpg,5891,8650,uh_medya_ah_t5,no translation yet,0.9727,0.4999,0.5003,0.9986,0.9983
uh_medya_aw_t1_fcf6ef32_jpg.rf.66pE5SZSta9NbkxmZTO2.jpg,5913,8670,uh_medya_aw_t1,no translation yet,0.9725,0.5000,0.5000,0.9987,1.0000
uh_medya_aw_t4_a1e4e504_jpg.rf.LQpJ3XLObs8lacO8d3f5.jpg,5916,8673,uh_medya_aw_t4,no translation yet,0.9436,0.4985,0.5310,0.5684,0.5496
uh_medya_aw_t5_5fc02f91_jpg.rf.nZUhl1PWQivBp5ZFux8I.jpg,5917,8674,uh_medya_aw_t5,no translation yet,0.9924,0.4997,0.5000,0.9977,0.9996
uh_medya_ay_t1_af827f0d_jpg.rf.T9ijWs1JLfksGD3oQi30.jpg,5906,8664,uh_medya_ay_t1,no translation yet,0.9873,0.5006,0.4998,0.9984,0.9995
uh_medya_ay_t1_e78df02d_jpg.rf.uRtde0Wylx7RKsYvjEPN.jpg,5906,8664,uh_medya_ay_t1,no translation yet,0.9924,0.5002,0.5003,0.9983,0.9988
uh_medya_ay_t2_814fa02f_jpg.rf.sGdhNuqK1UQ6s3eJC3GL.jpg,5907,8665,uh_medya_ay_t2,no translation yet,0.9850,0.5001,0.5002,0.9988,0.9995
uh_medya_ay_t5_84cc965a_jpg.rf.ADKSksGLbOqWXqqqSUpJ.jpg,5910,8668,uh_medya_ay_t5,no translation yet,0.9744,0.5000,0.5001,0.9979,0.9998
uh_medya_ay_t6_35950407_jpg.rf.78qIkfa90S3QoeFD5m80.jpg,5911,8669,uh_medya_ay_t6,no translation yet,0.9862,0.5002,0.4998,0.9988,0.9987
uh_medya_ee_t2_c591bb85_jpg.rf.1CVD2V3So12iJvY2J5TD.jpg,5894,8653,uh_medya_ee_t2,no translation yet,0.9845,0.5002,0.5000,0.9985,1.0000
uh_medya_eh_t6_0cdc8b12_jpg.rf.uGUuregCzBmBVz5lkoM5.jpg,5931,8687,uh_medya_eh_t6,no translation yet,0.9629,0.4998,0.4995,0.9981,0.9979
uh_medya_er_t1_d931c562_jpg.rf.EbgXsmRG1KZ5cUhnyR8u.jpg,5899,8658,uh_medya_er_t1,no translation yet,0.9812,0.4977,0.6118,0.4604,0.3878
uh_medya_er_t2_256e3fe1_jpg.rf.AVNoujvllbUpEg0LImDY.jpg,5900,8659,uh_medya_er_t2,no translation yet,0.9894,0.4999,0.4999,0.9975,0.9996
uh_medya_er_t2_b67d0f2a_jpg.rf.DXNRuGMKgMk2AE9tNPNq.jpg,5900,8659,uh_medya_er_t2,no translation yet,0.9886,0.4998,0.5002,0.9981,0.9994
uh_medya_er_t4_68abb6d0_jpg.rf.l4uxXQQb4SVHgcSxQCj1.jpg,5903,8661,uh_medya_er_t4,no translation yet,0.9521,0.4988,0.5316,0.6698,0.5486
uh_medya_er_t6_3c9c2da5_jpg.rf.TlPwnwU6XMXrJqw9OpFO.jpg,5905,8663,uh_medya_er_t6,no translation yet,0.9677,0.5000,0.5001,0.9983,0.9994
uh_medya_oh_t3_0cb00bf9_jpg.rf.MTZgeapI34jGegm6DEag.jpg,5921,8678,uh_medya_oh_t3,no translation yet,0.9589,0.4994,0.5001,0.9981,0.9981
uh_medya_oh_t5_d09c0d2f_jpg.rf.T7vqarT1YhPgRg66n8DM.jpg,5924,8680,uh_medya_oh_t5,no translation yet,0.9761,0.5002,0.4995,0.9982,0.9981
uh_medya_oh_t6_db30612d_jpg.rf.gmYyWr4Yll05kgwHaoVx.jpg,5925,8681,uh_medya_oh_t6,no translation yet,0.9518,0.4996,0.5000,0.9979,0.9981
uh_medya_oo_t1_ecd66359_jpg.rf.FmUC308VfVOws6KKrv0O.jpg,5932,8688,uh_medya_oo_t1,no translation yet,0.9836,0.5003,0.5002,0.9987,0.9992
uh_medya_oo_t1_fa25ea90_jpg.rf.1g53LJpOTb2wQhTApEEj.jpg,5932,8688,uh_medya_oo_t1,no translation yet,0.9822,0.5002,0.5000,0.9987,0.9998
uh_medya_oo_t5_187d0212_jpg.rf.R4gcQQvZGbZQz0u3YYcK.jpg,5937,8692,uh_medya_oo_t5,no translation yet,0.9728,0.5212,0.5310,0.6398,0.5507
uh_medya_oo_t6_767f8372_jpg.rf.XvhJWA7E6DdUZ2chupgf.jpg,5938,8693,uh_medya_oo_t6,no translation yet,0.9785,0.4999,0.4997,0.9985,0.9995
uh_medya_oo_t6_772ffa49_jpg.rf.9kCXJHp4BWcbgA7dwgUV.jpg,5938,8693,uh_medya_oo_t6,no translation yet,0.9790,0.4999,0.4999,0.9984,0.9998
uh_medya_u_t3_1b60303a_jpg.rf.1UXMXFXYGcuJhSvfFpbr.jpg,5941,8696,uh_medya_u_t3,no translation yet,0.9860,0.5000,0.4998,0.9988,0.9993
uh_medya_u_t5_0b2db4d0_jpg.rf.NKvokUpDTIo4dZnLglP8.jpg,5943,8698,uh_medya_u_t5,no translation yet,0.9788,0.5004,0.4996,0.9991,0.9991
uh_medya_u_t5_76a48bda_jpg.rf.8YmFAt41v5iTTG1EShEV.jpg,5943,8698,uh_medya_u_t5,no translation yet,0.9795,0.5003,0.5000,0.9986,0.9991
uh_medya_u_t6_3ef3fd94_jpg.rf.byoDd1p2Jp4nz2aeLqUN.jpg,5944,8699,uh_medya_u_t6,no translation yet,0.9804,0.4999,0.5001,0.9986,0.9992
uh_oh_t5_480c3324_jpg.rf.XukU8dzaQJnnOa50yfhX.jpg,406,1420,uh_oh_t5,no translation yet,0.9904,0.5000,0.4997,0.9984,0.9988
uh_oh_t6_247539c6_jpg.rf.oarXhP0o8NV16F64SFKG.jpg,407,1421,uh_oh_t6,no translation yet,0.9628,0.4985,0.4517,0.5150,0.3911
uh_oh_t6_7894249f_jpg.rf.Sq7e9Xab6xhZDsdGiU8c.jpg,407,1421,uh_oh_t6,no translation yet,0.9688,0.5001,0.4999,0.9987,0.9992
uh_oo_t3_b1790a3d_jpg.rf.sp7GsIZWedezTtssJXFI.jpg,417,1430,uh_oo_t3,no translation yet,0.7583,0.5041,0.6118,0.5076,0.3879
uh_oo_t5_2fe5d82d_jpg.rf.bQGCpQIEavCS4z8IeYeV.jpg,419,1432,uh_oo_t5,no translation yet,0.6808,0.5224,0.5309,0.5097,0.5504
uh_oo_t5_d1396e83_jpg.rf.fbPj8MYq3CA8MMyIajCv.jpg,419,1432,uh_oo_t5,no translation yet,0.8526,0.5003,0.5001,0.9991,0.9998
uh_u_t2_42460bca_jpg.rf.qo1Wlbv9cfTOnNPzd7zi.jpg,5815,8581,uh_medgha_a_t2,no translation yet,0.6382,0.4997,0.5001,0.9983,0.9992
uh_u_t3_9404bbb9_jpg.rf.YZgKaYONAdqNgfeR15WQ.jpg,423,1436,uh_u_t3,no translation yet,0.4867,0.5042,0.6120,0.5083,0.3887
uh_u_t5_267fc098_jpg.rf.vzb1gCMrvVJSx2lGbbWH.jpg,5818,8584,uh_medgha_a_t5,no translation yet,0.7449,0.4998,0.4997,0.9991,0.9989
uh_u_t5_a15c7d66_jpg.rf.dey4R3dfp59IqhA56ygU.jpg,5818,8584,uh_medgha_a_t5,no translation yet,0.7211,0.4998,0.4997,0.9987,0.9986
uhh_a_t1_c9674ac9_jpg.rf.HhxKBPmvZBDfsCCFOWQJ.jpg,428,1440,uhh_a_t1,no translation yet,0.9903,0.5002,0.5000,0.9982,1.0000
uhh_a_t3_c78b28b0_jpg.rf.rdH6gKPfxdzoZ9GHmYiK.jpg,430,1442,uhh_a_t3,no translation yet,0.9765,0.5057,0.5321,0.3611,0.2306
uhh_a_t4_f4c44b78_jpg.rf.i5z5tFxJb22eomL8Ll5o.jpg,431,1443,uhh_a_t4,no translation yet,0.9858,0.4999,0.5000,0.9979,0.9999
uhh_a_t5_bc0d2daf_jpg.rf.UtqgfFRsngAZNrTSXyDO.jpg,432,1444,uhh_a_t5,no translation yet,0.9942,0.5006,0.5000,0.9979,1.0000
uhh_ah_t1_3c9837eb_jpg.rf.k8ufie0X2Rb6Qu38WlQD.jpg,434,1446,uhh_ah_t1,no translation yet,0.9882,0.4986,0.4517,0.2898,0.3915
uhh_ah_t4_644753d2_jpg.rf.EU9EMJNVvc0ERngddfz0.jpg,437,1449,uhh_ah_t4,no translation yet,0.9939,0.5000,0.5003,0.9987,0.9994
uhh_aw_t3_9a8b2d56_jpg.rf.SQXBrCHsWCXq8KIthCe3.jpg,463,1472,uhh_aw_t3,no translation yet,0.9792,0.5061,0.4515,0.3608,0.3917
uhh_aw_t4_1924a837_jpg.rf.AlVvnXIyf9kXsKAtBVkX.jpg,464,1473,uhh_aw_t4,no translation yet,0.9428,0.5002,0.4999,0.9983,0.9997
uhh_aw_t4_7736a558_jpg.rf.fWiq042fUQqUajzNoT96.jpg,464,1473,uhh_aw_t4,no translation yet,0.9196,0.4999,0.5311,0.4229,0.5501
uhh_aw_t4_faf45763_jpg.rf.CzDlVt4TE1y6BB8iixbj.jpg,464,1473,uhh_aw_t4,no translation yet,0.9487,0.5000,0.4997,0.9978,0.9994
uhh_ay_t4_64e2ecab_jpg.rf.ccKAfdCoa7ykPFzmg4uF.jpg,457,1467,uhh_ay_t4,no translation yet,0.9554,0.5004,0.5322,0.4230,0.5507
uhh_ee_t4_41e0fa25_jpg.rf.WPcs3zPrk2kgkYOaO92h.jpg,444,1455,uhh_ee_t4,no translation yet,0.9710,0.5002,0.4999,0.9982,0.9996
uhh_ee_t4_57b54828_jpg.rf.5VcDJHuftKSibo6X5XBz.jpg,444,1455,uhh_ee_t4,no translation yet,0.9700,0.5002,0.5000,0.9981,0.9998
uhh_eh_t1_5634b710_jpg.rf.VbTsBMpoMSYRhGptJhJt.jpg,474,1482,uhh_eh_t1,no translation yet,0.9875,0.5002,0.4993,0.9979,0.9985
uhh_eh_t2_7091c242_jpg.rf.sst1pYRetIkjTSXouWiw.jpg,475,1483,uhh_eh_t2,no translation yet,0.9811,0.4999,0.4994,0.9975,0.9982
uhh_er_t2_c8921482_jpg.rf.i1ngRCKkpg7GWe3vA9ay.jpg,448,1459,uhh_er_t2,no translation yet,0.9938,0.5001,0.5002,0.9989,0.9996
uhh_er_t4_7ed019dd_jpg.rf.4IoHlMGQYYpTF5QiOpuJ.jpg,451,1461,uhh_er_t4,no translation yet,0.9497,0.4996,0.5325,0.5254,0.5517
uhh_medgha_a_t3_0b176399_jpg.rf.7uoPRsqEXrnYyXCsJMm5.jpg,6146,8882,uhh_medgha_a_t3,no translation yet,0.4942,0.5001,0.5001,0.9989,0.9995
uhh_medgha_a_t4_5133e14e_jpg.rf.3xj0pjNBFoHLlK1EWnx7.jpg,6147,8883,uhh_medgha_a_t4,no translation yet,0.7999,0.5004,0.5001,0.9987,0.9999
uhh_medgha_a_t5_09fa059e_jpg.rf.LPavHIDaZyGU1nfwFQRE.jpg,491,1498,uhh_u_t5,no translation yet,0.4792,0.5004,0.4999,0.9992,0.9994
uhh_medgha_a_t5_09fa059e_jpg.rf.LPavHIDaZyGU1nfwFQRE.jpg,6148,8884,uhh_medgha_a_t5,no translation yet,0.4340,0.5004,0.4999,0.9988,0.9997
uhh_medgha_a_t6_6d65dbc7_jpg.rf.acSIPfRCvDm7uO5pzOZK.jpg,492,1499,uhh_u_t6,no translation yet,0.5011,0.5001,0.4997,0.9992,0.9990
uhh_medgha_ah_t1_d53fcec7_jpg.rf.eReFOvAVEwQvctlDK0y2.jpg,6150,8886,uhh_medgha_ah_t1,no translation yet,0.9789,0.5004,0.5000,0.9983,1.0000
uhh_medgha_ah_t2_1e02caa1_jpg.rf.1kAzDWfY9NmJ1KRFk4bt.jpg,6151,8887,uhh_medgha_ah_t2,no translation yet,0.9617,0.5003,0.5000,0.9983,1.0000
uhh_medgha_ah_t2_fe210c5b_jpg.rf.0KEq64stbxswzOzMowob.jpg,6151,8887,uhh_medgha_ah_t2,no translation yet,0.9640,0.5000,0.5002,0.9984,0.9996
uhh_medgha_ah_t3_293d547d_jpg.rf.bsw0b8aQ81W9ghFCzMe6.jpg,6152,8888,uhh_medgha_ah_t3,no translation yet,0.9502,0.5003,0.5001,0.9991,0.9997
uhh_medgha_aw_t3_c38d37e2_jpg.rf.OmXtqcF5vhYHZuVdfYHI.jpg,6179,8912,uhh_medgha_aw_t3,no translation yet,0.9779,0.5001,0.5001,0.9982,0.9998
uhh_medgha_aw_t5_08a3a971_jpg.rf.jJbyWqpOpzbje5cK2V3z.jpg,6181,8914,uhh_medgha_aw_t5,no translation yet,0.9852,0.5002,0.4995,0.9974,0.9990
uhh_medgha_aw_t6_d9f56430_jpg.rf.0ziSFxVC9fwU5T3jNok4.jpg,6182,8915,uhh_medgha_aw_t6,no translation yet,0.9747,0.5001,0.5310,0.3690,0.5501
uhh_medgha_ay_t4_1e3fba67_jpg.rf.KluKhd8fXnjo150kRand.jpg,6173,8907,uhh_medgha_ay_t4,no translation yet,0.9476,0.5002,0.5317,0.4225,0.5500
uhh_medgha_ee_t1_a047c542_jpg.rf.gSHHCJDf1XjkRz1mKO6L.jpg,6157,8892,uhh_medgha_ee_t1,no translation yet,0.9680,0.5003,0.5000,0.9979,0.9991
uhh_medgha_ee_t3_a1ae6878_jpg.rf.PhWrmSMTfKes4PwvF2Tb.jpg,6159,8894,uhh_medgha_ee_t3,no translation yet,0.9850,0.5004,0.5001,0.9987,0.9998
uhh_medgha_ee_t3_cdbaaf10_jpg.rf.AMDmS1YgdaLewGvvCjjv.jpg,6159,8894,uhh_medgha_ee_t3,no translation yet,0.9715,0.5060,0.5596,0.3621,0.4933
uhh_medgha_eh_t1_5e6f28cf_jpg.rf.1ezMO7YStHgyXNElWYUF.jpg,6190,8922,uhh_medgha_eh_t1,no translation yet,0.9853,0.5005,0.5000,0.9981,1.0000
uhh_medgha_eh_t3_f912230f_jpg.rf.dwyYSakbyxhmVa3B7nG1.jpg,6192,8924,uhh_medgha_eh_t3,no translation yet,0.9657,0.5005,0.4999,0.9989,0.9999
uhh_medgha_eh_t4_d0a86e1e_jpg.rf.kZLIFnA7asdnJpWoXBFQ.jpg,6193,8925,uhh_medgha_eh_t4,no translation yet,0.9632,0.5006,0.4994,0.9979,0.9983
uhh_medgha_eh_t5_ec814c12_jpg.rf.fyTeyHc9tQqOopzB4tLr.jpg,6194,8926,uhh_medgha_eh_t5,no translation yet,0.9835,0.5003,0.5000,0.9980,1.0000
uhh_medgha_er_t1_105a3bce_jpg.rf.A5ola1ncoR28XXkMiYYw.jpg,6163,8898,uhh_medgha_er_t1,no translation yet,0.9745,0.5005,0.4999,0.9987,0.9998
uhh_medgha_er_t2_1fa27502_jpg.rf.n7s7vkM2d7KHvThHoVaB.jpg,6164,8899,uhh_medgha_er_t2,no translation yet,0.9566,0.5000,0.5001,0.9986,0.9994
uhh_medgha_er_t2_ea8e0dc3_jpg.rf.cqGTymz9J6DNzBFufLrE.jpg,6164,8899,uhh_medgha_er_t2,no translation yet,0.9233,0.5020,0.6121,0.4271,0.3894
uhh_medgha_er_t3_5e537d04_jpg.rf.gLb1xv9mAKRfgiymUxUa.jpg,6166,8900,uhh_medgha_er_t3,no translation yet,0.9322,0.5002,0.5002,0.9996,0.9996
uhh_medgha_er_t3_76922515_jpg.rf.CKKw4rLpvUN6VR3x3VE9.jpg,6166,8900,uhh_medgha_er_t3,no translation yet,0.9429,0.5002,0.5001,0.9996,0.9996
uhh_medgha_er_t6_ab000760_jpg.rf.TkoApUBbdKaL8oxUL9eL.jpg,6169,8903,uhh_medgha_er_t6,no translation yet,0.9396,0.5005,0.5314,0.4709,0.5496
uhh_medgha_oh_t1_5bcd3535_jpg.rf.iBfOp3412GNx6Hfidptt.jpg,6183,8916,uhh_medgha_oh_t1,no translation yet,0.9723,0.5005,0.4997,0.9980,0.9986
uhh_medgha_oh_t3_6f2a6eeb_jpg.rf.OWNJknuIuFwruUhb1URP.jpg,6185,8918,uhh_medgha_oh_t3,no translation yet,0.9489,0.5002,0.5000,0.9981,0.9999
uhh_medgha_oh_t3_d336b78a_jpg.rf.ibz0DI7xRYmw6HtQUaVi.jpg,6185,8918,uhh_medgha_oh_t3,no translation yet,0.9513,0.5002,0.5001,0.9978,0.9998
uhh_medgha_oh_t5_0c3046b9_jpg.rf.6DXstbHUc78fClk8Whlv.jpg,6188,8920,uhh_medgha_oh_t5,no translation yet,0.9756,0.5003,0.5000,0.9984,1.0000
uhh_medgha_oh_t5_25397d9e_jpg.rf.5xSAYs6vpibb9lu8MCMT.jpg,6188,8920,uhh_medgha_oh_t5,no translation yet,0.9763,0.5004,0.4996,0.9980,0.9990
uhh_medgha_oh_t6_e006ae32_jpg.rf.UtGMsJgiCswfLR9wafYu.jpg,6189,8921,uhh_medgha_oh_t6,no translation yet,0.9804,0.4996,0.5001,0.9973,0.9997
uhh_medgha_oo_t2_347d528e_jpg.rf.EdyBkIkgG3kAbcMelxmy.jpg,6197,8929,uhh_medgha_oo_t2,no translation yet,0.9914,0.5000,0.5003,0.9977,0.9993
uhh_medgha_oo_t3_8d5ec89d_jpg.rf.YQVKjLZu1eBMbZ7a1rFL.jpg,6199,8930,uhh_medgha_oo_t3,no translation yet,0.9936,0.5001,0.5000,0.9982,1.0000
uhh_medgha_oo_t5_c8588793_jpg.rf.lV8jYA4NZdTJDmzMxef0.jpg,6201,8932,uhh_medgha_oo_t5,no translation yet,0.9929,0.5002,0.5000,0.9982,1.0000
uhh_medgha_u_t2_7bad8937_jpg.rf.IpxgPHprsnVnHpeIdqbA.jpg,6204,8935,uhh_medgha_u_t2,no translation yet,0.9593,0.5006,0.5001,0.9973,0.9998
uhh_medgha_u_t4_0d92c07c_jpg.rf.zhaLZSqOzUHcym0wQf5o.jpg,6206,8937,uhh_medgha_u_t4,no translation yet,0.7003,0.5001,0.5312,0.4212,0.5493
uhh_medgha_u_t4_e2e54cc9_jpg.rf.fXX5EOdc9RaM66Nm0Gg3.jpg,6206,8937,uhh_medgha_u_t4,no translation yet,0.8073,0.5005,0.5002,0.9982,0.9997
uhh_medgha_u_t6_1bdd62dd_jpg.rf.e4QyKf25H5e8xpkkB1HE.jpg,6208,8939,uhh_medgha_u_t6,no translation yet,0.9362,0.5002,0.4999,0.9978,0.9998
uhh_medla_a_t1_631e4cf1_jpg.rf.x55sCjeBui9gDnlb95kv.jpg,5946,8700,uhh_medla_a_t1,no translation yet,0.9181,0.4979,0.6156,0.2742,0.3965
uhh_medla_ah_t1_deb1578b_jpg.rf.p0pFiIICY67NT8a4l03K.jpg,5952,8706,uhh_medla_ah_t1,no translation yet,0.9863,0.5002,0.5001,0.9987,0.9998
uhh_medla_ah_t3_61d60919_jpg.rf.AxkHFylPr2jMT0Y4GcSA.jpg,5954,8708,uhh_medla_ah_t3,no translation yet,0.9885,0.5000,0.5003,0.9987,0.9988
uhh_medla_ah_t4_d022ed87_jpg.rf.q0PCC86sl5KxMGnoeUxz.jpg,5955,8709,uhh_medla_ah_t4,no translation yet,0.9861,0.4999,0.4998,0.9979,0.9993
uhh_medla_aw_t1_ca5b7e33_jpg.rf.6cT4oM5V3TGoQqv3d6r9.jpg,5979,8730,uhh_medla_aw_t1,no translation yet,0.9922,0.5001,0.4996,0.9985,0.9988
uhh_medla_aw_t1_dc140746_jpg.rf.bBhXowjNLyqHfkM6qjLP.jpg,5979,8730,uhh_medla_aw_t1,no translation yet,0.9819,0.4985,0.5349,0.2760,0.5587
uhh_medla_aw_t2_2ed42fc3_jpg.rf.bEv6KBZVKJTLMkNS1e6O.jpg,5980,8731,uhh_medla_aw_t2,no translation yet,0.9783,0.5003,0.5000,0.9982,0.9999
uhh_medla_aw_t3_e1ef922f_jpg.rf.LF8yILI1M4UMgFjQQlxL.jpg,5981,8732,uhh_medla_aw_t3,no translation yet,0.9716,0.5002,0.4998,0.9984,0.9996
uhh_medla_aw_t5_effc4427_jpg.rf.XAEwOpZhBnL3wClBNaih.jpg,5983,8734,uhh_medla_aw_t5,no translation yet,0.9758,0.5000,0.5001,0.9984,0.9999
uhh_medla_ay_t3_4cf7a584_jpg.rf.CIWzkZ3vP7qIhanzsbXd.jpg,5974,8726,uhh_medla_ay_t3,no translation yet,0.9766,0.5000,0.5002,0.9983,0.9996
uhh_medla_ay_t5_53b6b673_jpg.rf.hDVgaeUl0aCIDWuU2P1K.jpg,5976,8728,uhh_medla_ay_t5,no translation yet,0.9885,0.5000,0.5003,0.9985,0.9993
uhh_medla_ay_t5_82c37068_jpg.rf.R0NTeG1ueAfxcurT5O4I.jpg,5976,8728,uhh_medla_ay_t5,no translation yet,0.9857,0.5001,0.5000,0.9982,0.9994
uhh_medla_ee_t2_acf2e892_jpg.rf.1AUOp8NaYJpHO0tYxgr4.jpg,5960,8713,uhh_medla_ee_t2,no translation yet,0.9945,0.5002,0.5001,0.9986,0.9997
uhh_medla_ee_t3_1fe5a9fe_jpg.rf.bwxwiR0YS0HlQUvLKuID.jpg,5961,8714,uhh_medla_ee_t3,no translation yet,0.9618,0.4997,0.4994,0.9988,0.9983
uhh_medla_ee_t6_0c0c5364_jpg.rf.vJrFfGhANJ42aQuREwyK.jpg,5964,8717,uhh_medla_ee_t6,no translation yet,0.9695,0.5001,0.5000,0.9982,0.9995
uhh_medla_eh_t4_5476854e_jpg.rf.ceQiD7DLgPfsAQf12dA3.jpg,5995,8745,uhh_medla_eh_t4,no translation yet,0.9717,0.5000,0.5003,0.9980,0.9991
uhh_medla_eh_t5_91aaa81d_jpg.rf.ads5z23z9WuLmhuD6FSv.jpg,5996,8746,uhh_medla_eh_t5,no translation yet,0.9787,0.5001,0.5001,0.9985,0.9999
uhh_medla_eh_t6_de83c7fd_jpg.rf.L5UGKfVfcY6v7KzwrNd7.jpg,5997,8747,uhh_medla_eh_t6,no translation yet,0.9714,0.5002,0.4998,0.9982,0.9993
uhh_medla_er_t3_0f5960cc_jpg.rf.UXcDda0pBit0Uj9FyNgm.jpg,5968,8720,uhh_medla_er_t3,no translation yet,0.9504,0.5000,0.4999,0.9996,0.9995
uhh_medla_er_t4_c525f243_jpg.rf.5zjvCYW3KRFXfTsyQTTR.jpg,5969,8721,uhh_medla_er_t4,no translation yet,0.9607,0.4996,0.4998,0.9982,0.9997
uhh_medla_er_t6_05965a69_jpg.rf.OVmXdTMAxrXdrk47ReSV.jpg,5971,8723,uhh_medla_er_t6,no translation yet,0.9669,0.5000,0.4998,0.9987,0.9994
uhh_medla_oh_t2_01e37f7c_jpg.rf.5o820kV59jM5IK2ZIWvm.jpg,5986,8737,uhh_medla_oh_t2,no translation yet,0.9879,0.5001,0.5001,0.9979,0.9999
uhh_medla_oh_t3_bd1b07f0_jpg.rf.xWMD4A0hgWwmFrompzmQ.jpg,5987,8738,uhh_medla_oh_t3,no translation yet,0.9932,0.5000,0.5000,0.9985,0.9995
uhh_medla_oh_t4_e5c16f62_jpg.rf.LzCVsfh8XmkwK5jBKIAx.jpg,5988,8739,uhh_medla_oh_t4,no translation yet,0.9555,0.5002,0.4992,0.9974,0.9975
uhh_medla_oh_t5_4635c4ff_jpg.rf.H4VkOYLBidNufyfYCVIM.jpg,5990,8740,uhh_medla_oh_t5,no translation yet,0.9854,0.4999,0.4997,0.9978,0.9986
uhh_medla_oo_t1_f8907aee_jpg.rf.2r1qmy6PoCAMDxwo7ueR.jpg,5998,8748,uhh_medla_oo_t1,no translation yet,0.9688,0.5154,0.6153,0.4416,0.3960
uhh_medla_oo_t3_eed2951b_jpg.rf.8fvTqEpo3mVKrBzxrnWc.jpg,6001,8750,uhh_medla_oo_t3,no translation yet,0.9890,0.5000,0.5000,0.9992,0.9991
uhh_medla_oo_t5_bb2b492b_jpg.rf.e6gyqiR4l17sc8LrzstG.jpg,6003,8752,uhh_medla_oo_t5,no translation yet,0.9776,0.5002,0.5000,0.9990,1.0000
uhh_medla_u_t1_3d947cd2_jpg.rf.uLaUST00mgO8VRmU80Xe.jpg,6005,8754,uhh_medla_u_t1,no translation yet,0.9415,0.5004,0.5000,0.9988,0.9996
uhh_medla_u_t3_efc289cc_jpg.rf.W66KFpq4r6mZh7O1gNcz.jpg,6007,8756,uhh_medla_u_t3,no translation yet,0.9817,0.5001,0.5002,0.9989,0.9995
uhh_medla_u_t4_8de53b35_jpg.rf.cX1pyXSektxB3t7hzBQ7.jpg,6008,8757,uhh_medla_u_t4,no translation yet,0.8711,0.5000,0.5344,0.5578,0.5560
uhh_medla_u_t6_f6642b2a_jpg.rf.K57KxBMdl5jZ2XDkzDGY.jpg,6010,8759,uhh_medla_u_t6,no translation yet,0.9673,0.5002,0.5000,0.9981,0.9995
uhh_medra_a_t3_85ea4ca2_jpg.rf.JJ3MLfs4mJw8i1vLqqM5.jpg,6014,8762,uhh_medra_a_t3,no translation yet,0.9569,0.5001,0.4994,0.9986,0.9980
uhh_medra_ah_t1_ad12ebc3_jpg.rf.mzgEJPOxd2I5cvtwrnKp.jpg,6018,8766,uhh_medra_ah_t1,no translation yet,0.9702,0.5004,0.4997,0.9989,0.9991
uhh_medra_ah_t2_892f44bd_jpg.rf.zQ5PmNpQhSGq3Qcy6DsE.jpg,6019,8767,uhh_medra_ah_t2,no translation yet,0.9761,0.5048,0.5215,0.4668,0.5706
uhh_medra_ah_t2_9d6fdd89_jpg.rf.BBlFFIhiSE2WyhuP1udM.jpg,6019,8767,uhh_medra_ah_t2,no translation yet,0.9858,0.5001,0.5000,0.9989,1.0000
uhh_medra_ah_t6_5344577d_jpg.rf.H091I8vDZNya7jrL7Gom.jpg,6024,8771,uhh_medra_ah_t6,no translation yet,0.9655,0.5021,0.5219,0.5131,0.5688
uhh_medra_aw_t1_ea0c1a08_jpg.rf.kyIdeckWdbVq2FdpwHP9.jpg,6045,8790,uhh_medra_aw_t1,no translation yet,0.9676,0.5071,0.5213,0.2959,0.5708
uhh_medra_aw_t2_f9ecfc55_jpg.rf.iNnGmzRA64jcBvqqaPHV.jpg,6046,8791,uhh_medra_aw_t2,no translation yet,0.9763,0.5051,0.5215,0.3932,0.5715
uhh_medra_aw_t3_aeb1c681_jpg.rf.3T4eQA8e5z8dJhtnMLDB.jpg,6047,8792,uhh_medra_aw_t3,no translation yet,0.9671,0.5073,0.5214,0.4322,0.5705
uhh_medra_aw_t4_01d60ed1_jpg.rf.z4dXVNUnX39YpTjSIdbz.jpg,6048,8793,uhh_medra_aw_t4,no translation yet,0.9922,0.4999,0.4997,0.9984,0.9992
uhh_medra_aw_t5_28263d53_jpg.rf.ZJ93mMEOLj1fATE5MPVn.jpg,6049,8794,uhh_medra_aw_t5,no translation yet,0.9653,0.4998,0.4996,0.9985,0.9986
uhh_medra_aw_t6_03908d19_jpg.rf.WWF00whxSB0hJT341585.jpg,6050,8795,uhh_medra_aw_t6,no translation yet,0.9653,0.4998,0.5000,0.9989,0.9999
uhh_medra_ay_t3_2e1750b6_jpg.rf.tWuyJeL3zbQ9xiL1gjKD.jpg,6040,8786,uhh_medra_ay_t3,no translation yet,0.9579,0.5073,0.5215,0.4333,0.5697
uhh_medra_ay_t6_0da3defa_jpg.rf.nfsA3JS4Nmicwq5w9F92.jpg,6043,8789,uhh_medra_ay_t6,no translation yet,0.9850,0.5004,0.4998,0.9987,0.9994
uhh_medra_ee_t1_7933d2b0_jpg.rf.bdrnMoe2jRNfpf4BYjOd.jpg,6025,8772,uhh_medra_ee_t1,no translation yet,0.9571,0.5079,0.5217,0.2978,0.5701
uhh_medra_ee_t1_96ca8224_jpg.rf.i9P8zRFFO3LhJBnHE00j.jpg,6025,8772,uhh_medra_ee_t1,no translation yet,0.9838,0.5003,0.4998,0.9987,0.9991
uhh_medra_ee_t3_94be8b8d_jpg.rf.6xOflgpvnME1PQXcl5KT.jpg,6027,8774,uhh_medra_ee_t3,no translation yet,0.9747,0.5002,0.4999,0.9987,0.9985
uhh_medra_ee_t5_a00be79a_jpg.rf.MNTtN8lEttJOO94iiKcN.jpg,6029,8776,uhh_medra_ee_t5,no translation yet,0.9846,0.5000,0.5000,0.9981,1.0000
uhh_medra_ee_t6_de6a57d5_jpg.rf.kAAN38Y392gz736BuUbc.jpg,6030,8777,uhh_medra_ee_t6,no translation yet,0.9896,0.5001,0.5001,0.9993,0.9998
uhh_medra_eh_t1_5e0032ea_jpg.rf.bDYDBXQeQtwlU0zinJfB.jpg,6058,8802,uhh_medra_eh_t1,no translation yet,0.9819,0.5001,0.5000,0.9988,1.0000
uhh_medra_eh_t2_ca2221aa_jpg.rf.8NPd1rUWOPFC2LiI1p10.jpg,6059,8803,uhh_medra_eh_t2,no translation yet,0.9896,0.5002,0.5000,0.9983,0.9999
uhh_medra_eh_t3_4b3fd80c_jpg.rf.aKnoyIXHGsCGbGgWOV9i.jpg,6060,8804,uhh_medra_eh_t3,no translation yet,0.9815,0.5003,0.5000,0.9987,0.9999
uhh_medra_eh_t4_2b40aef1_jpg.rf.if9s8furVy8UnUZEZyyI.jpg,6061,8805,uhh_medra_eh_t4,no translation yet,0.9546,0.5003,0.4991,0.9985,0.9971
uhh_medra_eh_t5_d4cb2e11_jpg.rf.YwXa5IpqoqOr8mzB33gl.jpg,6062,8806,uhh_medra_eh_t5,no translation yet,0.9736,0.5001,0.4996,0.9987,0.9987
uhh_medra_eh_t5_eb9decff_jpg.rf.s0GYB5GAkdpLRJPAZ2GZ.jpg,6062,8806,uhh_medra_eh_t5,no translation yet,0.9600,0.5259,0.5219,0.4340,0.5713
uhh_medra_eh_t6_2e744b1e_jpg.rf.0cSrQfIw24LcjJeJOBTk.jpg,6063,8807,uhh_medra_eh_t6,no translation yet,0.9777,0.5001,0.5001,0.9988,0.9999
uhh_medra_er_t2_86f9ea3e_jpg.rf.mqWahny9dZmkZFrpgk2Z.jpg,6032,8779,uhh_medra_er_t2,no translation yet,0.9726,0.5004,0.5000,0.9992,0.9997
uhh_medra_er_t5_09aaaef1_jpg.rf.r8RtHKZo1LmSuvZ5SRkU.jpg,6036,8782,uhh_medra_er_t5,no translation yet,0.9781,0.5000,0.5000,0.9991,0.9999
uhh_medra_er_t6_bdb568dd_jpg.rf.02VDlCfew784A4M4n3WO.jpg,6037,8783,uhh_medra_er_t6,no translation yet,0.9453,0.5021,0.5214,0.5412,0.5702
uhh_medra_oh_t1_b110581a_jpg.rf.v5rX57f1uXkczoAic29M.jpg,6051,8796,uhh_medra_oh_t1,no translation yet,0.9462,0.5005,0.4994,0.9986,0.9987
uhh_medra_oh_t2_1cfa55ce_jpg.rf.U7kuY5DrEBTUffjI2y7o.jpg,6052,8797,uhh_medra_oh_t2,no translation yet,0.9685,0.5001,0.5002,0.9981,0.9996
uhh_medra_oh_t5_8b507ffa_jpg.rf.SPBvdYpjvqhPzT9nSPf9.jpg,6056,8800,uhh_medra_oh_t5,no translation yet,0.9794,0.5000,0.4997,0.9988,0.9988
uhh_medra_oo_t2_2b9d2559_jpg.rf.8hl5hoGnd5B4VEmNUGNz.jpg,6065,8809,uhh_medra_oo_t2,no translation yet,0.9903,0.5043,0.5220,0.5221,0.5706
uhh_medra_oo_t3_b4eb6c6d_jpg.rf.w0hlGtrezrQupOLywUjD.jpg,6067,8810,uhh_medra_oo_t3,no translation yet,0.9447,0.4999,0.5002,0.9987,0.9993
uhh_medra_u_t1_4b8942a1_jpg.rf.6NND4u15wMv33VSDMZ0N.jpg,6071,8814,uhh_medra_u_t1,no translation yet,0.9375,0.5178,0.5213,0.3871,0.5706
uhh_medra_u_t1_e1b2d848_jpg.rf.FpehnJI38YW3Qgn6Zinv.jpg,6071,8814,uhh_medra_u_t1,no translation yet,0.9369,0.5003,0.5000,0.9994,0.9993
uhh_medra_u_t3_a90039bb_jpg.rf.2d8y5rAfgZqpXedwinpo.jpg,6073,8816,uhh_medra_u_t3,no translation yet,0.9842,0.5002,0.5002,0.9992,0.9994
uhh_medra_u_t6_fc90cbb4_jpg.rf.82OLAbMDtVb1MoHWSIz4.jpg,6076,8819,uhh_medra_u_t6,no translation yet,0.9371,0.5000,0.4999,0.9988,0.9991
uhh_medwa_a_t1_1fa6181e_jpg.rf.H8AWcjUkgcOYEqVZP3SO.jpg,6078,8820,uhh_medwa_a_t1,no translation yet,0.9343,0.5030,0.6136,0.2230,0.3925
uhh_medwa_a_t1_c396785f_jpg.rf.KHhaSXIrUGnvgmWAwprK.jpg,6078,8820,uhh_medwa_a_t1,no translation yet,0.9425,0.5001,0.5000,0.9980,1.0000
uhh_medwa_a_t2_07a90393_jpg.rf.OoDeHAmm7RkPSrtL3O6E.jpg,6079,8821,uhh_medwa_a_t2,no translation yet,0.9227,0.5020,0.6139,0.3262,0.3911
uhh_medwa_a_t4_f3efdcc6_jpg.rf.wxKZ6YX3I7iPLAAZDPOL.jpg,6081,8823,uhh_medwa_a_t4,no translation yet,0.9885,0.5004,0.5000,0.9976,0.9998
uhh_medwa_a_t5_783554ba_jpg.rf.YfUQjrn9a63Ho9DJU0IQ.jpg,6082,8824,uhh_medwa_a_t5,no translation yet,0.9503,0.5001,0.4996,0.9977,0.9989
uhh_medwa_ah_t1_2f8c84be_jpg.rf.GB4UxkpVLkKedOTA9JYl.jpg,6084,8826,uhh_medwa_ah_t1,no translation yet,0.9805,0.5002,0.5001,0.9981,0.9998
uhh_medwa_ah_t2_382dbd23_jpg.rf.k14vMLcOK8p2woArHGKb.jpg,6085,8827,uhh_medwa_ah_t2,no translation yet,0.9607,0.5002,0.5000,0.9975,0.9993
uhh_medwa_ah_t2_b5c49b5c_jpg.rf.DdiaBKx1y87UJj7ZpKcV.jpg,6085,8827,uhh_medwa_ah_t2,no translation yet,0.9637,0.5000,0.5000,0.9976,1.0000
uhh_medwa_ah_t5_3051470a_jpg.rf.i9SdtZzpPQKALRxnVG1M.jpg,6089,8830,uhh_medwa_ah_t5,no translation yet,0.9739,0.5001,0.4999,0.9978,0.9979
uhh_medwa_aw_t3_eef7a86b_jpg.rf.BdAOJlLWUiqWeTFBsXgi.jpg,6113,8852,uhh_medwa_aw_t3,no translation yet,0.9535,0.5003,0.4995,0.9979,0.9988
uhh_medwa_aw_t5_63e64d15_jpg.rf.IvzXRdSCR1n6jWQ5eM3K.jpg,6115,8854,uhh_medwa_aw_t5,no translation yet,0.9708,0.5002,0.4996,0.9978,0.9983
uhh_medwa_aw_t5_6a667dc7_jpg.rf.VoL6rhL3MNNhL9IYQBU3.jpg,6115,8854,uhh_medwa_aw_t5,no translation yet,0.9707,0.5002,0.4997,0.9977,0.9990
uhh_medwa_aw_t6_c9cc1ad4_jpg.rf.CzulnlAXqkPSqJ8TAGYH.jpg,6116,8855,uhh_medwa_aw_t6,no translation yet,0.9874,0.4997,0.5000,0.9980,0.9999
uhh_medwa_aw_t6_d044d547_jpg.rf.45NYLLA1Qmes5IG8cydQ.jpg,6116,8855,uhh_medwa_aw_t6,no translation yet,0.9873,0.4998,0.4998,0.9983,0.9993
uhh_medwa_ay_t1_528c5ff6_jpg.rf.xZ3vauOuZ7mMwLtQAIs8.jpg,6104,8844,uhh_medwa_ay_t1,no translation yet,0.9468,0.5395,0.6135,0.2963,0.3919
uhh_medwa_ay_t3_127d1b4e_jpg.rf.uB0lgli2OCGhBxf25IbR.jpg,6106,8846,uhh_medwa_ay_t3,no translation yet,0.9651,0.5001,0.5002,0.9985,0.9995
uhh_medwa_ay_t3_584e6a93_jpg.rf.1jD4itx7RSA7JbWDyqZr.jpg,6106,8846,uhh_medwa_ay_t3,no translation yet,0.9662,0.4998,0.5001,0.9982,0.9999
uhh_medwa_ay_t5_91999b15_jpg.rf.dbc2M8AiFGNdwqg0ejtS.jpg,6108,8848,uhh_medwa_ay_t5,no translation yet,0.9927,0.5001,0.5000,0.9984,0.9998
uhh_medwa_ee_t1_ca3ccfeb_jpg.rf.nZbksdUX3xX2GARbBqCJ.jpg,6091,8832,uhh_medwa_ee_t1,no translation yet,0.9709,0.5002,0.4993,0.9978,0.9984
uhh_medwa_ee_t4_7bf965fc_jpg.rf.zNsJ2lo7oJJrPG48ECI3.jpg,6094,8835,uhh_medwa_ee_t4,no translation yet,0.9721,0.4999,0.4996,0.9981,0.9988
uhh_medwa_eh_t1_3372ff30_jpg.rf.k1AL8NVMh6gmPc1aGqom.jpg,6124,8862,uhh_medwa_eh_t1,no translation yet,0.9451,0.5029,0.5468,0.2215,0.5261
uhh_medwa_eh_t1_3389d417_jpg.rf.cn4Vkhx7xj5piZIaTzlM.jpg,6124,8862,uhh_medwa_eh_t1,no translation yet,0.9670,0.4999,0.4992,0.9977,0.9984
uhh_medwa_eh_t2_426dab28_jpg.rf.5jmOujURga80sVe90T5N.jpg,6125,8863,uhh_medwa_eh_t2,no translation yet,0.9954,0.5000,0.4997,0.9977,0.9987
uhh_medwa_er_t2_c4315fb8_jpg.rf.YyrayYlAqWNeZc3zSKik.jpg,6098,8839,uhh_medwa_er_t2,no translation yet,0.9662,0.5002,0.4995,0.9984,0.9981
uhh_medwa_er_t6_57100cbf_jpg.rf.BcluWBeUyT50NxlAsk8g.jpg,6103,8843,uhh_medwa_er_t6,no translation yet,0.9738,0.5001,0.4996,0.9979,0.9981
uhh_medwa_oh_t2_453914b6_jpg.rf.ZPZtC8onemjHDtaiYxxQ.jpg,6118,8857,uhh_medwa_oh_t2,no translation yet,0.9758,0.5000,0.4997,0.9970,0.9989
uhh_medwa_oh_t3_bd023515_jpg.rf.P8iBF49z8pII68keDJcT.jpg,6119,8858,uhh_medwa_oh_t3,no translation yet,0.9873,0.5000,0.5000,0.9976,0.9999
uhh_medwa_oh_t4_463beb55_jpg.rf.Pt22iW0O1rSsqLKHhtdj.jpg,6120,8859,uhh_medwa_oh_t4,no translation yet,0.9547,0.5003,0.5326,0.4215,0.5540
uhh_medwa_oo_t1_1cc919f9_jpg.rf.hHPjQ1CpKV8FIB9GYDja.jpg,6130,8868,uhh_medwa_oo_t1,no translation yet,0.9478,0.5006,0.4999,0.9987,0.9995
uhh_medwa_oo_t6_62851b89_jpg.rf.nj7XeWLvvabnJbISi5Mr.jpg,6136,8873,uhh_medwa_oo_t6,no translation yet,0.9854,0.5000,0.4998,0.9978,0.9996
uhh_medwa_u_t4_e5c1371a_jpg.rf.k1qEPIsnID9hSBGEJYof.jpg,6140,8877,uhh_medwa_u_t4,no translation yet,0.9645,0.5001,0.4998,0.9985,0.9996
uhh_medya_a_t4_09355084_jpg.rf.GLmLtmngVO5K23kYyNNf.jpg,6213,8943,uhh_medya_a_t4,no translation yet,0.8265,0.5005,0.4997,0.9980,0.9978
uhh_medya_a_t5_d1733ab4_jpg.rf.H0vqEkwKpS9EkBW7EfD6.jpg,6214,8944,uhh_medya_a_t5,no translation yet,0.9027,0.5003,0.5000,0.9986,1.0000
uhh_medya_ah_t2_9aa33f68_jpg.rf.Tryt39ae8TqDgVPEyrYt.jpg,6217,8947,uhh_medya_ah_t2,no translation yet,0.9791,0.5003,0.5002,0.9976,0.9992
uhh_medya_ah_t4_ad840008_jpg.rf.BG8OyAZpYQ7fb831P3ri.jpg,6219,8949,uhh_medya_ah_t4,no translation yet,0.9768,0.4998,0.4996,0.9980,0.9989
uhh_medya_ah_t5_f980e083_jpg.rf.mXTNWVcDQhyobv4G9KmB.jpg,6221,8950,uhh_medya_ah_t5,no translation yet,0.9392,0.5228,0.5313,0.4403,0.5505
uhh_medya_aw_t2_baa8b85c_jpg.rf.OZDJOpXScg8ToSwTQ0yI.jpg,6244,8971,uhh_medya_aw_t2,no translation yet,0.9923,0.5003,0.5000,0.9978,1.0000
uhh_medya_aw_t2_e55971db_jpg.rf.dalqReaK7TQFHD7GUJUc.jpg,6244,8971,uhh_medya_aw_t2,no translation yet,0.9936,0.5004,0.5000,0.9976,1.0000
uhh_medya_aw_t4_a34ecea6_jpg.rf.YeAdJmrvR54BA79xbkEf.jpg,6246,8973,uhh_medya_aw_t4,no translation yet,0.9567,0.5000,0.4999,0.9981,0.9994
uhh_medya_aw_t6_cc161eaf_jpg.rf.VHHp8aU5itxKtjOpsfrj.jpg,6248,8975,uhh_medya_aw_t6,no translation yet,0.9892,0.4996,0.5000,0.9981,1.0000
uhh_medya_ee_t1_5ce174b6_jpg.rf.mUFsN8EtkPTNLE3aPgBb.jpg,6223,8952,uhh_medya_ee_t1,no translation yet,0.9756,0.5000,0.5000,0.9980,1.0000
uhh_medya_ee_t1_b575b616_jpg.rf.tb7rfIf5HivtKYvcganK.jpg,6223,8952,uhh_medya_ee_t1,no translation yet,0.9779,0.5032,0.5599,0.2208,0.4938
uhh_medya_ee_t2_ad805798_jpg.rf.ES8serId4KWMQmd5CskJ.jpg,6224,8953,uhh_medya_ee_t2,no translation yet,0.9467,0.5001,0.4997,0.9979,0.9986
uhh_medya_ee_t6_a0dfc971_jpg.rf.k0VlRSSUVjMLozCeiSNl.jpg,6228,8957,uhh_medya_ee_t6,no translation yet,0.9885,0.5001,0.5000,0.9981,1.0000
uhh_medya_oh_t3_186a90ee_jpg.rf.INVDM3vbQiTlVwq3sxn3.jpg,6251,8978,uhh_medya_oh_t3,no translation yet,0.9127,0.5053,0.5306,0.3617,0.5510
uhh_medya_oh_t6_b7cd3af5_jpg.rf.jZahmm9JtUoB4i4sQ5Xb.jpg,6255,8981,uhh_medya_oh_t6,no translation yet,0.9450,0.4998,0.4999,0.9981,0.9989
uhh_medya_oo_t2_0308994e_jpg.rf.35rPYyF9TC3YloUbsCcq.jpg,6263,8989,uhh_medya_oo_t2,no translation yet,0.9344,0.4995,0.4997,0.9974,0.9994
uhh_medya_oo_t3_24a00f60_jpg.rf.IzUXJ5bBqinftBF0JF5B.jpg,6265,8990,uhh_medya_oo_t3,no translation yet,0.9253,0.5060,0.6126,0.4893,0.3894
uhh_medya_oo_t4_c277ad97_jpg.rf.WiIpHCiaJZZTiKvYk2ul.jpg,6266,8991,uhh_medya_oo_t4,no translation yet,0.9159,0.5003,0.5315,0.5506,0.5503
uhh_medya_oo_t6_ccb02eef_jpg.rf.tEg6kGwA4P42AmV3uzay.jpg,6268,8993,uhh_medya_oo_t6,no translation yet,0.9697,0.5000,0.5000,0.9982,0.9999
uhh_medya_u_t1_aa9f6538_jpg.rf.CxaQm3ZhUwpkVGHO3zue.jpg,6269,8994,uhh_medya_u_t1,no translation yet,0.9056,0.5003,0.4998,0.9987,0.9992
uhh_medya_u_t2_2b0364ef_jpg.rf.892pkXJlJaZOPA3K3lUT.jpg,6270,8995,uhh_medya_u_t2,no translation yet,0.8072,0.5001,0.5002,0.9988,0.9988
uhh_medya_u_t3_c6e6f9c9_jpg.rf.mJEsFBKw7jrOCBX0cMcO.jpg,6271,8996,uhh_medya_u_t3,no translation yet,0.9237,0.5002,0.4999,0.9995,0.9997
uhh_medya_u_t4_08226df4_jpg.rf.kvOdE43zcci7YzOXN1ez.jpg,6272,8997,uhh_medya_u_t4,no translation yet,0.9509,0.4998,0.4994,0.9983,0.9988
uhh_medya_u_t5_813037d0_jpg.rf.TIGZtmFezYRyHisisBNJ.jpg,6273,8998,uhh_medya_u_t5,no translation yet,0.8796,0.5222,0.5313,0.4369,0.5504
uhh_oh_t2_fb03bc1f_jpg.rf.R7gEVSbV8UgydWRaLXMK.jpg,468,1477,uhh_oh_t2,no translation yet,0.9949,0.5001,0.4994,0.9979,0.9981
uhh_oh_t3_0b993d0b_jpg.rf.HRa4dMTBmU0ExUhL8Ni7.jpg,469,1478,uhh_oh_t3,no translation yet,0.9815,0.5000,0.4998,0.9983,0.9983
uhh_oh_t4_a4569f8f_jpg.rf.LJ8IlosRArQT6m6RU1L7.jpg,470,1479,uhh_oh_t4,no translation yet,0.9599,0.5001,0.5317,0.4225,0.5520
uhh_oh_t5_b57292a3_jpg.rf.LVNo7YWKprGbJRouuSip.jpg,472,1480,uhh_oh_t5,no translation yet,0.9917,0.5003,0.4997,0.9981,0.9991
uhh_oh_t6_d5528ac2_jpg.rf.qpm8J8MmhEyHxcBiKBss.jpg,473,1481,uhh_oh_t6,no translation yet,0.9905,0.5000,0.4999,0.9982,0.9987
uhh_oo_t1_975c1c45_jpg.rf.dk1kQrG5KQ1x2yadCYYv.jpg,480,1488,uhh_oo_t1,no translation yet,0.8512,0.5001,0.5001,0.9982,0.9998
uhh_oo_t4_af2ccbfe_jpg.rf.KDD1w8ht0Kx947LaB5hJ.jpg,484,1491,uhh_oo_t4,no translation yet,0.8659,0.4994,0.4998,0.9972,0.9997
uhh_oo_t5_06fafeb5_jpg.rf.6Z8OdoszupMi056E4ksb.jpg,485,1492,uhh_oo_t5,no translation yet,0.7187,0.5003,0.5000,0.9995,0.9999
uhh_oo_t6_9e85d334_jpg.rf.0F6GcXUvadN26cKzh8ey.jpg,486,1493,uhh_oo_t6,no translation yet,0.7978,0.4995,0.5003,0.9973,0.9995
uhh_u_t2_7c378996_jpg.rf.kJZHzxsIaPm6yBO208p4.jpg,6145,8881,uhh_medgha_a_t2,no translation yet,0.5561,0.5002,0.4994,0.9989,0.9983
uhh_u_t3_85554688_jpg.rf.0qkRcscKwsXMESARHXMt.jpg,6146,8882,uhh_medgha_a_t3,no translation yet,0.4800,0.5001,0.4999,0.9988,0.9992
uhh_u_t4_494c32c8_jpg.rf.gVz3c7RGNf8wnLz3sDZJ.jpg,490,1497,uhh_u_t4,no translation yet,0.6137,0.5002,0.5000,0.9994,1.0000
uhh_u_t5_65316925_jpg.rf.TfA7Nt7DvwNxtfROn6Ys.jpg,6148,8884,uhh_medgha_a_t5,no translation yet,0.4744,0.5223,0.5315,0.3658,0.5501
wuh_a_t1_6e9ab3bb_jpg.rf.sA7CcVNkj0Fp0wdTzuzG.jpg,164,1200,wuh_a_t1,no translation yet,0.9108,0.4998,0.4992,0.9978,0.9984
wuh_a_t3_484577c7_jpg.rf.jYsEQ3HE4RAAAe7A2jCI.jpg,166,1202,wuh_a_t3,no translation yet,0.9487,0.4999,0.5000,0.9980,0.9997
wuh_a_t5_00fc884e_jpg.rf.K092Zzbc637tp4wnGdcN.jpg,168,1204,wuh_a_t5,no translation yet,0.9803,0.4999,0.4998,0.9977,0.9996
wuh_ah_t1_473b03f4_jpg.rf.wFZXDcbXot0o7kzMCL2i.jpg,170,1206,wuh_ah_t1,no translation yet,0.9713,0.5002,0.5000,0.9989,1.0000
wuh_ah_t4_78c814a3_jpg.rf.ycpdvJz3DgVBBUwRH9LG.jpg,173,1209,wuh_ah_t4,no translation yet,0.9767,0.5001,0.4997,0.9988,0.9990
wuh_aw_t1_be06fb89_jpg.rf.I0I6tqCSDyFVzVnidXIr.jpg,197,1230,wuh_aw_t1,no translation yet,0.9746,0.4999,0.4995,0.9979,0.9982
wuh_aw_t5_caeea0a2_jpg.rf.1znZqOJGtYvERMLRSYHb.jpg,201,1234,wuh_aw_t5,no translation yet,0.9779,0.5001,0.4997,0.9976,0.9994
wuh_ay_t1_fe72edd1_jpg.rf.XKHJxNRHdWwnXuG4jACi.jpg,190,1224,wuh_ay_t1,no translation yet,0.9404,0.5000,0.4995,0.9976,0.9991
wuh_ay_t3_57f463b4_jpg.rf.ETdobrcNw45g7EZeIApu.jpg,192,1226,wuh_ay_t3,no translation yet,0.9378,0.5061,0.5961,0.3772,0.3574
wuh_ay_t4_c686f259_jpg.rf.OfXAV9iCdj6wyoafCBXb.jpg,193,1227,wuh_ay_t4,no translation yet,0.9848,0.4997,0.5001,0.9975,0.9991
wuh_ay_t5_f880c751_jpg.rf.ww0icC7r7B3MaKun9dpi.jpg,194,1228,wuh_ay_t5,no translation yet,0.9768,0.5241,0.5150,0.3808,0.5181
wuh_ay_t6_4e935f6b_jpg.rf.ppwtZrmBv8AbUKyYCdLS.jpg,195,1229,wuh_ay_t6,no translation yet,0.9833,0.5001,0.4999,0.9977,0.9992
wuh_ay_t6_c5f7ec47_jpg.rf.xwLv5AAeRrMcNW6b4NPo.jpg,195,1229,wuh_ay_t6,no translation yet,0.8827,0.5002,0.5153,0.3839,0.5177
wuh_ee_t1_b1313432_jpg.rf.Cw1bfiwDPBMBi3dADTEh.jpg,177,1212,wuh_ee_t1,no translation yet,0.9665,0.5003,0.4998,0.9974,0.9997
wuh_ee_t2_9cfae28d_jpg.rf.Hpm25iXvelI3YiAzIBVe.jpg,178,1213,wuh_ee_t2,no translation yet,0.9803,0.5005,0.4999,0.9978,0.9998
wuh_ee_t3_577651b6_jpg.rf.4niftQ9BnzcU8qGuxyef.jpg,179,1214,wuh_ee_t3,no translation yet,0.9729,0.5000,0.5002,0.9981,0.9995
wuh_ee_t6_b0be73fb_jpg.rf.uHCuR6rQt3Bks6nIEc6m.jpg,182,1217,wuh_ee_t6,no translation yet,0.9605,0.4996,0.4997,0.9978,0.9993
wuh_eh_t2_daf07617_jpg.rf.cdoUYN7iuzsSYlv3pdD3.jpg,211,1243,wuh_eh_t2,no translation yet,0.9494,0.4997,0.4995,0.9971,0.9984
wuh_eh_t3_d704aa40_jpg.rf.r91siHVqxe9HbSpKUmGt.jpg,212,1244,wuh_eh_t3,no translation yet,0.9539,0.5000,0.5000,0.9982,1.0000
wuh_eh_t3_efa57c58_jpg.rf.v3mbtgFY9Pb0KJfAZLcO.jpg,212,1244,wuh_eh_t3,no translation yet,0.9570,0.5001,0.5000,0.9980,0.9999
wuh_eh_t4_04e4dae0_jpg.rf.54aT1ZZ1jGb8lga39fgo.jpg,213,1245,wuh_eh_t4,no translation yet,0.9281,0.5000,0.4995,0.9984,0.9982
wuh_eh_t4_bcb04e07_jpg.rf.OAJuK6iBHNF2Qa8WBmBQ.jpg,213,1245,wuh_eh_t4,no translation yet,0.9344,0.5001,0.4995,0.9990,0.9988
wuh_eh_t6_a377a917_jpg.rf.ggEAB4NSXbBAFwGag1mr.jpg,215,1247,wuh_eh_t6,no translation yet,0.8294,0.4999,0.4516,0.3831,0.3907
wuh_eh_t6_f4763d69_jpg.rf.iVVPR4l7HQP7osJsZUtH.jpg,215,1247,wuh_eh_t6,no translation yet,0.9433,0.4994,0.5002,0.9977,0.9992
wuh_er_t4_3dc87c36_jpg.rf.bR33jB97p4mTh16PN17O.jpg,187,1221,wuh_er_t4,no translation yet,0.9561,0.4995,0.5312,0.5410,0.5500
wuh_er_t4_d493ef14_jpg.rf.zRFkg3UwLAf0T5SGvAek.jpg,187,1221,wuh_er_t4,no translation yet,0.9915,0.4998,0.4996,0.9983,0.9984
wuh_er_t4_e1bfe4c7_jpg.rf.1twdBZTh9I1JXWpstmuP.jpg,187,1221,wuh_er_t4,no translation yet,0.9901,0.4997,0.5000,0.9984,0.9989
wuh_er_t6_75531c60_jpg.rf.EvEHvOigu0I9CichBbLC.jpg,189,1223,wuh_er_t6,no translation yet,0.9649,0.5000,0.4997,0.9984,0.9980
wuh_medgha_a_t2_dbddef85_jpg.rf.3H3tmsEdHjltw2u2olCr.jpg,224,1255,wuh_u_t2,no translation yet,0.7506,0.5003,0.4999,0.9975,0.9997
wuh_medgha_ah_t3_c0185d88_jpg.rf.7GDpnYSa0GOR4Elqlq1j.jpg,4831,7688,wuh_medgha_ah_t3,no translation yet,0.9504,0.5066,0.5312,0.4541,0.5511
wuh_medgha_ah_t3_e25363fd_jpg.rf.7bWJUjw1kq4eC0GUv2kq.jpg,4831,7688,wuh_medgha_ah_t3,no translation yet,0.9669,0.5001,0.5002,0.9988,0.9992
wuh_medgha_aw_t2_442d8e9b_jpg.rf.WYFQleZluahhONIC5iwN.jpg,4857,7711,wuh_medgha_aw_t2,no translation yet,0.9927,0.5002,0.5000,0.9983,0.9996
wuh_medgha_ay_t2_177157fb_jpg.rf.lvWDvw3gG6fLmtWgRq57.jpg,4850,7705,wuh_medgha_ay_t2,no translation yet,0.8187,0.5022,0.6124,0.3396,0.3891
wuh_medgha_ay_t2_40efeccc_jpg.rf.SVuRQMndFF5YNfBgnh3d.jpg,4850,7705,wuh_medgha_ay_t2,no translation yet,0.9433,0.5004,0.5001,0.9984,0.9996
wuh_medgha_ay_t2_69cfce3c_jpg.rf.3drGEIapHVlS3qgnuvEf.jpg,4850,7705,wuh_medgha_ay_t2,no translation yet,0.9243,0.5003,0.5000,0.9985,0.9999
wuh_medgha_ay_t4_4f6c8a93_jpg.rf.iMvzDrkmxkkoMNxZxmcX.jpg,4852,7707,wuh_medgha_ay_t4,no translation yet,0.9438,0.5001,0.5000,0.9986,1.0000
wuh_medgha_ee_t6_003391d0_jpg.rf.JV8LYvDhNdxN3mUWUmXQ.jpg,4841,7697,wuh_medgha_ee_t6,no translation yet,0.9919,0.4996,0.5001,0.9981,0.9998
wuh_medgha_eh_t1_8ef044fe_jpg.rf.7sqRj4Pvz1t4T9u7hu0R.jpg,4869,7722,wuh_medgha_eh_t1,no translation yet,0.9862,0.5001,0.5001,0.9976,0.9998
wuh_medgha_eh_t2_e866ac63_jpg.rf.wcGhsbYLYCbCCdAHcSo5.jpg,4870,7723,wuh_medgha_eh_t2,no translation yet,0.9869,0.5003,0.5000,0.9977,0.9997
wuh_medgha_eh_t3_b8f8d37f_jpg.rf.9gfT9joeKsHvnZQQXIy6.jpg,4871,7724,wuh_medgha_eh_t3,no translation yet,0.9921,0.5004,0.5000,0.9980,1.0000
wuh_medgha_eh_t4_89a17adf_jpg.rf.fRLolAlvCnZLQHcCyF9F.jpg,4872,7725,wuh_medgha_eh_t4,no translation yet,0.9722,0.4998,0.5000,0.9978,0.9992
wuh_medgha_er_t1_9b527e7e_jpg.rf.6m2nNAUTkhaaZX6IBfuD.jpg,4842,7698,wuh_medgha_er_t1,no translation yet,0.9374,0.4990,0.6120,0.3322,0.3883
wuh_medgha_er_t2_eb519606_jpg.rf.XZbfbIRd3PIbnGAoZ5UE.jpg,4843,7699,wuh_medgha_er_t2,no translation yet,0.9911,0.5001,0.4999,0.9986,0.9993
wuh_medgha_er_t3_e10ddca9_jpg.rf.DcogzvUbQqEUw4KtRH8z.jpg,4845,7700,wuh_medgha_er_t3,no translation yet,0.9737,0.5001,0.5001,0.9988,0.9995
wuh_medgha_er_t5_e34aa7fa_jpg.rf.hizGo1UE79D1337cSei7.jpg,4847,7702,wuh_medgha_er_t5,no translation yet,0.9872,0.5002,0.5001,0.9985,0.9992
wuh_medgha_oo_t2_5ff3cb76_jpg.rf.GZggx8Lfzffn0EiOwGNF.jpg,4876,7729,wuh_medgha_oo_t2,no translation yet,0.9063,0.4983,0.6130,0.3480,0.3881
wuh_medgha_oo_t4_0cb79343_jpg.rf.UqUhiuAY9GsF6IsmnYKI.jpg,4879,7731,wuh_medgha_oo_t4,no translation yet,0.9864,0.4993,0.5002,0.9980,0.9997
wuh_medgha_oo_t6_ef8a06fb_jpg.rf.HlOUDZqUGOQTfYNJlKQk.jpg,4881,7733,wuh_medgha_oo_t6,no translation yet,0.9753,0.4993,0.4997,0.9975,0.9994
wuh_medgha_u_t1_16dfb714_jpg.rf.CDRBtyDA9BMuuwS9h0dF.jpg,4882,7734,wuh_medgha_u_t1,no translation yet,0.8835,0.4999,0.5000,0.9981,0.9998
wuh_medgha_u_t1_a3ccd7b7_jpg.rf.zUmfopNCZ93lPUJXuLlL.jpg,4882,7734,wuh_medgha_u_t1,no translation yet,0.8798,0.5000,0.4999,0.9981,0.9998
wuh_medgha_u_t3_3304cb3d_jpg.rf.p1wzYKTjCKnSrCMBUADQ.jpg,4884,7736,wuh_medgha_u_t3,no translation yet,0.8528,0.5058,0.6120,0.3764,0.3882
wuh_medgha_u_t3_e86f079f_jpg.rf.RK7m8kHQBTGI6shCUrih.jpg,4884,7736,wuh_medgha_u_t3,no translation yet,0.9062,0.5003,0.5005,0.9982,0.9991
wuh_medla_a_t3_4dfa9967_jpg.rf.MFrHb2obKOah5iPxV0Bg.jpg,4638,7502,wuh_medla_a_t3,no translation yet,0.9857,0.5000,0.4997,0.9985,0.9993
wuh_medla_ah_t1_526f76aa_jpg.rf.hanzdGn1G09uUyJ16amI.jpg,4642,7506,wuh_medla_ah_t1,no translation yet,0.9780,0.5002,0.5001,0.9982,0.9998
wuh_medla_ah_t2_4b80e20f_jpg.rf.45cyqW6elxKGclBbiV32.jpg,4643,7507,wuh_medla_ah_t2,no translation yet,0.9754,0.5000,0.4999,0.9988,0.9992
wuh_medla_ah_t4_55ec811a_jpg.rf.T23wV0b7QqZOTgp1nAZA.jpg,4645,7509,wuh_medla_ah_t4,no translation yet,0.9567,0.5001,0.4999,0.9987,0.9999
wuh_medla_ah_t6_fe45016b_jpg.rf.qY37LFuFpIA1WdFbsr1m.jpg,4647,7511,wuh_medla_ah_t6,no translation yet,0.9560,0.4997,0.5004,0.9981,0.9990
wuh_medla_aw_t1_4aab128e_jpg.rf.JWuqYefQYf1gYb1SMgOW.jpg,4666,7530,wuh_medla_aw_t1,no translation yet,0.9846,0.5003,0.4999,0.9981,0.9997
wuh_medla_aw_t1_5bd7b66f_jpg.rf.ESHRNim3vA6XO1HTnJ1Q.jpg,4666,7530,wuh_medla_aw_t1,no translation yet,0.9834,0.5003,0.4998,0.9984,0.9992
wuh_medla_aw_t3_8c76bff3_jpg.rf.oM8oWIPmKPY7GEVLScwG.jpg,4668,7532,wuh_medla_aw_t3,no translation yet,0.9515,0.4999,0.5002,0.9987,0.9986
wuh_medla_aw_t5_6031c160_jpg.rf.5tyOmvYTfysmauBRmMcV.jpg,4670,7534,wuh_medla_aw_t5,no translation yet,0.9099,0.5235,0.5347,0.4440,0.5577
wuh_medla_aw_t6_b5a4e6e3_jpg.rf.6BtKzuVooraOZN5a21XH.jpg,4671,7535,wuh_medla_aw_t6,no translation yet,0.8939,0.5001,0.4999,0.9986,0.9998
wuh_medla_aw_t6_e0c7a063_jpg.rf.xYaQQQLO7fnUvSff2HC3.jpg,4671,7535,wuh_medla_aw_t6,no translation yet,0.8763,0.4997,0.5000,0.9981,0.9977
wuh_medla_ay_t2_d07892b9_jpg.rf.5wQNxK2AzJk94UxI7A9E.jpg,4661,7525,wuh_medla_ay_t2,no translation yet,0.9819,0.4998,0.4997,0.9981,0.9987
wuh_medla_ay_t3_27e151c2_jpg.rf.HTKyRBpyi8ibj6VIdZPZ.jpg,4662,7526,wuh_medla_ay_t3,no translation yet,0.9416,0.5063,0.6152,0.4534,0.3962
wuh_medla_ay_t4_d0d48c3c_jpg.rf.XH4XzbRMShA52xlhw7I8.jpg,4663,7527,wuh_medla_ay_t4,no translation yet,0.8751,0.5000,0.5341,0.5779,0.5551
wuh_medla_ay_t5_4d7fb371_jpg.rf.sZK5JmRdLfpvu18jTwYw.jpg,4664,7528,wuh_medla_ay_t5,no translation yet,0.9781,0.4999,0.4999,0.9986,0.9988
wuh_medla_eh_t6_461a8f85_jpg.rf.LmPyVZt0BceUbtTDBWKj.jpg,4683,7547,wuh_medla_eh_t6,no translation yet,0.8105,0.5009,0.5344,0.4487,0.5579
wuh_medla_eh_t6_66a8f612_jpg.rf.OHArmK9m7kRUOdTX29Ng.jpg,4683,7547,wuh_medla_eh_t6,no translation yet,0.9294,0.4998,0.4998,0.9983,0.9981
wuh_medla_er_t1_7e49b393_jpg.rf.fX7nRcGN25IKP0xCTdyD.jpg,4654,7518,wuh_medla_er_t1,no translation yet,0.9955,0.5000,0.4999,0.9982,0.9997
wuh_medla_er_t1_b49516e2_jpg.rf.80Al9AWJ81F2HLMywYl0.jpg,4654,7518,wuh_medla_er_t1,no translation yet,0.9956,0.5002,0.4997,0.9985,0.9989
wuh_medla_er_t3_4c2d692d_jpg.rf.FV4fuwT6kZY4Mn9VQrdm.jpg,4656,7520,wuh_medla_er_t3,no translation yet,0.9408,0.5001,0.5000,0.9986,1.0000
wuh_medla_er_t5_9aa4ff3d_jpg.rf.5KmLL3CuU8idGAcZYn6M.jpg,4658,7522,wuh_medla_er_t5,no translation yet,0.9682,0.5000,0.4998,0.9988,0.9994
wuh_medla_er_t6_ca1d1279_jpg.rf.01QbkTJF91iWIeN8qkni.jpg,4659,7523,wuh_medla_er_t6,no translation yet,0.9658,0.4999,0.5001,0.9985,0.9990
wuh_medla_oh_t1_70619095_jpg.rf.FC78A7UpmhiISs4Fh2lo.jpg,4672,7536,wuh_medla_oh_t1,no translation yet,0.8648,0.4982,0.5344,0.2920,0.5584
wuh_medla_oh_t5_0fb8eb84_jpg.rf.5KcWKySZHoFaIKM8aKJw.jpg,4676,7540,wuh_medla_oh_t5,no translation yet,0.8949,0.4998,0.5000,0.9979,1.0000
wuh_medla_oh_t5_6ebfdb22_jpg.rf.5w9LH9BPV5OPYrSRcuY0.jpg,4676,7540,wuh_medla_oh_t5,no translation yet,0.9030,0.4996,0.5000,0.9980,1.0000
wuh_medla_u_t1_62f16adb_jpg.rf.t4uMBgSeYmfxVlxktA2t.jpg,4690,7554,wuh_medla_u_t1,no translation yet,0.9709,0.5003,0.4999,0.9988,0.9994
wuh_medla_u_t3_5e22bdfd_jpg.rf.snxSsMLx1UzxGvWcYuC9.jpg,4692,7556,wuh_medla_u_t3,no translation yet,0.8767,0.4998,0.4997,0.9988,0.9994
wuh_medla_u_t4_e1752be3_jpg.rf.QTNwbUMuoYRtBnILdkIO.jpg,4693,7557,wuh_medla_u_t4,no translation yet,0.9385,0.5001,0.4998,0.9990,0.9992
wuh_medra_a_t3_d142327d_jpg.rf.mhUH9aImwnBSxHzBSIPV.jpg,4699,7562,wuh_medra_a_t3,no translation yet,0.9701,0.5004,0.4998,0.9985,0.9987
wuh_medra_ah_t4_f10711e1_jpg.rf.ID9etIST7pbbMZ4ZfcXs.jpg,4706,7569,wuh_medra_ah_t4,no translation yet,0.9575,0.5000,0.4997,0.9991,0.9993
wuh_medra_ah_t5_a3c11e8d_jpg.rf.GfHCsdPtNHtBP7rMtdso.jpg,4708,7570,wuh_medra_ah_t5,no translation yet,0.9766,0.5003,0.5002,0.9988,0.9990
wuh_medra_aw_t6_4d2e0288_jpg.rf.B8CzkXlgSZqicDuq8jsq.jpg,4735,7595,wuh_medra_aw_t6,no translation yet,0.9167,0.5031,0.5216,0.4522,0.5690
wuh_medra_aw_t6_7b81a891_jpg.rf.sO3FUOwWVWwoAGLhAe13.jpg,4735,7595,wuh_medra_aw_t6,no translation yet,0.9558,0.5002,0.5000,0.9983,0.9997
wuh_medra_ay_t1_d34dffea_jpg.rf.uqlSQ028PnymUjEsgEjd.jpg,4723,7584,wuh_medra_ay_t1,no translation yet,0.9896,0.4999,0.4992,0.9973,0.9982
wuh_medra_ee_t2_1b1ba04f_jpg.rf.4tuGHumtARGYOQtmF4U0.jpg,4711,7573,wuh_medra_ee_t2,no translation yet,0.9128,0.5050,0.5217,0.4092,0.5707
wuh_medra_ee_t2_a189b588_jpg.rf.OUYO9NbDXDBRjJ4dzfAP.jpg,4711,7573,wuh_medra_ee_t2,no translation yet,0.9793,0.5003,0.5001,0.9985,0.9999
wuh_medra_eh_t4_95475628_jpg.rf.jlkNEu6kCHChbn41q2GY.jpg,4746,7605,wuh_medra_eh_t4,no translation yet,0.9135,0.5001,0.5000,0.9989,0.9988
wuh_medra_eh_t5_68393c57_jpg.rf.joSrXzpkBWL3cVEFjDwf.jpg,4747,7606,wuh_medra_eh_t5,no translation yet,0.9468,0.5000,0.4999,0.9988,0.9998
wuh_medra_er_t1_9fb95daa_jpg.rf.ouEsD5sBWjIezIRJCAWC.jpg,4716,7578,wuh_medra_er_t1,no translation yet,0.9732,0.5004,0.5216,0.4010,0.5697
wuh_medra_er_t2_4558e450_jpg.rf.hsZNE64QqEdhl6Piq7RK.jpg,4717,7579,wuh_medra_er_t2,no translation yet,0.9861,0.5000,0.4999,0.9981,0.9995
wuh_medra_er_t4_76518ce7_jpg.rf.KIehP1kHjpLOGlnfZXjy.jpg,4720,7581,wuh_medra_er_t4,no translation yet,0.9906,0.4999,0.4999,0.9988,0.9991
wuh_medra_er_t5_546ce9a6_jpg.rf.UpbMJHqVeo3NP0sD8wjO.jpg,4721,7582,wuh_medra_er_t5,no translation yet,0.9677,0.5001,0.5000,0.9982,0.9994
wuh_medra_oh_t2_1285460d_jpg.rf.iuDRawZxkMwGLb2rCg7w.jpg,4737,7597,wuh_medra_oh_t2,no translation yet,0.9753,0.5002,0.5000,0.9986,1.0000
wuh_medra_oo_t3_a0ce5820_jpg.rf.uzNFw6zkeL0dSjDnms6j.jpg,4752,7610,wuh_medra_oo_t3,no translation yet,0.9787,0.4998,0.5001,0.9982,0.9985
wuh_medra_oo_t6_82e35098_jpg.rf.LoAJOOAWbeH6BA4lBvat.jpg,4755,7613,wuh_medra_oo_t6,no translation yet,0.8930,0.4999,0.4999,0.9984,0.9992
wuh_medra_u_t1_3e3c4706_jpg.rf.3LimkGmLK55mpza7sjqv.jpg,4756,7614,wuh_medra_u_t1,no translation yet,0.9844,0.5190,0.5214,0.4084,0.5702
wuh_medra_u_t2_ccd0fabd_jpg.rf.mlE4idHln9ZgNZeY3aC5.jpg,4757,7615,wuh_medra_u_t2,no translation yet,0.9814,0.4999,0.5001,0.9985,0.9992
wuh_medra_u_t5_d13e2cbb_jpg.rf.KfVnQCP4HyVpsPX7Ix7I.jpg,4760,7618,wuh_medra_u_t5,no translation yet,0.9780,0.5253,0.5213,0.5217,0.5706
wuh_medwa_a_t2_601c1d73_jpg.rf.hsDXNf4ri9CLvjs2JBhh.jpg,4763,7621,wuh_medwa_a_t2,no translation yet,0.9284,0.5024,0.6136,0.3393,0.3908
wuh_medwa_a_t6_2ccf6092_jpg.rf.vW82GG9tgtMPqSwmrXrI.jpg,4767,7625,wuh_medwa_a_t6,no translation yet,0.9417,0.5000,0.5001,0.9987,0.9996
wuh_medwa_ah_t4_3cbbbe8a_jpg.rf.ENdN92i98ij0pX6zgDIk.jpg,4771,7629,wuh_medwa_ah_t4,no translation yet,0.9634,0.4997,0.4997,0.9987,0.9988
wuh_medwa_ah_t6_0fe4e2ca_jpg.rf.DvF5QqJhFgZUGZ7K9Wvi.jpg,4773,7631,wuh_medwa_ah_t6,no translation yet,0.9551,0.4996,0.5007,0.9986,0.9983
wuh_medwa_aw_t3_21dd522e_jpg.rf.BPnsIHuGvlwfqaOdUeYO.jpg,4794,7652,wuh_medwa_aw_t3,no translation yet,0.9249,0.5057,0.5326,0.3768,0.5531
wuh_medwa_aw_t5_194498d4_jpg.rf.Gut39nRkAwCVMtD5bGQq.jpg,4796,7654,wuh_medwa_aw_t5,no translation yet,0.9615,0.5000,0.5001,0.9982,0.9999
wuh_medwa_aw_t6_7ff8e6f1_jpg.rf.BT7PPpTmkmH6YMq6zaWd.jpg,4797,7655,wuh_medwa_aw_t6,no translation yet,0.9099,0.4995,0.5000,0.9983,0.9995
wuh_medwa_ay_t4_1ed6fe98_jpg.rf.xsrdsrsnY3W730SzWO9P.jpg,4789,7647,wuh_medwa_ay_t4,no translation yet,0.9221,0.4999,0.4995,0.9991,0.9988
wuh_medwa_ay_t5_f83b6573_jpg.rf.t8HVk4kZM51rzVX4JQNA.jpg,4790,7648,wuh_medwa_ay_t5,no translation yet,0.9784,0.5000,0.4996,0.9987,0.9992
wuh_medwa_eh_t4_05b32935_jpg.rf.DhnokC2Z1J7iYSFplbjF.jpg,4807,7665,wuh_medwa_eh_t4,no translation yet,0.9466,0.5008,0.5321,0.4378,0.5530
wuh_medwa_eh_t5_6bac6a95_jpg.rf.och4rnLfD1NX9v5s2O42.jpg,4808,7666,wuh_medwa_eh_t5,no translation yet,0.9142,0.5000,0.5005,0.9984,0.9988
wuh_medwa_eh_t6_bf398ec2_jpg.rf.NRp0cMq5QcN8hp3GkbCc.jpg,4809,7667,wuh_medwa_eh_t6,no translation yet,0.8834,0.4999,0.5326,0.3834,0.5531
wuh_medwa_er_t1_0fc5f26d_jpg.rf.ISUzRRIA5tPnMf7Xbv6D.jpg,4780,7638,wuh_medwa_er_t1,no translation yet,0.9942,0.5000,0.4997,0.9979,0.9991
wuh_medwa_er_t6_402b7e04_jpg.rf.5Z0oVnd50N0dwa1Lz1Dz.jpg,4785,7643,wuh_medwa_er_t6,no translation yet,0.9404,0.4994,0.5001,0.9978,0.9991
wuh_medwa_oh_t5_6444671d_jpg.rf.4DUe2H8GKatSSyxC1bod.jpg,4802,7660,wuh_medwa_oh_t5,no translation yet,0.9539,0.5001,0.5000,0.9983,0.9997
wuh_medwa_oh_t5_677cb342_jpg.rf.K5Y6mSsvpJI029tbCg0i.jpg,4802,7660,wuh_medwa_oh_t5,no translation yet,0.9553,0.5000,0.5001,0.9978,0.9997
wuh_medwa_oo_t2_a08b417c_jpg.rf.vOzDv2EaoFYvRToWmTf1.jpg,4811,7669,wuh_medwa_oo_t2,no translation yet,0.9686,0.5004,0.4999,0.9985,0.9992
wuh_medwa_oo_t3_e84b4400_jpg.rf.y9ofghTAf5Yf7PoLlTtU.jpg,4812,7670,wuh_medwa_oo_t3,no translation yet,0.9505,0.4998,0.4998,0.9985,0.9983
wuh_medwa_u_t1_9bf2e95c_jpg.rf.RUhTvVIkbfFP68NqL0xN.jpg,4816,7674,wuh_medwa_u_t1,no translation yet,0.9902,0.5001,0.4998,0.9981,0.9991
wuh_medwa_u_t5_76b11089_jpg.rf.Aq2Yf9XmD7W7TRFBvrU6.jpg,4820,7678,wuh_medwa_u_t5,no translation yet,0.9758,0.5228,0.5324,0.4518,0.5533
wuh_medya_a_t3_ab3c8fba_jpg.rf.v9svKZhIEyKHdiMqUFWk.jpg,4891,7742,wuh_medya_a_t3,no translation yet,0.9684,0.5003,0.5000,0.9980,0.9996
wuh_medya_a_t5_bba2f787_jpg.rf.THSeT8jdapxOexOsBJO1.jpg,4893,7744,wuh_medya_a_t5,no translation yet,0.7975,0.5236,0.5312,0.3804,0.5506
wuh_medya_ah_t1_10f837f6_jpg.rf.0iDsaQlgSKTFvLkoCQQ6.jpg,4895,7746,wuh_medya_ah_t1,no translation yet,0.9718,0.5002,0.5000,0.9982,0.9999
wuh_medya_ah_t3_65df5b75_jpg.rf.x00ZpSSKM5ulo52JoRwB.jpg,4897,7748,wuh_medya_ah_t3,no translation yet,0.9816,0.5002,0.5001,0.9983,0.9994
wuh_medya_ah_t5_9b12b838_jpg.rf.vPXjf4XHTpKjn4M81nkh.jpg,4900,7750,wuh_medya_ah_t5,no translation yet,0.9730,0.5000,0.4998,0.9990,0.9991
wuh_medya_ah_t6_b8e0ccd8_jpg.rf.axoVyBAVDzzaNT7DS1Yy.jpg,4901,7751,wuh_medya_ah_t6,no translation yet,0.9833,0.4993,0.5000,0.9986,1.0000
wuh_medya_aw_t1_ee884429_jpg.rf.KlZeyN96TRrN62la3LC2.jpg,4922,7770,wuh_medya_aw_t1,no translation yet,0.9746,0.4999,0.5000,0.9983,1.0000
wuh_medya_aw_t3_4d791998_jpg.rf.R0twdtNvxWQ6jHlVTIll.jpg,4924,7772,wuh_medya_aw_t3,no translation yet,0.9279,0.5060,0.5309,0.3771,0.5500
wuh_medya_ay_t1_09c0ba48_jpg.rf.zJFDhjexbBy3SqKlhmBJ.jpg,4915,7764,wuh_medya_ay_t1,no translation yet,0.9835,0.5490,0.6125,0.3338,0.3891
wuh_medya_ay_t2_0447cb5a_jpg.rf.IdzlfKZ9kdBcrGTGeY32.jpg,4916,7765,wuh_medya_ay_t2,no translation yet,0.9566,0.5000,0.4998,0.9982,0.9995
wuh_medya_ay_t5_11e0b90e_jpg.rf.t4lkW2bK9CewUfAgI4hL.jpg,4919,7768,wuh_medya_ay_t5,no translation yet,0.9212,0.5003,0.4999,0.9991,0.9999
wuh_medya_ay_t5_27190bfa_jpg.rf.9d7P7SxKjmJVDSFjiZal.jpg,4919,7768,wuh_medya_ay_t5,no translation yet,0.9239,0.5000,0.4998,0.9987,0.9993
wuh_medya_ay_t5_a36bd885_jpg.rf.aV29j2rRqUcbAvkH72hY.jpg,4919,7768,wuh_medya_ay_t5,no translation yet,0.8511,0.5236,0.5316,0.3803,0.5509
wuh_medya_ay_t6_2fbf4406_jpg.rf.FsFVb1dpFqlcWUk6jjit.jpg,4920,7769,wuh_medya_ay_t6,no translation yet,0.9141,0.4999,0.5314,0.3844,0.5498
wuh_medya_ee_t1_99fc32a1_jpg.rf.qiiWw51WP1pim0UAjm4p.jpg,4902,7752,wuh_medya_ee_t1,no translation yet,0.9358,0.4999,0.5000,0.9983,1.0000
wuh_medya_ee_t1_de7c87b1_jpg.rf.MSke34BelgvSWN1xynKs.jpg,4902,7752,wuh_medya_ee_t1,no translation yet,0.9294,0.5000,0.4999,0.9984,0.9998
wuh_medya_ee_t2_29f6ac60_jpg.rf.VO0CHBrHsd3Rfk8FMztI.jpg,4903,7753,wuh_medya_ee_t2,no translation yet,0.9182,0.5003,0.4998,0.9983,0.9992
wuh_medya_eh_t4_961dbceb_jpg.rf.CIJBIbFK2gcRqdNzAdFd.jpg,4938,7785,wuh_medya_eh_t4,no translation yet,0.9770,0.4993,0.5002,0.9982,0.9991
wuh_medya_eh_t5_28da79e2_jpg.rf.zsOtmW0E9debkX2SoZ2Y.jpg,4939,7786,wuh_medya_eh_t5,no translation yet,0.9664,0.5001,0.4999,0.9986,0.9999
wuh_medya_er_t4_5168cb34_jpg.rf.c4Svi9iEj2ZaWCDBeZuy.jpg,4912,7761,wuh_medya_er_t4,no translation yet,0.9558,0.5001,0.4992,0.9986,0.9985
wuh_medya_oh_t1_66eb190b_jpg.rf.puLJckaJbDQGOqft7v0b.jpg,4928,7776,wuh_medya_oh_t1,no translation yet,0.9754,0.5000,0.4999,0.9978,0.9994
wuh_medya_oh_t3_4907bb7b_jpg.rf.fnCE5R7rqtmovULoHwLv.jpg,4930,7778,wuh_medya_oh_t3,no translation yet,0.9424,0.5003,0.5000,0.9974,1.0000
wuh_medya_oh_t6_1470a4fd_jpg.rf.cIsje0XcN0QOpec74zE6.jpg,4934,7781,wuh_medya_oh_t6,no translation yet,0.9488,0.4998,0.5001,0.9988,0.9998
wuh_medya_oo_t2_199da0c5_jpg.rf.0ThFnT4mbPtxOng495Ck.jpg,4942,7789,wuh_medya_oo_t2,no translation yet,0.9870,0.5003,0.4998,0.9987,0.9995
wuh_medya_oo_t4_06d3c3b8_jpg.rf.QO3NuzyFjAqAuLT0ajX9.jpg,4945,7791,wuh_medya_oo_t4,no translation yet,0.7910,0.5001,0.5318,0.5680,0.5502
wuh_medya_oo_t4_16533df1_jpg.rf.qyBjqPa3dIogPycwBa6u.jpg,4945,7791,wuh_medya_oo_t4,no translation yet,0.9713,0.5000,0.4999,0.9989,0.9991
wuh_medya_u_t2_d13b520c_jpg.rf.EfWjExfMnpsxvnIZutK3.jpg,4949,7795,wuh_medya_u_t2,no translation yet,0.9787,0.5004,0.4996,0.9986,0.9993
wuh_medya_u_t5_6527ef98_jpg.rf.fxboGciUsSWMGMSBAEW7.jpg,4952,7798,wuh_medya_u_t5,no translation yet,0.9866,0.5000,0.4996,0.9988,0.9993
wuh_oh_t6_3e682f8f_jpg.rf.67RkV9rhJG71q1LUklbo.jpg,209,1241,wuh_oh_t6,no translation yet,0.9622,0.5002,0.5000,0.9985,1.0000
wuh_oo_t1_20685bf2_jpg.rf.qJaULxCMzlvMxEdtWpEK.jpg,216,1248,wuh_oo_t1,no translation yet,0.9779,0.5000,0.4997,0.9984,0.9994
wuh_oo_t5_b02f645d_jpg.rf.9Wgwd0fIn7N3bJDNMzD9.jpg,221,1252,wuh_oo_t5,no translation yet,0.9649,0.5004,0.5000,0.9981,0.9998
wuh_u_t1_3d5099aa_jpg.rf.deeqW1VlcSY2OzCyWTN7.jpg,4823,7680,wuh_medgha_a_t1,no translation yet,0.5955,0.5003,0.6127,0.2314,0.3888
wuh_u_t1_99a4f291_jpg.rf.0JwA1eNbOfwK2RXZIIag.jpg,4823,7680,wuh_medgha_a_t1,no translation yet,0.5836,0.5004,0.4991,0.9987,0.9979
wuh_u_t5_03da00ab_jpg.rf.sBAzhncwTF0zHOucLdbG.jpg,4827,7684,wuh_medgha_a_t5,no translation yet,0.7800,0.5000,0.5000,0.9980,1.0000
yuh_a_t5_685d952b_jpg.rf.3Czu5VhBvePbuFkZIGZc.jpg,9,1024,yuh_a_t5,no translation yet,0.9225,0.5233,0.4519,0.5299,0.3905
yuh_a_t6_ed03b849_jpg.rf.2gnSLlqPDg9ADY3Apszl.jpg,10,1025,yuh_a_t6,no translation yet,0.8588,0.4998,0.4998,0.9979,0.9984
yuh_ah_t3_cc3c5554_jpg.rf.kOEnMlRgZtfOqEZ0zL8F.jpg,13,1028,yuh_ah_t3,no translation yet,0.9883,0.5000,0.5005,0.9978,0.9991
yuh_ah_t4_c321ab5e_jpg.rf.7FkNUYWc8zfvRhzuh4qW.jpg,14,1029,yuh_ah_t4,no translation yet,0.9428,0.4995,0.5003,0.9965,0.9981
yuh_ah_t5_194fa830_jpg.rf.8j0wrBIW7pKai3lA0HAm.jpg,15,1030,yuh_ah_t5,no translation yet,0.8790,0.5002,0.4999,0.9987,0.9992
yuh_ah_t5_d63e6962_jpg.rf.7gbey8hpiOzlk0S8VULm.jpg,15,1030,yuh_ah_t5,no translation yet,0.8862,0.5001,0.5001,0.9989,0.9988
yuh_aw_t2_4e49d78a_jpg.rf.xY4n9vH6E69coPqYKWdS.jpg,36,1051,yuh_aw_t2,no translation yet,0.9098,0.4998,0.5001,0.9978,0.9995
yuh_ay_t1_bba62fa5_jpg.rf.9v9cKZ06MbEtD9Ys3vnb.jpg,29,1044,yuh_ay_t1,no translation yet,0.9623,0.4999,0.4997,0.9988,0.9976
yuh_ee_t2_d386ca4c_jpg.rf.SKSR2Etkhp1k068fM5QV.jpg,18,1033,yuh_ee_t2,no translation yet,0.9190,0.4998,0.4998,0.9980,0.9996
yuh_ee_t2_fede9692_jpg.rf.MJQ0rCNMwVvoLq6P8cMM.jpg,18,1033,yuh_ee_t2,no translation yet,0.9087,0.5024,0.4800,0.4893,0.3361
yuh_ee_t5_4b7324a3_jpg.rf.tCuGkZ068Pb6EuxGxzLD.jpg,21,1036,yuh_ee_t5,no translation yet,0.9440,0.5004,0.4998,0.9982,0.9992
yuh_eh_t3_7ffa2ca9_jpg.rf.rKwpHDR8OcpO2SEjq8hu.jpg,49,1064,yuh_eh_t3,no translation yet,0.9789,0.5060,0.4656,0.5284,0.3634
yuh_er_t3_6a121a4a_jpg.rf.c0iFRM5QFcp1fBTxOfba.jpg,25,1040,yuh_er_t3,no translation yet,0.8346,0.5052,0.5333,0.6292,0.2299
yuh_er_t3_feb0248d_jpg.rf.9alhUCkwfUOf0uHWqhms.jpg,25,1040,yuh_er_t3,no translation yet,0.8611,0.4995,0.5003,0.9982,0.9985
yuh_er_t4_77d651e4_jpg.rf.jfLT9lX4e3pIGJQVh5H8.jpg,26,1041,yuh_er_t4,no translation yet,0.9224,0.4991,0.5006,0.9969,0.9987
yuh_er_t5_a5b65d23_jpg.rf.NUjwmTyUZjkuGpS7yh18.jpg,27,1042,yuh_er_t5,no translation yet,0.8649,0.5230,0.4517,0.6330,0.3922
yuh_er_t6_72591ba9_jpg.rf.E5LyXsdm4ScFnVuQDD5Y.jpg,28,1043,yuh_er_t6,no translation yet,0.9252,0.4990,0.4995,0.9970,0.9989
yuh_medgha_ah_t1_7bebec5a_jpg.rf.erKl0zNPNl0t2u0AyiOY.jpg,4289,6786,yuh_medgha_ah_t1,no translation yet,0.9114,0.4998,0.4997,0.9989,0.9976
yuh_medgha_ah_t4_b466f9c5_jpg.rf.vc3F9oeHm08YftQayl48.jpg,4292,6789,yuh_medgha_ah_t4,no translation yet,0.9761,0.5003,0.5000,0.9978,0.9990
yuh_medgha_aw_t5_3528700c_jpg.rf.stUy3XTbP55DrkBsnrSc.jpg,4320,6814,yuh_medgha_aw_t5,no translation yet,0.9367,0.5001,0.5001,0.9977,0.9993
yuh_medgha_ay_t1_2e5ba755_jpg.rf.iozKk005GuTBzZ8Z8XhR.jpg,4309,6804,yuh_medgha_ay_t1,no translation yet,0.9402,0.5004,0.4991,0.9982,0.9979
yuh_medgha_ay_t3_b7da9b47_jpg.rf.2HcYLn1CqyMFaMIiAyCm.jpg,4311,6806,yuh_medgha_ay_t3,no translation yet,0.9545,0.5000,0.5001,0.9981,0.9994
yuh_medgha_ay_t4_27c4d8a2_jpg.rf.ANHP4iFnujFpLGZyJVIR.jpg,4312,6807,yuh_medgha_ay_t4,no translation yet,0.9131,0.5009,0.5311,0.5879,0.5493
yuh_medgha_ay_t4_6782626b_jpg.rf.cTkcRGuORT1ZSR6SkE7o.jpg,4312,6807,yuh_medgha_ay_t4,no translation yet,0.9337,0.5000,0.5002,0.9988,0.9993
yuh_medgha_ay_t5_4f2930b6_jpg.rf.vzIhakcQx7gZB78LTOdc.jpg,4313,6808,yuh_medgha_ay_t5,no translation yet,0.9663,0.5230,0.5312,0.5300,0.5509
yuh_medgha_ee_t4_79336229_jpg.rf.Gx7sb5jHHwIYaG9C6k5z.jpg,4299,6795,yuh_medgha_ee_t4,no translation yet,0.9855,0.5002,0.5000,0.9984,0.9990
yuh_medgha_ee_t5_acb48415_jpg.rf.euZkPRoTLzJccw1Q1TjO.jpg,4300,6796,yuh_medgha_ee_t5,no translation yet,0.8951,0.5233,0.5310,0.5299,0.5502
yuh_medgha_eh_t2_cd1787cb_jpg.rf.81m4HcELVAi8AfGZng5E.jpg,4330,6823,yuh_medgha_eh_t2,no translation yet,0.9016,0.5027,0.5451,0.4893,0.5225
yuh_medgha_eh_t5_002d9283_jpg.rf.PkRYNBGEyQPaNMejWeJu.jpg,4333,6826,yuh_medgha_eh_t5,no translation yet,0.9263,0.5000,0.4990,0.9976,0.9979
yuh_medgha_er_t5_5ef79573_jpg.rf.4SulJvOfzmF5FcJ9snjH.jpg,4307,6802,yuh_medgha_er_t5,no translation yet,0.9248,0.5005,0.5002,0.9980,0.9986
yuh_medgha_oo_t1_32a9e62a_jpg.rf.McCgoxbr0KhTeQmHro8A.jpg,4335,6828,yuh_medgha_oo_t1,no translation yet,0.9896,0.4996,0.4997,0.9981,0.9988
yuh_medgha_oo_t2_8bd5e1d4_jpg.rf.qW84yHgDTG6pRSBcTsb9.jpg,4336,6829,yuh_medgha_oo_t2,no translation yet,0.9423,0.5001,0.5001,0.9983,0.9996
yuh_medgha_oo_t3_1f9967cf_jpg.rf.HDY8HbwaARh8Plk568PK.jpg,4338,6830,yuh_medgha_oo_t3,no translation yet,0.9092,0.5001,0.4997,0.9982,0.9986
yuh_medgha_oo_t6_28d82c21_jpg.rf.cSG4gDH61QmQSqbWA8ul.jpg,4341,6833,yuh_medgha_oo_t6,no translation yet,0.8785,0.5001,0.4999,0.9982,0.9995
yuh_medgha_oo_t6_a94e7905_jpg.rf.5NbKgXJQk0ePoSmoLH2o.jpg,4341,6833,yuh_medgha_oo_t6,no translation yet,0.8829,0.5002,0.4996,0.9977,0.9986
yuh_medgha_u_t1_a8410f32_jpg.rf.M9sgTfzx5HBq5nmRI33O.jpg,4342,6834,yuh_medgha_u_t1,no translation yet,0.9356,0.5004,0.4999,0.9988,0.9990
yuh_medla_ah_t1_59896f04_jpg.rf.S4ap4JV7EvF9bzmJYPZE.jpg,4091,6606,yuh_medla_ah_t1,no translation yet,0.9080,0.5004,0.5000,0.9991,0.9993
yuh_medla_ah_t4_284ef6cc_jpg.rf.fizjrvvxLQoC1wgmjrXC.jpg,4094,6609,yuh_medla_ah_t4,no translation yet,0.9518,0.4998,0.4997,0.9978,0.9991
yuh_medla_ah_t5_57fd79a7_jpg.rf.ZNNkKgASwZ4UV7ASS3XY.jpg,4096,6610,yuh_medla_ah_t5,no translation yet,0.9452,0.5004,0.4999,0.9978,0.9989
yuh_medla_aw_t2_50651145_jpg.rf.Ey8ZArndxBET2V1fYJNq.jpg,4119,6631,yuh_medla_aw_t2,no translation yet,0.8198,0.5026,0.5352,0.5535,0.5587
yuh_medla_aw_t2_f2f8f253_jpg.rf.MkogZoGsQVYipUW5Vj86.jpg,4119,6631,yuh_medla_aw_t2,no translation yet,0.8873,0.4998,0.4996,0.9985,0.9977
yuh_medla_aw_t5_d97ef868_jpg.rf.yrjUPGaeUZYIgnxmDAxa.jpg,4122,6634,yuh_medla_aw_t5,no translation yet,0.9472,0.5002,0.4996,0.9987,0.9993
yuh_medla_ay_t2_ce23206a_jpg.rf.e4BUgExiAD54W8rHGoOj.jpg,4112,6625,yuh_medla_ay_t2,no translation yet,0.9160,0.5002,0.5000,0.9980,0.9993
yuh_medla_ay_t5_5f7637e3_jpg.rf.pJxzEqU2yVjzCWRFUBpd.jpg,4115,6628,yuh_medla_ay_t5,no translation yet,0.9308,0.5002,0.5001,0.9981,0.9988
yuh_medla_ay_t6_daea7edb_jpg.rf.CsnJ6ddnA4E0MxfDNOP7.jpg,4116,6629,yuh_medla_ay_t6,no translation yet,0.9493,0.5002,0.5000,0.9981,0.9986
yuh_medla_ee_t1_a3de53f3_jpg.rf.4ZBOPUmQdJho2bbTb27q.jpg,4098,6612,yuh_medla_ee_t1,no translation yet,0.9655,0.5000,0.4998,0.9989,0.9995
yuh_medla_ee_t2_3569e4d9_jpg.rf.o9gU91GxsQGKzFwGzncx.jpg,4099,6613,yuh_medla_ee_t2,no translation yet,0.9541,0.4999,0.5000,0.9982,0.9999
yuh_medla_ee_t3_8aab7ae2_jpg.rf.SX8MgYmxx5lB3PaoID2h.jpg,4100,6614,yuh_medla_ee_t3,no translation yet,0.9828,0.5000,0.5002,0.9984,0.9990
yuh_medla_ee_t3_c951c2de_jpg.rf.zIsPP75o88lnYJFLFCPn.jpg,4100,6614,yuh_medla_ee_t3,no translation yet,0.9832,0.5001,0.4998,0.9987,0.9996
yuh_medla_ee_t5_df1c8e86_jpg.rf.qUbPeT9XAshAIpq5py30.jpg,4102,6616,yuh_medla_ee_t5,no translation yet,0.9571,0.5004,0.4994,0.9984,0.9987
yuh_medla_eh_t2_a1bc5c0d_jpg.rf.RxRdA0nUwWwV14tI1PQ3.jpg,4132,6643,yuh_medla_eh_t2,no translation yet,0.9376,0.5000,0.5003,0.9982,0.9992
yuh_medla_eh_t2_d209447d_jpg.rf.EKtu1KFvYpenLyRnMFpU.jpg,4132,6643,yuh_medla_eh_t2,no translation yet,0.9387,0.5001,0.5001,0.9979,0.9997
yuh_medla_eh_t3_8b254dc4_jpg.rf.J0WcBv2skFMK9oQSwPXp.jpg,4133,6644,yuh_medla_eh_t3,no translation yet,0.9841,0.5004,0.5002,0.9984,0.9992
yuh_medla_oh_t3_32f2ffe4_jpg.rf.7qFqe6rvsaYzGkPfRCP0.jpg,4126,6638,yuh_medla_oh_t3,no translation yet,0.9792,0.4995,0.5002,0.9964,0.9986
yuh_medla_oh_t4_77a72274_jpg.rf.DCjSrrFaabWBWPYgIe5b.jpg,4127,6639,yuh_medla_oh_t4,no translation yet,0.9651,0.4999,0.4999,0.9985,0.9994
yuh_medla_oh_t6_d2ddef47_jpg.rf.Ys4MkyQbCcJMAOO6fTbl.jpg,4130,6641,yuh_medla_oh_t6,no translation yet,0.9159,0.4999,0.4995,0.9976,0.9988
yuh_medla_oo_t5_f1be8cea_jpg.rf.Ah8dxNmUFxtZYtR1gnHk.jpg,4142,6652,yuh_medla_oo_t5,no translation yet,0.8860,0.5229,0.5343,0.7240,0.5579
yuh_medla_oo_t6_bddc3f01_jpg.rf.NQFkaEjoN7jvM05Fbdej.jpg,4143,6653,yuh_medla_oo_t6,no translation yet,0.9590,0.5002,0.4998,0.9980,0.9994
yuh_medla_u_t4_0e5b0443_jpg.rf.e0gdJUnqXH6VRJymUw9t.jpg,4147,6657,yuh_medla_u_t4,no translation yet,0.9944,0.4998,0.5001,0.9978,0.9996
yuh_medra_a_t1_a0dbd72e_jpg.rf.J3TXT4kttnKHXAl7RM3l.jpg,4151,6660,yuh_medra_a_t1,no translation yet,0.9649,0.4999,0.5002,0.9973,0.9995
yuh_medra_a_t4_e0d6e95b_jpg.rf.y0b2j4HzRaTUlv9ZrNcg.jpg,4154,6663,yuh_medra_a_t4,no translation yet,0.9564,0.4998,0.4998,0.9974,0.9988
yuh_medra_ah_t6_8185cc39_jpg.rf.vBOTahRMmzDZvFsDrmPO.jpg,4163,6671,yuh_medra_ah_t6,no translation yet,0.8596,0.4999,0.4999,0.9983,0.9986
yuh_medra_aw_t1_8b6eeb96_jpg.rf.OG4WfPsX6ryFnsjYWWaS.jpg,4184,6690,yuh_medra_aw_t1,no translation yet,0.9418,0.4999,0.4996,0.9974,0.9979
yuh_medra_ay_t4_3646a679_jpg.rf.YJUCGwh2ZWMMKKGazsUc.jpg,4180,6687,yuh_medra_ay_t4,no translation yet,0.9717,0.5001,0.5002,0.9982,0.9990
yuh_medra_eh_t2_1534c248_jpg.rf.o06n1BG7jugEL89C1KJC.jpg,4198,6703,yuh_medra_eh_t2,no translation yet,0.8351,0.5051,0.5216,0.5596,0.5693
yuh_medra_eh_t3_e53364c0_jpg.rf.dN98HSzcN12ujdBWsxNM.jpg,4199,6704,yuh_medra_eh_t3,no translation yet,0.9681,0.4997,0.5003,0.9979,0.9985
yuh_medra_er_t5_f905c64b_jpg.rf.ACrRXYGZd1URnlOjAcrd.jpg,4175,6682,yuh_medra_er_t5,no translation yet,0.9438,0.5001,0.4999,0.9983,0.9989
yuh_medra_oh_t2_d592ecf2_jpg.rf.yJI1AgULN3o2d7FGdCLF.jpg,4191,6697,yuh_medra_oh_t2,no translation yet,0.9170,0.5004,0.4996,0.9986,0.9987
yuh_medra_oh_t5_1bdb0611_jpg.rf.g1li1tbrOqR0l22bOv3i.jpg,4195,6700,yuh_medra_oh_t5,no translation yet,0.9255,0.4998,0.5000,0.9982,0.9994
yuh_medra_oo_t1_3305b055_jpg.rf.f7IyeQeewPgvS1QDgsCZ.jpg,4203,6708,yuh_medra_oo_t1,no translation yet,0.9545,0.5002,0.5000,0.9989,1.0000
yuh_medra_oo_t4_be8b804b_jpg.rf.D8t5w82f0JNh0CLX47nb.jpg,4207,6711,yuh_medra_oo_t4,no translation yet,0.9688,0.5001,0.4998,0.9998,0.9992
yuh_medra_oo_t5_c48febc8_jpg.rf.HBAeIshQjqoO4V4iUgPW.jpg,4208,6712,yuh_medra_oo_t5,no translation yet,0.9427,0.5254,0.5217,0.7282,0.5699
yuh_medra_u_t6_3efb45e8_jpg.rf.ELbAfBiUydhnwkH1mYNP.jpg,4215,6719,yuh_medra_u_t6,no translation yet,0.8538,0.5022,0.5215,0.6772,0.5701
yuh_medwa_a_t3_a988b450_jpg.rf.YsGURWUkEnNRTT6xAqte.jpg,4219,6722,yuh_medwa_a_t3,no translation yet,0.9690,0.5001,0.5001,0.9978,0.9985
yuh_medwa_a_t5_659ec3ad_jpg.rf.Fj0V37iVcQSLmybCRq3i.jpg,4221,6724,yuh_medwa_a_t5,no translation yet,0.8826,0.5004,0.4997,0.9991,0.9991
yuh_medwa_ah_t1_9e9da637_jpg.rf.cxD6ib6oxTfLRgJv8BIN.jpg,4223,6726,yuh_medwa_ah_t1,no translation yet,0.9650,0.5003,0.5001,0.9986,0.9982
yuh_medwa_ah_t2_025fcde7_jpg.rf.8lRCHqmPG8rjGqJ2kLhN.jpg,4224,6727,yuh_medwa_ah_t2,no translation yet,0.9287,0.5000,0.5002,0.9976,0.9990
yuh_medwa_ah_t2_cc1ee597_jpg.rf.lBlraGgys3n7M8ITORTW.jpg,4224,6727,yuh_medwa_ah_t2,no translation yet,0.9063,0.5002,0.5000,0.9979,0.9989
yuh_medwa_ah_t4_ac8ccfbe_jpg.rf.QqERpnai6eMOCj5qO3hF.jpg,4226,6729,yuh_medwa_ah_t4,no translation yet,0.9494,0.4999,0.4999,0.9973,0.9986
yuh_medwa_aw_t2_5888ccd8_jpg.rf.OwegueqBgmyY9p9aavR4.jpg,4251,6751,yuh_medwa_aw_t2,no translation yet,0.6165,0.5022,0.5330,0.4897,0.5534
yuh_medwa_aw_t2_9b950428_jpg.rf.r0hbw9ERZ6SkizdXDNBa.jpg,4251,6751,yuh_medwa_aw_t2,no translation yet,0.8828,0.5000,0.5000,0.9983,0.9999
yuh_medwa_aw_t3_8f84a7a1_jpg.rf.Wpximtnci8FlC9V9cPgl.jpg,4252,6752,yuh_medwa_aw_t3,no translation yet,0.8514,0.5058,0.5326,0.5285,0.5533
yuh_medwa_aw_t5_ce7d76c4_jpg.rf.yYhTo9bVssTgsMSXu9id.jpg,4254,6754,yuh_medwa_aw_t5,no translation yet,0.9472,0.4999,0.5001,0.9976,0.9989
yuh_medwa_aw_t6_6de4fb1c_jpg.rf.Gnp94hxkhiIGYdomuzZM.jpg,4255,6755,yuh_medwa_aw_t6,no translation yet,0.9734,0.5001,0.4997,0.9981,0.9989
yuh_medwa_ay_t1_bcc1bd6f_jpg.rf.nCUeXKEPAATC6Td1zZaA.jpg,4243,6744,yuh_medwa_ay_t1,no translation yet,0.8792,0.5003,0.4994,0.9984,0.9985
yuh_medwa_ay_t1_f9e4dc37_jpg.rf.aMfEX2g3d0CpcviXytZh.jpg,4243,6744,yuh_medwa_ay_t1,no translation yet,0.8858,0.5001,0.4997,0.9980,0.9995
yuh_medwa_ay_t4_5a4bcc48_jpg.rf.IxLsjyMqoANPTYKh7ngC.jpg,4246,6747,yuh_medwa_ay_t4,no translation yet,0.9509,0.4999,0.5000,0.9987,0.9990
yuh_medwa_ay_t5_f848aba9_jpg.rf.ACTopWrE7HRqa4CTc9B8.jpg,4247,6748,yuh_medwa_ay_t5,no translation yet,0.9093,0.5001,0.5001,0.9982,0.9995
yuh_medwa_ay_t6_d8ad9505_jpg.rf.40qxtle6FOS9ngbBySji.jpg,4248,6749,yuh_medwa_ay_t6,no translation yet,0.9213,0.5001,0.4993,0.9980,0.9977
yuh_medwa_ee_t1_7b1b343d_jpg.rf.rJPMOpFRlOPo2acShENC.jpg,4230,6732,yuh_medwa_ee_t1,no translation yet,0.9751,0.4999,0.5000,0.9984,0.9999
yuh_medwa_ee_t3_dffd2cd5_jpg.rf.ASd7aPmNmjkYGxuR2iLH.jpg,4232,6734,yuh_medwa_ee_t3,no translation yet,0.9580,0.5001,0.5001,0.9985,0.9993
yuh_medwa_eh_t3_1e4e5a51_jpg.rf.OyuCOIAfssn7FIbCpe7T.jpg,4265,6764,yuh_medwa_eh_t3,no translation yet,0.9346,0.5056,0.5464,0.5286,0.5251
yuh_medwa_eh_t5_703fc7a0_jpg.rf.rSWNBBuCwrbObDvUr2ju.jpg,4267,6766,yuh_medwa_eh_t5,no translation yet,0.8703,0.5002,0.4992,0.9980,0.9975
yuh_medwa_eh_t6_7baa512c_jpg.rf.voXyKi7JepfTYay8oA3r.jpg,4268,6767,yuh_medwa_eh_t6,no translation yet,0.9343,0.4998,0.4993,0.9978,0.9972
yuh_medwa_er_t1_fd68fa28_jpg.rf.4p1UywhSNtEmd4pUMiDR.jpg,4236,6738,yuh_medwa_er_t1,no translation yet,0.9211,0.5003,0.5003,0.9980,0.9988
yuh_medwa_er_t3_87d84e84_jpg.rf.L45dHES99PzfMITQVysq.jpg,4239,6740,yuh_medwa_er_t3,no translation yet,0.9365,0.5054,0.6137,0.6291,0.3905
yuh_medwa_oh_t1_520c5650_jpg.rf.GaxD4bK8cB4xtR5r865k.jpg,4256,6756,yuh_medwa_oh_t1,no translation yet,0.9676,0.5000,0.5000,0.9983,0.9994
yuh_medwa_oh_t2_3b7693b5_jpg.rf.UPsR91CKV6niB9L05HoE.jpg,4257,6757,yuh_medwa_oh_t2,no translation yet,0.9331,0.4999,0.4999,0.9978,0.9994
yuh_medwa_oh_t3_0f7227b0_jpg.rf.oFIdSOH36XDUfZU1f71V.jpg,4258,6758,yuh_medwa_oh_t3,no translation yet,0.7502,0.5056,0.5323,0.5288,0.5537
yuh_medwa_oh_t4_163b0209_jpg.rf.brUNbzCDTIYbbLW26nKY.jpg,4259,6759,yuh_medwa_oh_t4,no translation yet,0.7778,0.5003,0.5325,0.5892,0.5525
yuh_medwa_oh_t5_65c36051_jpg.rf.44fYOS8f7lTguy1NxTtg.jpg,4261,6760,yuh_medwa_oh_t5,no translation yet,0.8707,0.5232,0.5327,0.5298,0.5535
yuh_medwa_oh_t6_6b5f4146_jpg.rf.s4UtFkOMzafC8zfsy1R0.jpg,4262,6761,yuh_medwa_oh_t6,no translation yet,0.9395,0.5001,0.4999,0.9980,0.9986
yuh_medwa_oo_t4_f64471ed_jpg.rf.g0lZnxTAJdIJRck0bhAi.jpg,4273,6771,yuh_medwa_oo_t4,no translation yet,0.9964,0.5000,0.5001,0.9989,0.9998
yuh_medwa_oo_t6_4714c167_jpg.rf.wPQRe4dA4JzcbeK1ikZM.jpg,4275,6773,yuh_medwa_oo_t6,no translation yet,0.9628,0.5000,0.5000,0.9977,0.9993
yuh_medwa_u_t1_28af304e_jpg.rf.5hKQSvlgLutxM7SiGajX.jpg,4276,6774,yuh_medwa_u_t1,no translation yet,0.9217,0.5003,0.4995,0.9984,0.9986
yuh_medwa_u_t1_f8dde6c6_jpg.rf.kwUnCysNWuBk42e7iGUI.jpg,4276,6774,yuh_medwa_u_t1,no translation yet,0.9174,0.5006,0.4996,0.9988,0.9992
yuh_medwa_u_t4_3d112728_jpg.rf.3sqrwwLJEwxqfp9eF3T6.jpg,4279,6777,yuh_medwa_u_t4,no translation yet,0.9786,0.4998,0.5001,0.9980,0.9992
yuh_medwa_u_t4_6934d3f4_jpg.rf.ucnsNY4YFgTw1adZhVQt.jpg,4279,6777,yuh_medwa_u_t4,no translation yet,0.9108,0.5005,0.5326,0.6612,0.5521
yuh_medwa_u_t6_7c98a841_jpg.rf.BXcENLQROYCBw2mbg7wd.jpg,4281,6779,yuh_medwa_u_t6,no translation yet,0.9145,0.5002,0.4996,0.9980,0.9982
yuh_medya_a_t2_2314f9f1_jpg.rf.SnjyTrRWHHevZ2oq7YrY.jpg,4350,6841,yuh_medya_a_t2,no translation yet,0.8957,0.5000,0.5000,0.9975,0.9998
yuh_medya_a_t5_239ed36f_jpg.rf.AUjWefPrFquqEXRyrorW.jpg,4353,6844,yuh_medya_a_t5,no translation yet,0.8980,0.5001,0.4997,0.9979,0.9994
yuh_medya_a_t6_2be1d59e_jpg.rf.wqnMNCtYz03h3gUy7TdV.jpg,4354,6845,yuh_medya_a_t6,no translation yet,0.8969,0.4999,0.5310,0.5361,0.5498
yuh_medya_ah_t4_f2c65867_jpg.rf.6j931YlQB0N2dvdnK6JW.jpg,4358,6849,yuh_medya_ah_t4,no translation yet,0.9772,0.5004,0.4997,0.9974,0.9978
yuh_medya_aw_t1_02dd59c8_jpg.rf.Cijn54AbfsWyD0jKl2ve.jpg,4382,6870,yuh_medya_aw_t1,no translation yet,0.9703,0.5000,0.4999,0.9982,0.9997
yuh_medya_aw_t4_7ca7b314_jpg.rf.byHIOX4cxkiNEJvNyAuv.jpg,4385,6873,yuh_medya_aw_t4,no translation yet,0.9795,0.5000,0.4998,0.9978,0.9973
yuh_medya_aw_t5_9000e4e2_jpg.rf.79MsPOR7Ud1gQAzf8w72.jpg,4386,6874,yuh_medya_aw_t5,no translation yet,0.9851,0.5002,0.5000,0.9984,0.9992
yuh_medya_aw_t6_da9ee6cb_jpg.rf.SYcwpK7NrnbtmhSoBoMW.jpg,4387,6875,yuh_medya_aw_t6,no translation yet,0.9691,0.5002,0.5003,0.9979,0.9994
yuh_medya_ee_t5_ba0350aa_jpg.rf.6WJlLtJBNIG9iAAsUXA8.jpg,4366,6856,yuh_medya_ee_t5,no translation yet,0.9487,0.5004,0.5001,0.9980,0.9998
yuh_medya_ee_t6_d58c5650_jpg.rf.3x5NmjZ2IOHnZZWG2Lw2.jpg,4367,6857,yuh_medya_ee_t6,no translation yet,0.9544,0.5000,0.5000,0.9982,0.9993
yuh_medya_eh_t2_73dd2777_jpg.rf.3YG03gr4i5IPSzKoqZQQ.jpg,4396,6883,yuh_medya_eh_t2,no translation yet,0.9762,0.5000,0.5001,0.9981,0.9999
yuh_medya_eh_t5_7441349a_jpg.rf.xQ1QMItpYH48u8uuuFvR.jpg,4399,6886,yuh_medya_eh_t5,no translation yet,0.9521,0.4998,0.4994,0.9983,0.9978
yuh_medya_eh_t6_a533f761_jpg.rf.lLxW0NcVtQxtsETvUdg4.jpg,4400,6887,yuh_medya_eh_t6,no translation yet,0.9614,0.4995,0.5305,0.5352,0.5504
yuh_medya_er_t1_c54f2dca_jpg.rf.8G3FyLJbUdNA0U3DNXrs.jpg,4368,6858,yuh_medya_er_t1,no translation yet,0.7893,0.4997,0.6121,0.4816,0.3882
yuh_medya_er_t2_99d54e87_jpg.rf.fODlXtmWIKTqm5dPIJow.jpg,4369,6859,yuh_medya_er_t2,no translation yet,0.9885,0.5001,0.5000,0.9983,1.0000
yuh_medya_er_t6_9e31732f_jpg.rf.WcH9AHb7TDO9cgSoIeMh.jpg,4374,6863,yuh_medya_er_t6,no translation yet,0.9591,0.5001,0.4997,0.9979,0.9994
yuh_medya_oh_t1_13b6a30f_jpg.rf.kkVRui0LZpoDWtuZBhro.jpg,4388,6876,yuh_medya_oh_t1,no translation yet,0.9715,0.5002,0.5001,0.9982,0.9997
yuh_medya_oh_t3_9b55b4a0_jpg.rf.49Gt0YUz8tENBAQnmbu3.jpg,4390,6878,yuh_medya_oh_t3,no translation yet,0.9865,0.5000,0.4998,0.9979,0.9987
yuh_medya_oh_t5_1303b650_jpg.rf.jyZqErddR3L69d2Chubf.jpg,4393,6880,yuh_medya_oh_t5,no translation yet,0.9925,0.5004,0.5000,0.9981,0.9998
yuh_medya_oh_t6_2dc10278_jpg.rf.B4oVoXGxcvIJ2i7Afen9.jpg,4394,6881,yuh_medya_oh_t6,no translation yet,0.9042,0.4999,0.5002,0.9978,0.9991
yuh_medya_oh_t6_bfea8657_jpg.rf.AZ0ig4ghlWDR1SnPlLmy.jpg,4394,6881,yuh_medya_oh_t6,no translation yet,0.8582,0.4997,0.5308,0.5355,0.5497
yuh_medya_oo_t1_df7b59b0_jpg.rf.uwqHc2FFtLOfaJq5PSac.jpg,4401,6888,yuh_medya_oo_t1,no translation yet,0.9849,0.5005,0.4997,0.9987,0.9994
yuh_medya_oo_t5_d0954cdd_jpg.rf.x9J4UTt8A2Dq7ymn9rj6.jpg,4406,6892,yuh_medya_oo_t5,no translation yet,0.9655,0.5003,0.4996,0.9983,0.9992
yuh_medya_u_t4_98bc8a6d_jpg.rf.CIp7uxMHrMOWQKQ29Lpl.jpg,4411,6897,yuh_medya_u_t4,no translation yet,0.9880,0.5001,0.5000,0.9982,0.9992
yuh_medya_u_t5_4a9769c6_jpg.rf.NrRkhlXCqIAFhgloHFFN.jpg,4412,6898,yuh_medya_u_t5,no translation yet,0.9379,0.5236,0.5308,0.6026,0.5500
yuh_oh_t2_3b77755b_jpg.rf.aeVS1bLHHSHZ2ftGzx20.jpg,42,1057,yuh_oh_t2,no translation yet,0.9428,0.5021,0.4520,0.4896,0.3909
yuh_oh_t3_e6c44d22_jpg.rf.oUf7X8LRFt13Nj3jmZE3.jpg,43,1058,yuh_oh_t3,no translation yet,0.9638,0.4999,0.5008,0.9975,0.9985
yuh_oh_t4_391a10b6_jpg.rf.oDdeQAb0c5tST06YnMyt.jpg,44,1059,yuh_oh_t4,no translation yet,0.9679,0.4999,0.4999,0.9981,0.9982
yuh_oh_t5_9ba364a1_jpg.rf.Uv9405zgf0Jyx4Kk0wGv.jpg,45,1060,yuh_oh_t5,no translation yet,0.9552,0.5001,0.5001,0.9983,0.9997
yuh_oo_t4_286f6309_jpg.rf.idgsmTWneT6OEeYAYkQS.jpg,56,1071,yuh_oo_t4,no translation yet,0.9103,0.5002,0.5002,0.9986,0.9994
yuh_u_t2_84e32cca_jpg.rf.oX2jmvNgtcTeKgbfxgn1.jpg,4284,6781,yuh_medgha_a_t2,no translation yet,0.5629,0.5025,0.6124,0.4898,0.3884
yuh_u_t6_b20908bc_jpg.rf.T3m4R3YHZhWYFmYlAt66.jpg,4288,6785,yuh_medgha_a_t6,no translation yet,0.6173,0.4995,0.5312,0.5352,0.5503
